Id,Label,Layer,Layer_Seq,Addr
_cgo_2b3a270d8ee9_Cfunc__Cmalloc,_cgo_2b3a270d8ee9_Cfunc__Cmalloc,go_cgo_bridge,L1_001,00000000019d1090
_cgo_2b3a270d8ee9_Cfunc_compiler_name,_cgo_2b3a270d8ee9_Cfunc_compiler_name,go_cgo_bridge,L1_002,00000000019d10d0
_cgo_2b3a270d8ee9_Cfunc_first_feature,_cgo_2b3a270d8ee9_Cfunc_first_feature,go_cgo_bridge,L1_003,00000000019d1100
_cgo_2b3a270d8ee9_Cfunc_free,_cgo_2b3a270d8ee9_Cfunc_free,go_cgo_bridge,L1_004,00000000019d1130
_cgo_2b3a270d8ee9_Cfunc_ggml_backend_dev_backend_reg,_cgo_2b3a270d8ee9_Cfunc_ggml_backend_dev_backend_reg,go_cgo_bridge,L1_005,00000000019d1140
_cgo_2b3a270d8ee9_Cfunc_ggml_backend_dev_count,_cgo_2b3a270d8ee9_Cfunc_ggml_backend_dev_count,go_cgo_bridge,L1_006,00000000019d1170
_cgo_2b3a270d8ee9_Cfunc_ggml_backend_dev_get,_cgo_2b3a270d8ee9_Cfunc_ggml_backend_dev_get,go_cgo_bridge,L1_007,00000000019d11a0
_cgo_2b3a270d8ee9_Cfunc_ggml_backend_load_all_from_path,_cgo_2b3a270d8ee9_Cfunc_ggml_backend_load_all_from_path,go_cgo_bridge,L1_008,00000000019d11d0
_cgo_2b3a270d8ee9_Cfunc_ggml_backend_reg_get_proc_address,_cgo_2b3a270d8ee9_Cfunc_ggml_backend_reg_get_proc_address,go_cgo_bridge,L1_009,00000000019d11e0
_cgo_2b3a270d8ee9_Cfunc_ggml_backend_reg_name,_cgo_2b3a270d8ee9_Cfunc_ggml_backend_reg_name,go_cgo_bridge,L1_010,00000000019d1210
_cgo_2b3a270d8ee9_Cfunc_ggml_log_set,_cgo_2b3a270d8ee9_Cfunc_ggml_log_set,go_cgo_bridge,L1_011,00000000019d1240
_cgo_2b3a270d8ee9_Cfunc_next_feature,_cgo_2b3a270d8ee9_Cfunc_next_feature,go_cgo_bridge,L1_012,00000000019d1250
_cgo_3900fab0f406_Cfunc__Cmalloc,_cgo_3900fab0f406_Cfunc__Cmalloc,go_cgo_bridge,L1_013,000000000188d6d0
_cgo_3900fab0f406_Cfunc_cudart_bootstrap,_cgo_3900fab0f406_Cfunc_cudart_bootstrap,go_cgo_bridge,L1_014,000000000188d710
_cgo_3900fab0f406_Cfunc_cudart_init,_cgo_3900fab0f406_Cfunc_cudart_init,go_cgo_bridge,L1_015,000000000188d760
_cgo_3900fab0f406_Cfunc_cudart_release,_cgo_3900fab0f406_Cfunc_cudart_release,go_cgo_bridge,L1_016,000000000188d770
_cgo_3900fab0f406_Cfunc_free,_cgo_3900fab0f406_Cfunc_free,go_cgo_bridge,L1_017,000000000188d7b0
_cgo_3900fab0f406_Cfunc_nvcuda_bootstrap,_cgo_3900fab0f406_Cfunc_nvcuda_bootstrap,go_cgo_bridge,L1_018,000000000188d7c0
_cgo_3900fab0f406_Cfunc_nvcuda_get_free,_cgo_3900fab0f406_Cfunc_nvcuda_get_free,go_cgo_bridge,L1_019,000000000188d820
_cgo_3900fab0f406_Cfunc_nvcuda_init,_cgo_3900fab0f406_Cfunc_nvcuda_init,go_cgo_bridge,L1_020,000000000188d880
_cgo_3900fab0f406_Cfunc_nvcuda_release,_cgo_3900fab0f406_Cfunc_nvcuda_release,go_cgo_bridge,L1_021,000000000188d890
_cgo_3900fab0f406_Cfunc_nvml_get_free,_cgo_3900fab0f406_Cfunc_nvml_get_free,go_cgo_bridge,L1_022,000000000188d8f0
_cgo_3900fab0f406_Cfunc_nvml_init,_cgo_3900fab0f406_Cfunc_nvml_init,go_cgo_bridge,L1_023,000000000188d930
_cgo_3900fab0f406_Cfunc_nvml_release,_cgo_3900fab0f406_Cfunc_nvml_release,go_cgo_bridge,L1_024,000000000188d940
_cgo_3900fab0f406_Cfunc_oneapi_check_vram,_cgo_3900fab0f406_Cfunc_oneapi_check_vram,go_cgo_bridge,L1_025,000000000188d970
_cgo_3900fab0f406_Cfunc_oneapi_get_device_count,_cgo_3900fab0f406_Cfunc_oneapi_get_device_count,go_cgo_bridge,L1_026,000000000188d9d0
_cgo_3900fab0f406_Cfunc_oneapi_init,_cgo_3900fab0f406_Cfunc_oneapi_init,go_cgo_bridge,L1_027,000000000188da40
_cgo_3900fab0f406_Cfunc_oneapi_release,_cgo_3900fab0f406_Cfunc_oneapi_release,go_cgo_bridge,L1_028,000000000188da50
_cgo_77133bf98b3a_C2func_getaddrinfo,_cgo_77133bf98b3a_C2func_getaddrinfo,go_cgo_bridge,L1_029,00000000018772e0
_cgo_77133bf98b3a_C2func_getnameinfo,_cgo_77133bf98b3a_C2func_getnameinfo,go_cgo_bridge,L1_030,0000000001877220
_cgo_77133bf98b3a_Cfunc__Cmalloc,_cgo_77133bf98b3a_Cfunc__Cmalloc,go_cgo_bridge,L1_031,00000000018771e0
_cgo_77133bf98b3a_Cfunc_free,_cgo_77133bf98b3a_Cfunc_free,go_cgo_bridge,L1_032,0000000001877340
_cgo_77133bf98b3a_Cfunc_freeaddrinfo,_cgo_77133bf98b3a_Cfunc_freeaddrinfo,go_cgo_bridge,L1_033,0000000001877350
_cgo_77133bf98b3a_Cfunc_gai_strerror,_cgo_77133bf98b3a_Cfunc_gai_strerror,go_cgo_bridge,L1_034,0000000001877360
_cgo_77133bf98b3a_Cfunc_getaddrinfo,_cgo_77133bf98b3a_Cfunc_getaddrinfo,go_cgo_bridge,L1_035,0000000001877390
_cgo_77133bf98b3a_Cfunc_getnameinfo,_cgo_77133bf98b3a_Cfunc_getnameinfo,go_cgo_bridge,L1_036,0000000001877290
_cgo_77133bf98b3a_Cfunc_res_search,_cgo_77133bf98b3a_Cfunc_res_search,go_cgo_bridge,L1_037,00000000018773d0
_cgo_8a15e6a9007d_Cfunc__Cmalloc,_cgo_8a15e6a9007d_Cfunc__Cmalloc,go_cgo_bridge,L1_038,0000000001a54110
_cgo_8a15e6a9007d_Cfunc_free,_cgo_8a15e6a9007d_Cfunc_free,go_cgo_bridge,L1_039,0000000001a54150
_cgo_8a15e6a9007d_Cfunc_ggml_add,_cgo_8a15e6a9007d_Cfunc_ggml_add,go_cgo_bridge,L1_040,0000000001a54160
_cgo_8a15e6a9007d_Cfunc_ggml_backend_alloc_ctx_tensors_from_buft,_cgo_8a15e6a9007d_Cfunc_ggml_backend_alloc_ctx_tensors_from_buft,go_cgo_bridge,L1_041,0000000001a541a0
_cgo_8a15e6a9007d_Cfunc_ggml_backend_buffer_get_base,_cgo_8a15e6a9007d_Cfunc_ggml_backend_buffer_get_base,go_cgo_bridge,L1_042,0000000001a541d0
_cgo_8a15e6a9007d_Cfunc_ggml_backend_buffer_get_size,_cgo_8a15e6a9007d_Cfunc_ggml_backend_buffer_get_size,go_cgo_bridge,L1_043,0000000001a54200
_cgo_8a15e6a9007d_Cfunc_ggml_backend_buffer_name,_cgo_8a15e6a9007d_Cfunc_ggml_backend_buffer_name,go_cgo_bridge,L1_044,0000000001a54230
_cgo_8a15e6a9007d_Cfunc_ggml_backend_buffer_set_usage,_cgo_8a15e6a9007d_Cfunc_ggml_backend_buffer_set_usage,go_cgo_bridge,L1_045,0000000001a54260
_cgo_8a15e6a9007d_Cfunc_ggml_backend_buft_alloc_buffer,_cgo_8a15e6a9007d_Cfunc_ggml_backend_buft_alloc_buffer,go_cgo_bridge,L1_046,0000000001a54270
_cgo_8a15e6a9007d_Cfunc_ggml_backend_buft_get_alignment,_cgo_8a15e6a9007d_Cfunc_ggml_backend_buft_get_alignment,go_cgo_bridge,L1_047,0000000001a542a0
_cgo_8a15e6a9007d_Cfunc_ggml_backend_buft_get_alloc_size,_cgo_8a15e6a9007d_Cfunc_ggml_backend_buft_get_alloc_size,go_cgo_bridge,L1_048,0000000001a542d0
_cgo_8a15e6a9007d_Cfunc_ggml_backend_buft_name,_cgo_8a15e6a9007d_Cfunc_ggml_backend_buft_name,go_cgo_bridge,L1_049,0000000001a54300
_cgo_8a15e6a9007d_Cfunc_ggml_backend_cpu_set_n_threads,_cgo_8a15e6a9007d_Cfunc_ggml_backend_cpu_set_n_threads,go_cgo_bridge,L1_050,0000000001a54330
_cgo_8a15e6a9007d_Cfunc_ggml_backend_dev_buffer_type,_cgo_8a15e6a9007d_Cfunc_ggml_backend_dev_buffer_type,go_cgo_bridge,L1_051,0000000001a54340
_cgo_8a15e6a9007d_Cfunc_ggml_backend_dev_by_type,_cgo_8a15e6a9007d_Cfunc_ggml_backend_dev_by_type,go_cgo_bridge,L1_052,0000000001a54370
_cgo_8a15e6a9007d_Cfunc_ggml_backend_dev_count,_cgo_8a15e6a9007d_Cfunc_ggml_backend_dev_count,go_cgo_bridge,L1_053,0000000001a543a0
_cgo_8a15e6a9007d_Cfunc_ggml_backend_dev_get,_cgo_8a15e6a9007d_Cfunc_ggml_backend_dev_get,go_cgo_bridge,L1_054,0000000001a543d0
_cgo_8a15e6a9007d_Cfunc_ggml_backend_dev_host_buffer_type,_cgo_8a15e6a9007d_Cfunc_ggml_backend_dev_host_buffer_type,go_cgo_bridge,L1_055,0000000001a54400
_cgo_8a15e6a9007d_Cfunc_ggml_backend_dev_init,_cgo_8a15e6a9007d_Cfunc_ggml_backend_dev_init,go_cgo_bridge,L1_056,0000000001a54430
_cgo_8a15e6a9007d_Cfunc_ggml_backend_dev_memory,_cgo_8a15e6a9007d_Cfunc_ggml_backend_dev_memory,go_cgo_bridge,L1_057,0000000001a54460
_cgo_8a15e6a9007d_Cfunc_ggml_backend_dev_type,_cgo_8a15e6a9007d_Cfunc_ggml_backend_dev_type,go_cgo_bridge,L1_058,0000000001a54470
_cgo_8a15e6a9007d_Cfunc_ggml_backend_get_default_buffer_type,_cgo_8a15e6a9007d_Cfunc_ggml_backend_get_default_buffer_type,go_cgo_bridge,L1_059,0000000001a544a0
_cgo_8a15e6a9007d_Cfunc_ggml_backend_get_device,_cgo_8a15e6a9007d_Cfunc_ggml_backend_get_device,go_cgo_bridge,L1_060,0000000001a544d0
_cgo_8a15e6a9007d_Cfunc_ggml_backend_is_cpu,_cgo_8a15e6a9007d_Cfunc_ggml_backend_is_cpu,go_cgo_bridge,L1_061,0000000001a54500
_cgo_8a15e6a9007d_Cfunc_ggml_backend_name,_cgo_8a15e6a9007d_Cfunc_ggml_backend_name,go_cgo_bridge,L1_062,0000000001a54530
_cgo_8a15e6a9007d_Cfunc_ggml_backend_sched_graph_compute_async,_cgo_8a15e6a9007d_Cfunc_ggml_backend_sched_graph_compute_async,go_cgo_bridge,L1_063,0000000001a54560
_cgo_8a15e6a9007d_Cfunc_ggml_backend_sched_new,_cgo_8a15e6a9007d_Cfunc_ggml_backend_sched_new,go_cgo_bridge,L1_064,0000000001a54590
_cgo_8a15e6a9007d_Cfunc_ggml_backend_sched_reset,_cgo_8a15e6a9007d_Cfunc_ggml_backend_sched_reset,go_cgo_bridge,L1_065,0000000001a545d0
_cgo_8a15e6a9007d_Cfunc_ggml_backend_sched_synchronize,_cgo_8a15e6a9007d_Cfunc_ggml_backend_sched_synchronize,go_cgo_bridge,L1_066,0000000001a545e0
_cgo_8a15e6a9007d_Cfunc_ggml_backend_tensor_alloc,_cgo_8a15e6a9007d_Cfunc_ggml_backend_tensor_alloc,go_cgo_bridge,L1_067,0000000001a545f0
_cgo_8a15e6a9007d_Cfunc_ggml_backend_tensor_get,_cgo_8a15e6a9007d_Cfunc_ggml_backend_tensor_get,go_cgo_bridge,L1_068,0000000001a54600
_cgo_8a15e6a9007d_Cfunc_ggml_backend_tensor_set,_cgo_8a15e6a9007d_Cfunc_ggml_backend_tensor_set,go_cgo_bridge,L1_069,0000000001a54620
_cgo_8a15e6a9007d_Cfunc_ggml_build_forward_expand,_cgo_8a15e6a9007d_Cfunc_ggml_build_forward_expand,go_cgo_bridge,L1_070,0000000001a54640
_cgo_8a15e6a9007d_Cfunc_ggml_cast,_cgo_8a15e6a9007d_Cfunc_ggml_cast,go_cgo_bridge,L1_071,0000000001a54650
_cgo_8a15e6a9007d_Cfunc_ggml_concat,_cgo_8a15e6a9007d_Cfunc_ggml_concat,go_cgo_bridge,L1_072,0000000001a54690
_cgo_8a15e6a9007d_Cfunc_ggml_cont,_cgo_8a15e6a9007d_Cfunc_ggml_cont,go_cgo_bridge,L1_073,0000000001a546d0
_cgo_8a15e6a9007d_Cfunc_ggml_conv_2d,_cgo_8a15e6a9007d_Cfunc_ggml_conv_2d,go_cgo_bridge,L1_074,0000000001a54700
_cgo_8a15e6a9007d_Cfunc_ggml_cpy,_cgo_8a15e6a9007d_Cfunc_ggml_cpy,go_cgo_bridge,L1_075,0000000001a54760
_cgo_8a15e6a9007d_Cfunc_ggml_flash_attn_ext,_cgo_8a15e6a9007d_Cfunc_ggml_flash_attn_ext,go_cgo_bridge,L1_076,0000000001a547a0
_cgo_8a15e6a9007d_Cfunc_ggml_flash_attn_ext_set_prec,_cgo_8a15e6a9007d_Cfunc_ggml_flash_attn_ext_set_prec,go_cgo_bridge,L1_077,0000000001a547f0
_cgo_8a15e6a9007d_Cfunc_ggml_free,_cgo_8a15e6a9007d_Cfunc_ggml_free,go_cgo_bridge,L1_078,0000000001a54800
_cgo_8a15e6a9007d_Cfunc_ggml_gelu_inplace,_cgo_8a15e6a9007d_Cfunc_ggml_gelu_inplace,go_cgo_bridge,L1_079,0000000001a54810
_cgo_8a15e6a9007d_Cfunc_ggml_get_first_tensor,_cgo_8a15e6a9007d_Cfunc_ggml_get_first_tensor,go_cgo_bridge,L1_080,0000000001a54840
_cgo_8a15e6a9007d_Cfunc_ggml_get_name,_cgo_8a15e6a9007d_Cfunc_ggml_get_name,go_cgo_bridge,L1_081,0000000001a54870
_cgo_8a15e6a9007d_Cfunc_ggml_get_next_tensor,_cgo_8a15e6a9007d_Cfunc_ggml_get_next_tensor,go_cgo_bridge,L1_082,0000000001a548a0
_cgo_8a15e6a9007d_Cfunc_ggml_get_rows,_cgo_8a15e6a9007d_Cfunc_ggml_get_rows,go_cgo_bridge,L1_083,0000000001a548d0
_cgo_8a15e6a9007d_Cfunc_ggml_get_tensor,_cgo_8a15e6a9007d_Cfunc_ggml_get_tensor,go_cgo_bridge,L1_084,0000000001a54910
_cgo_8a15e6a9007d_Cfunc_ggml_graph_overhead_custom,_cgo_8a15e6a9007d_Cfunc_ggml_graph_overhead_custom,go_cgo_bridge,L1_085,0000000001a54940
_cgo_8a15e6a9007d_Cfunc_ggml_init,_cgo_8a15e6a9007d_Cfunc_ggml_init,go_cgo_bridge,L1_086,0000000001a54970
_cgo_8a15e6a9007d_Cfunc_ggml_is_quantized,_cgo_8a15e6a9007d_Cfunc_ggml_is_quantized,go_cgo_bridge,L1_087,0000000001a549c0
_cgo_8a15e6a9007d_Cfunc_ggml_mul,_cgo_8a15e6a9007d_Cfunc_ggml_mul,go_cgo_bridge,L1_088,0000000001a549f0
_cgo_8a15e6a9007d_Cfunc_ggml_mul_mat,_cgo_8a15e6a9007d_Cfunc_ggml_mul_mat,go_cgo_bridge,L1_089,0000000001a54a30
_cgo_8a15e6a9007d_Cfunc_ggml_mul_mat_set_prec,_cgo_8a15e6a9007d_Cfunc_ggml_mul_mat_set_prec,go_cgo_bridge,L1_090,0000000001a54a70
_cgo_8a15e6a9007d_Cfunc_ggml_nbytes,_cgo_8a15e6a9007d_Cfunc_ggml_nbytes,go_cgo_bridge,L1_092,0000000001a54ab0
_cgo_8a15e6a9007d_Cfunc_ggml_n_dims,_cgo_8a15e6a9007d_Cfunc_ggml_n_dims,go_cgo_bridge,L1_091,0000000001a54a80
_cgo_8a15e6a9007d_Cfunc_ggml_nelements,_cgo_8a15e6a9007d_Cfunc_ggml_nelements,go_cgo_bridge,L1_093,0000000001a54ae0
_cgo_8a15e6a9007d_Cfunc_ggml_new_graph_custom,_cgo_8a15e6a9007d_Cfunc_ggml_new_graph_custom,go_cgo_bridge,L1_094,0000000001a54b10
_cgo_8a15e6a9007d_Cfunc_ggml_new_tensor,_cgo_8a15e6a9007d_Cfunc_ggml_new_tensor,go_cgo_bridge,L1_095,0000000001a54b50
_cgo_8a15e6a9007d_Cfunc_ggml_norm,_cgo_8a15e6a9007d_Cfunc_ggml_norm,go_cgo_bridge,L1_096,0000000001a54b90
_cgo_8a15e6a9007d_Cfunc_ggml_pad,_cgo_8a15e6a9007d_Cfunc_ggml_pad,go_cgo_bridge,L1_097,0000000001a54bd0
_cgo_8a15e6a9007d_Cfunc_ggml_permute,_cgo_8a15e6a9007d_Cfunc_ggml_permute,go_cgo_bridge,L1_098,0000000001a54c10
_cgo_8a15e6a9007d_Cfunc_ggml_pool_2d,_cgo_8a15e6a9007d_Cfunc_ggml_pool_2d,go_cgo_bridge,L1_099,0000000001a54c50
_cgo_8a15e6a9007d_Cfunc_ggml_reshape_1d,_cgo_8a15e6a9007d_Cfunc_ggml_reshape_1d,go_cgo_bridge,L1_100,0000000001a54cb0
_cgo_8a15e6a9007d_Cfunc_ggml_reshape_2d,_cgo_8a15e6a9007d_Cfunc_ggml_reshape_2d,go_cgo_bridge,L1_101,0000000001a54cf0
_cgo_8a15e6a9007d_Cfunc_ggml_reshape_3d,_cgo_8a15e6a9007d_Cfunc_ggml_reshape_3d,go_cgo_bridge,L1_102,0000000001a54d30
_cgo_8a15e6a9007d_Cfunc_ggml_reshape_4d,_cgo_8a15e6a9007d_Cfunc_ggml_reshape_4d,go_cgo_bridge,L1_103,0000000001a54d70
_cgo_8a15e6a9007d_Cfunc_ggml_rms_norm,_cgo_8a15e6a9007d_Cfunc_ggml_rms_norm,go_cgo_bridge,L1_104,0000000001a54db0
_cgo_8a15e6a9007d_Cfunc_ggml_rope_ext,_cgo_8a15e6a9007d_Cfunc_ggml_rope_ext,go_cgo_bridge,L1_105,0000000001a54df0
_cgo_8a15e6a9007d_Cfunc_ggml_scale,_cgo_8a15e6a9007d_Cfunc_ggml_scale,go_cgo_bridge,L1_106,0000000001a54e60
_cgo_8a15e6a9007d_Cfunc_ggml_set_1d,_cgo_8a15e6a9007d_Cfunc_ggml_set_1d,go_cgo_bridge,L1_107,0000000001a54ea0
_cgo_8a15e6a9007d_Cfunc_ggml_set_2d,_cgo_8a15e6a9007d_Cfunc_ggml_set_2d,go_cgo_bridge,L1_108,0000000001a54ee0
_cgo_8a15e6a9007d_Cfunc_ggml_set_name,_cgo_8a15e6a9007d_Cfunc_ggml_set_name,go_cgo_bridge,L1_109,0000000001a54f20
_cgo_8a15e6a9007d_Cfunc_ggml_set_zero,_cgo_8a15e6a9007d_Cfunc_ggml_set_zero,go_cgo_bridge,L1_110,0000000001a54f50
_cgo_8a15e6a9007d_Cfunc_ggml_silu_inplace,_cgo_8a15e6a9007d_Cfunc_ggml_silu_inplace,go_cgo_bridge,L1_111,0000000001a54f80
_cgo_8a15e6a9007d_Cfunc_ggml_soft_max,_cgo_8a15e6a9007d_Cfunc_ggml_soft_max,go_cgo_bridge,L1_112,0000000001a54fb0
_cgo_8a15e6a9007d_Cfunc_ggml_soft_max_ext,_cgo_8a15e6a9007d_Cfunc_ggml_soft_max_ext,go_cgo_bridge,L1_113,0000000001a54fe0
_cgo_8a15e6a9007d_Cfunc_ggml_tanh_inplace,_cgo_8a15e6a9007d_Cfunc_ggml_tanh_inplace,go_cgo_bridge,L1_114,0000000001a55020
_cgo_8a15e6a9007d_Cfunc_ggml_tensor_overhead,_cgo_8a15e6a9007d_Cfunc_ggml_tensor_overhead,go_cgo_bridge,L1_115,0000000001a55050
_cgo_8a15e6a9007d_Cfunc_ggml_type_name,_cgo_8a15e6a9007d_Cfunc_ggml_type_name,go_cgo_bridge,L1_116,0000000001a55080
_cgo_8a15e6a9007d_Cfunc_ggml_unpad,_cgo_8a15e6a9007d_Cfunc_ggml_unpad,go_cgo_bridge,L1_117,0000000001a550b0
_cgo_8a15e6a9007d_Cfunc_ggml_view_1d,_cgo_8a15e6a9007d_Cfunc_ggml_view_1d,go_cgo_bridge,L1_118,0000000001a550f0
_cgo_8a15e6a9007d_Cfunc_ggml_view_2d,_cgo_8a15e6a9007d_Cfunc_ggml_view_2d,go_cgo_bridge,L1_119,0000000001a55130
_cgo_8a15e6a9007d_Cfunc_ggml_view_3d,_cgo_8a15e6a9007d_Cfunc_ggml_view_3d,go_cgo_bridge,L1_120,0000000001a55170
_cgo_8a15e6a9007d_Cfunc_ggml_view_4d,_cgo_8a15e6a9007d_Cfunc_ggml_view_4d,go_cgo_bridge,L1_121,0000000001a551c0
_cgo_8aa400f2462b_Cfunc_clip_free,_cgo_8aa400f2462b_Cfunc_clip_free,go_cgo_bridge,L1_123,00000000018783a0
_cgo_8aa400f2462b_Cfunc_clip_model_load,_cgo_8aa400f2462b_Cfunc_clip_model_load,go_cgo_bridge,L1_124,00000000018783b0
_cgo_8aa400f2462b_Cfunc_clip_n_mmproj_embd,_cgo_8aa400f2462b_Cfunc_clip_n_mmproj_embd,go_cgo_bridge,L1_125,00000000018783e0
_cgo_8aa400f2462b_Cfunc__Cmalloc,_cgo_8aa400f2462b_Cfunc__Cmalloc,go_cgo_bridge,L1_122,0000000001878330
_cgo_8aa400f2462b_Cfunc_common_sampler_caccept,_cgo_8aa400f2462b_Cfunc_common_sampler_caccept,go_cgo_bridge,L1_126,0000000001878410
_cgo_8aa400f2462b_Cfunc_common_sampler_cfree,_cgo_8aa400f2462b_Cfunc_common_sampler_cfree,go_cgo_bridge,L1_127,0000000001878420
_cgo_8aa400f2462b_Cfunc_common_sampler_cinit,_cgo_8aa400f2462b_Cfunc_common_sampler_cinit,go_cgo_bridge,L1_128,0000000001878430
_cgo_8aa400f2462b_Cfunc_common_sampler_creset,_cgo_8aa400f2462b_Cfunc_common_sampler_creset,go_cgo_bridge,L1_129,0000000001878460
_cgo_8aa400f2462b_Cfunc_common_sampler_csample,_cgo_8aa400f2462b_Cfunc_common_sampler_csample,go_cgo_bridge,L1_130,0000000001878470
_cgo_8aa400f2462b_Cfunc_free,_cgo_8aa400f2462b_Cfunc_free,go_cgo_bridge,L1_131,00000000018784b0
_cgo_8aa400f2462b_Cfunc_gguf_find_key,_cgo_8aa400f2462b_Cfunc_gguf_find_key,go_cgo_bridge,L1_132,00000000018784c0
_cgo_8aa400f2462b_Cfunc_gguf_free,_cgo_8aa400f2462b_Cfunc_gguf_free,go_cgo_bridge,L1_133,00000000018784f0
_cgo_8aa400f2462b_Cfunc_gguf_get_val_str,_cgo_8aa400f2462b_Cfunc_gguf_get_val_str,go_cgo_bridge,L1_134,0000000001878500
_cgo_8aa400f2462b_Cfunc_gguf_init_from_file,_cgo_8aa400f2462b_Cfunc_gguf_init_from_file,go_cgo_bridge,L1_135,0000000001878530
_cgo_8aa400f2462b_Cfunc_llama_adapter_lora_init,_cgo_8aa400f2462b_Cfunc_llama_adapter_lora_init,go_cgo_bridge,L1_136,0000000001878570
_cgo_8aa400f2462b_Cfunc_llama_backend_init,_cgo_8aa400f2462b_Cfunc_llama_backend_init,go_cgo_bridge,L1_137,00000000018785a0
_cgo_8aa400f2462b_Cfunc_llama_batch_free,_cgo_8aa400f2462b_Cfunc_llama_batch_free,go_cgo_bridge,L1_138,00000000018785b0
_cgo_8aa400f2462b_Cfunc_llama_batch_init,_cgo_8aa400f2462b_Cfunc_llama_batch_init,go_cgo_bridge,L1_139,00000000018785f0
_cgo_8aa400f2462b_Cfunc_llama_context_default_params,_cgo_8aa400f2462b_Cfunc_llama_context_default_params,go_cgo_bridge,L1_140,0000000001878670
_cgo_8aa400f2462b_Cfunc_llama_decode,_cgo_8aa400f2462b_Cfunc_llama_decode,go_cgo_bridge,L1_141,0000000001878720
_cgo_8aa400f2462b_Cfunc_llama_free_vocab,_cgo_8aa400f2462b_Cfunc_llama_free_vocab,go_cgo_bridge,L1_142,0000000001878780
_cgo_8aa400f2462b_Cfunc_llama_get_embeddings_ith,_cgo_8aa400f2462b_Cfunc_llama_get_embeddings_ith,go_cgo_bridge,L1_143,0000000001878790
_cgo_8aa400f2462b_Cfunc_llama_get_embeddings_seq,_cgo_8aa400f2462b_Cfunc_llama_get_embeddings_seq,go_cgo_bridge,L1_144,00000000018787c0
_cgo_8aa400f2462b_Cfunc_llama_get_model,_cgo_8aa400f2462b_Cfunc_llama_get_model,go_cgo_bridge,L1_145,00000000018787f0
_cgo_8aa400f2462b_Cfunc_llama_init_from_model,_cgo_8aa400f2462b_Cfunc_llama_init_from_model,go_cgo_bridge,L1_146,0000000001878820
_cgo_8aa400f2462b_Cfunc_llama_kv_cache_can_shift,_cgo_8aa400f2462b_Cfunc_llama_kv_cache_can_shift,go_cgo_bridge,L1_147,00000000018788b0
_cgo_8aa400f2462b_Cfunc_llama_kv_cache_clear,_cgo_8aa400f2462b_Cfunc_llama_kv_cache_clear,go_cgo_bridge,L1_148,00000000018788e0
_cgo_8aa400f2462b_Cfunc_llama_kv_cache_defrag,_cgo_8aa400f2462b_Cfunc_llama_kv_cache_defrag,go_cgo_bridge,L1_149,00000000018788f0
_cgo_8aa400f2462b_Cfunc_llama_kv_cache_seq_add,_cgo_8aa400f2462b_Cfunc_llama_kv_cache_seq_add,go_cgo_bridge,L1_150,0000000001878900
_cgo_8aa400f2462b_Cfunc_llama_kv_cache_seq_cp,_cgo_8aa400f2462b_Cfunc_llama_kv_cache_seq_cp,go_cgo_bridge,L1_151,0000000001878920
_cgo_8aa400f2462b_Cfunc_llama_kv_cache_seq_rm,_cgo_8aa400f2462b_Cfunc_llama_kv_cache_seq_rm,go_cgo_bridge,L1_152,0000000001878940
_cgo_8aa400f2462b_Cfunc_llama_load_vocab_from_file,_cgo_8aa400f2462b_Cfunc_llama_load_vocab_from_file,go_cgo_bridge,L1_153,0000000001878980
_cgo_8aa400f2462b_Cfunc_llama_log_set,_cgo_8aa400f2462b_Cfunc_llama_log_set,go_cgo_bridge,L1_154,00000000018789b0
_cgo_8aa400f2462b_Cfunc_llama_model_default_params,_cgo_8aa400f2462b_Cfunc_llama_model_default_params,go_cgo_bridge,L1_155,00000000018789c0
_cgo_8aa400f2462b_Cfunc_llama_model_free,_cgo_8aa400f2462b_Cfunc_llama_model_free,go_cgo_bridge,L1_156,0000000001878a40
_cgo_8aa400f2462b_Cfunc_llama_model_get_vocab,_cgo_8aa400f2462b_Cfunc_llama_model_get_vocab,go_cgo_bridge,L1_157,0000000001878a50
_cgo_8aa400f2462b_Cfunc_llama_model_load_from_file,_cgo_8aa400f2462b_Cfunc_llama_model_load_from_file,go_cgo_bridge,L1_158,0000000001878a80
_cgo_8aa400f2462b_Cfunc_llama_model_n_embd,_cgo_8aa400f2462b_Cfunc_llama_model_n_embd,go_cgo_bridge,L1_159,0000000001878ae0
_cgo_8aa400f2462b_Cfunc_llama_model_quantize,_cgo_8aa400f2462b_Cfunc_llama_model_quantize,go_cgo_bridge,L1_160,0000000001878b10
_cgo_8aa400f2462b_Cfunc_llama_model_quantize_default_params,_cgo_8aa400f2462b_Cfunc_llama_model_quantize_default_params,go_cgo_bridge,L1_161,0000000001878b50
_cgo_8aa400f2462b_Cfunc_llama_sampler_accept,_cgo_8aa400f2462b_Cfunc_llama_sampler_accept,go_cgo_bridge,L1_162,0000000001878bc0
_cgo_8aa400f2462b_Cfunc_llama_sampler_apply,_cgo_8aa400f2462b_Cfunc_llama_sampler_apply,go_cgo_bridge,L1_163,0000000001878bd0
_cgo_8aa400f2462b_Cfunc_llama_sampler_init_grammar,_cgo_8aa400f2462b_Cfunc_llama_sampler_init_grammar,go_cgo_bridge,L1_164,0000000001878be0
_cgo_8aa400f2462b_Cfunc_llama_set_adapter_lora,_cgo_8aa400f2462b_Cfunc_llama_set_adapter_lora,go_cgo_bridge,L1_165,0000000001878c20
_cgo_8aa400f2462b_Cfunc_llama_set_cross_attention,_cgo_8aa400f2462b_Cfunc_llama_set_cross_attention,go_cgo_bridge,L1_166,0000000001878c60
_cgo_8aa400f2462b_Cfunc_llama_synchronize,_cgo_8aa400f2462b_Cfunc_llama_synchronize,go_cgo_bridge,L1_167,0000000001878c70
_cgo_8aa400f2462b_Cfunc_llama_tokenize,_cgo_8aa400f2462b_Cfunc_llama_tokenize,go_cgo_bridge,L1_169,0000000001878cc0
_cgo_8aa400f2462b_Cfunc_llama_token_to_piece,_cgo_8aa400f2462b_Cfunc_llama_token_to_piece,go_cgo_bridge,L1_168,0000000001878c80
_cgo_8aa400f2462b_Cfunc_llama_vocab_get_add_bos,_cgo_8aa400f2462b_Cfunc_llama_vocab_get_add_bos,go_cgo_bridge,L1_170,0000000001878d10
_cgo_8aa400f2462b_Cfunc_llama_vocab_is_eog,_cgo_8aa400f2462b_Cfunc_llama_vocab_is_eog,go_cgo_bridge,L1_171,0000000001878d40
_cgo_8aa400f2462b_Cfunc_llama_vocab_n_tokens,_cgo_8aa400f2462b_Cfunc_llama_vocab_n_tokens,go_cgo_bridge,L1_172,0000000001878d70
_cgo_8aa400f2462b_Cfunc_llava_image_embed_free,_cgo_8aa400f2462b_Cfunc_llava_image_embed_free,go_cgo_bridge,L1_173,0000000001878da0
_cgo_8aa400f2462b_Cfunc_llava_image_embed_make_with_bytes,_cgo_8aa400f2462b_Cfunc_llava_image_embed_make_with_bytes,go_cgo_bridge,L1_174,0000000001878db0
_cgo_8aa400f2462b_Cfunc_mllama_free,_cgo_8aa400f2462b_Cfunc_mllama_free,go_cgo_bridge,L1_175,0000000001878df0
_cgo_8aa400f2462b_Cfunc_mllama_image_encode,_cgo_8aa400f2462b_Cfunc_mllama_image_encode,go_cgo_bridge,L1_176,0000000001878e00
_cgo_8aa400f2462b_Cfunc_mllama_image_free,_cgo_8aa400f2462b_Cfunc_mllama_image_free,go_cgo_bridge,L1_177,0000000001878e40
_cgo_8aa400f2462b_Cfunc_mllama_image_init,_cgo_8aa400f2462b_Cfunc_mllama_image_init,go_cgo_bridge,L1_178,0000000001878e50
_cgo_8aa400f2462b_Cfunc_mllama_image_load_from_data,_cgo_8aa400f2462b_Cfunc_mllama_image_load_from_data,go_cgo_bridge,L1_179,0000000001878e80
_cgo_8aa400f2462b_Cfunc_mllama_model_load,_cgo_8aa400f2462b_Cfunc_mllama_model_load,go_cgo_bridge,L1_180,0000000001878ed0
_cgo_8aa400f2462b_Cfunc_mllama_n_embd,_cgo_8aa400f2462b_Cfunc_mllama_n_embd,go_cgo_bridge,L1_181,0000000001878f00
_cgo_8aa400f2462b_Cfunc_mllama_n_positions,_cgo_8aa400f2462b_Cfunc_mllama_n_positions,go_cgo_bridge,L1_182,0000000001878f30
_cgo_8aa400f2462b_Cfunc_mllama_n_tiles,_cgo_8aa400f2462b_Cfunc_mllama_n_tiles,go_cgo_bridge,L1_183,0000000001878f60
_cgo_8aa400f2462b_Cfunc_schema_to_grammar,_cgo_8aa400f2462b_Cfunc_schema_to_grammar,go_cgo_bridge,L1_184,0000000001878f90
_cgo_8aa400f2462b_Cmacro_NULL,_cgo_8aa400f2462b_Cmacro_NULL,go_cgo_bridge,L1_185,0000000001878370
_cgo_bdbee25190be_Cfunc_mygetgrgid_r,_cgo_bdbee25190be_Cfunc_mygetgrgid_r,go_cgo_bridge,L1_186,0000000001877ef0
_cgo_bdbee25190be_Cfunc_mygetgrnam_r,_cgo_bdbee25190be_Cfunc_mygetgrnam_r,go_cgo_bridge,L1_187,0000000001877f90
_cgo_bdbee25190be_Cfunc_mygetgrouplist,_cgo_bdbee25190be_Cfunc_mygetgrouplist,go_cgo_bridge,L1_188,00000000018781c0
_cgo_bdbee25190be_Cfunc_mygetpwnam_r,_cgo_bdbee25190be_Cfunc_mygetpwnam_r,go_cgo_bridge,L1_189,0000000001878030
_cgo_bdbee25190be_Cfunc_mygetpwuid_r,_cgo_bdbee25190be_Cfunc_mygetpwuid_r,go_cgo_bridge,L1_190,00000000018780e0
_cgo_bdbee25190be_Cfunc_sysconf,_cgo_bdbee25190be_Cfunc_sysconf,go_cgo_bridge,L1_191,0000000001878190
_cgoexp_2b3a270d8ee9_sink,_cgoexp_2b3a270d8ee9_sink,go_cgo_bridge,L1_211,0000000000aa60c0
_cgoexp_8aa400f2462b_llamaLog,_cgoexp_8aa400f2462b_llamaLog,go_cgo_bridge,L1_212,0000000000ab3200
_cgoexp_8aa400f2462b_llamaProgressCallback,_cgoexp_8aa400f2462b_llamaProgressCallback,go_cgo_bridge,L1_213,0000000000ab3260
_cgo_get_context_function,_cgo_get_context_function,go_cgo_bridge,L1_192,0000000001877760
_cgo_get_symbolizer_function,_cgo_get_symbolizer_function,go_cgo_bridge,L1_193,0000000001877770
_cgo_get_traceback_function,_cgo_get_traceback_function,go_cgo_bridge,L1_194,0000000001877720
_cgo_libc_setegid,_cgo_libc_setegid,go_cgo_bridge,L1_195,0000000001877d40
_cgo_libc_seteuid,_cgo_libc_seteuid,go_cgo_bridge,L1_196,0000000001877d70
_cgo_libc_setgid,_cgo_libc_setgid,go_cgo_bridge,L1_197,0000000001877da0
_cgo_libc_setgroups,_cgo_libc_setgroups,go_cgo_bridge,L1_198,0000000001877dd0
_cgo_libc_setregid,_cgo_libc_setregid,go_cgo_bridge,L1_199,0000000001877e00
_cgo_libc_setresgid,_cgo_libc_setresgid,go_cgo_bridge,L1_200,0000000001877e30
_cgo_libc_setresuid,_cgo_libc_setresuid,go_cgo_bridge,L1_201,0000000001877e60
_cgo_libc_setreuid,_cgo_libc_setreuid,go_cgo_bridge,L1_202,0000000001877e90
_cgo_libc_setuid,_cgo_libc_setuid,go_cgo_bridge,L1_203,0000000001877ec0
_cgo_panic,_cgo_panic,go_cgo_bridge,L1_204,0000000000631c60
_cgo_release_context,_cgo_release_context,go_cgo_bridge,L1_205,0000000001877440
_cgo_set_stacklo,_cgo_set_stacklo,go_cgo_bridge,L1_206,0000000001877650
_cgo_sys_thread_start,_cgo_sys_thread_start,go_cgo_bridge,L1_207,0000000001877970
_cgo_topofstack,_cgo_topofstack,go_cgo_bridge,L1_208,00000000004c12e0
_cgo_try_pthread_create,_cgo_try_pthread_create,go_cgo_bridge,L1_209,00000000018777b0
_cgo_wait_runtime_init_done,_cgo_wait_runtime_init_done,go_cgo_bridge,L1_210,0000000001877570
common_sampler_caccept,common_sampler_caccept,llama_api,L2_050,000000000187e640
common_sampler_cfree,common_sampler_cfree,llama_api,L2_051,000000000187e620
common_sampler_cinit,common_sampler_cinit,llama_api,L2_052,000000000187e6a0
common_sampler_cinit.cold,common_sampler_cinit.cold,llama_api,L2_053,000000000040c24d
common_sampler_creset,common_sampler_creset,llama_api,L2_056,000000000187e630
common_sampler_csample,common_sampler_csample,llama_api,L2_057,000000000187e650
encoding/asn1.appendTimeCommon,encoding/asn1.appendTimeCommon,ggml_ops,L6_016,00000000007bd460
encoding/gob.(*CommonType).id,encoding/gob.(*CommonType).id,ggml_ops,L6_017,0000000000d56bc0
encoding/gob.(*CommonType).name,encoding/gob.(*CommonType).name,ggml_ops,L6_018,0000000000d56ca0
encoding/gob.(*CommonType).safeString,encoding/gob.(*CommonType).safeString,ggml_ops,L6_019,0000000000d56c60
encoding/gob.(*CommonType).setId,encoding/gob.(*CommonType).setId,ggml_ops,L6_020,0000000000d56c00
encoding/gob.(*CommonType).string,encoding/gob.(*CommonType).string,ggml_ops,L6_021,0000000000d56c20
ggml_abort,ggml_abort,ggml_ops,L6_026,00000000019eb140
ggml_abs,ggml_abs,ggml_ops,L6_027,00000000019f2470
ggml_abs_inplace,ggml_abs_inplace,ggml_ops,L6_028,00000000019f2590
ggml_acc,ggml_acc,ggml_ops,L6_029,00000000019ed9e0
ggml_acc_impl,ggml_acc_impl,ggml_ops,L6_030,00000000019ece50
ggml_acc_inplace,ggml_acc_inplace,ggml_ops,L6_031,00000000019eda00
ggml_add,ggml_add,ggml_ops,L6_032,00000000019ed860
ggml_add1,ggml_add1,ggml_ops,L6_033,00000000019ed9c0
ggml_add1_impl,ggml_add1_impl,ggml_ops,L6_034,00000000019ecd70
ggml_add1_inplace,ggml_add1_inplace,ggml_ops,L6_035,00000000019ed9d0
ggml_add1_or_set,ggml_add1_or_set,ggml_ops,L6_036,00000000019f3330
ggml_add_cast,ggml_add_cast,ggml_ops,L6_037,00000000019ed900
ggml_add_impl.part.0,ggml_add_impl.part.0,ggml_ops,L6_038,00000000019eb3f0
ggml_add_inplace,ggml_add_inplace,ggml_ops,L6_039,00000000019ed8b0
ggml_add_or_set,ggml_add_or_set,ggml_ops,L6_040,00000000019f3510
ggml_add_rel_pos,ggml_add_rel_pos,ggml_ops,L6_041,00000000019f1df0
ggml_add_rel_pos_impl,ggml_add_rel_pos_impl,ggml_ops,L6_042,00000000019ed4b0
ggml_add_rel_pos_inplace,ggml_add_rel_pos_inplace,ggml_ops,L6_043,00000000019f1e00
ggml_aligned_free,ggml_aligned_free,ggml_ops,L6_044,00000000019eb760
ggml_aligned_malloc,ggml_aligned_malloc,ggml_ops,L6_045,00000000019eb670
ggml_arange,ggml_arange,ggml_ops,L6_046,00000000019f1130
ggml_are_same_shape,ggml_are_same_shape,ggml_ops,L6_047,00000000019ec390
ggml_are_same_stride,ggml_are_same_stride,ggml_ops,L6_048,00000000019ec3c0
ggml_argmax,ggml_argmax,ggml_ops,L6_049,00000000019ede60
ggml_argsort,ggml_argsort,ggml_ops,L6_050,00000000019f1200
ggml_backend_alloc_buffer,ggml_backend_alloc_buffer,ggml_backend,L5_005,00000000019fd710
ggml_backend_alloc_ctx_tensors,ggml_backend_alloc_ctx_tensors,ggml_backend,L5_006,00000000019d2e00
ggml_backend_alloc_ctx_tensors_from_buft,ggml_backend_alloc_ctx_tensors_from_buft,ggml_backend,L5_007,00000000019d2c20
ggml_backend_buffer_clear,ggml_backend_buffer_clear,ggml_backend,L5_008,00000000019fcb10
ggml_backend_buffer_copy_tensor,ggml_backend_buffer_copy_tensor,ggml_backend,L5_009,00000000019fccc0
ggml_backend_buffer_free,ggml_backend_buffer_free,ggml_backend,L5_010,00000000019fca20
ggml_backend_buffer_get_alignment,ggml_backend_buffer_get_alignment,ggml_backend,L5_011,00000000019fcbb0
ggml_backend_buffer_get_alloc_size,ggml_backend_buffer_get_alloc_size,ggml_backend,L5_012,00000000019fcbf0
ggml_backend_buffer_get_base,ggml_backend_buffer_get_base,ggml_backend,L5_013,00000000019fcaa0
ggml_backend_buffer_get_max_size,ggml_backend_buffer_get_max_size,ggml_backend,L5_014,00000000019fcbd0
ggml_backend_buffer_get_size,ggml_backend_buffer_get_size,ggml_backend,L5_015,00000000019fca90
ggml_backend_buffer_get_type,ggml_backend_buffer_get_type,ggml_backend,L5_016,00000000019fcb80
ggml_backend_buffer_get_usage,ggml_backend_buffer_get_usage,ggml_backend,L5_017,00000000019fcb70
ggml_backend_buffer_init,ggml_backend_buffer_init,ggml_backend,L5_018,00000000019fc8a0
ggml_backend_buffer_init_tensor,ggml_backend_buffer_init_tensor,ggml_backend,L5_019,00000000019fcaf0
ggml_backend_buffer_is_host,ggml_backend_buffer_is_host,ggml_backend,L5_020,00000000019fcc10
ggml_backend_buffer_is_multi_buffer,ggml_backend_buffer_is_multi_buffer,ggml_backend,L5_021,00000000019fdcf0
ggml_backend_buffer_name,ggml_backend_buffer_name,ggml_backend,L5_022,00000000019fcb90
ggml_backend_buffer_reset,ggml_backend_buffer_reset,ggml_backend,L5_023,00000000019fcca0
ggml_backend_buffer_set_usage,ggml_backend_buffer_set_usage,ggml_backend,L5_024,00000000019fdd60
ggml_backend_buft_alloc_buffer,ggml_backend_buft_alloc_buffer,ggml_backend,L5_025,00000000019fc900
ggml_backend_buft_get_alignment,ggml_backend_buft_get_alignment,ggml_backend,L5_026,00000000019fc820
ggml_backend_buft_get_alloc_size,ggml_backend_buft_get_alloc_size,ggml_backend,L5_027,00000000019fc850
ggml_backend_buft_get_device,ggml_backend_buft_get_device,ggml_backend,L5_028,00000000019fc890
ggml_backend_buft_get_max_size,ggml_backend_buft_get_max_size,ggml_backend,L5_029,00000000019fc830
ggml_backend_buft_is_host,ggml_backend_buft_is_host,ggml_backend,L5_030,00000000019fc870
ggml_backend_buft_name,ggml_backend_buft_name,ggml_backend,L5_031,00000000019fc810
ggml_backend_compare_graph_backend,ggml_backend_compare_graph_backend,ggml_backend,L5_032,0000000001a009f0
ggml_backend_cpu_buffer_from_ptr,ggml_backend_cpu_buffer_from_ptr,ggml_backend,L5_043,0000000001a00b70
ggml_backend_cpu_buffer_type,ggml_backend_cpu_buffer_type,ggml_backend,L5_049,0000000001a00b60
ggml_backend_cpu_init,ggml_backend_cpu_init,ggml_backend,L5_074,0000000001a530d0
ggml_backend_cpu_init.cold,ggml_backend_cpu_init.cold,ggml_backend,L5_075,0000000000422468
ggml_backend_cpu_reg,ggml_backend_cpu_reg,ggml_backend,L5_076,0000000001a530b0
ggml_backend_cpu_set_abort_callback,ggml_backend_cpu_set_abort_callback,ggml_backend,L5_081,0000000001a52ed0
ggml_backend_cpu_set_n_threads,ggml_backend_cpu_set_n_threads,ggml_backend,L5_082,0000000001a52e30
ggml_backend_cpu_set_threadpool,ggml_backend_cpu_set_threadpool,ggml_backend,L5_083,0000000001a52e70
ggml_backend_dev_backend_reg,ggml_backend_dev_backend_reg,ggml_backend,L5_084,00000000019fd6d0
ggml_backend_dev_buffer_from_host_ptr,ggml_backend_dev_buffer_from_host_ptr,ggml_backend,L5_085,00000000019fd790
ggml_backend_dev_buffer_type,ggml_backend_dev_buffer_type,ggml_backend,L5_086,00000000019fd6f0
ggml_backend_dev_by_name,ggml_backend_dev_by_name,ggml_backend,L5_087,00000000019f8800
ggml_backend_dev_by_type,ggml_backend_dev_by_type,ggml_backend,L5_088,00000000019f88f0
ggml_backend_dev_count,ggml_backend_dev_count,ggml_backend,L5_089,00000000019f8790
ggml_backend_dev_description,ggml_backend_dev_description,ggml_backend,L5_090,00000000019fd680
ggml_backend_dev_get,ggml_backend_dev_get,ggml_backend,L5_091,00000000019f87b0
ggml_backend_dev_get_props,ggml_backend_dev_get_props,ggml_backend,L5_092,00000000019fd6b0
ggml_backend_dev_host_buffer_type,ggml_backend_dev_host_buffer_type,ggml_backend,L5_093,00000000019fd770
ggml_backend_device_register,ggml_backend_device_register,ggml_backend,L5_101,00000000019f89a0
ggml_backend_dev_init,ggml_backend_dev_init,ggml_backend,L5_094,00000000019fd6e0
ggml_backend_dev_memory,ggml_backend_dev_memory,ggml_backend,L5_095,00000000019fd690
ggml_backend_dev_name,ggml_backend_dev_name,ggml_backend,L5_096,00000000019fd670
ggml_backend_dev_offload_op,ggml_backend_dev_offload_op,ggml_backend,L5_097,00000000019fd960
ggml_backend_dev_supports_buft,ggml_backend_dev_supports_buft,ggml_backend,L5_098,00000000019fd7c0
ggml_backend_dev_supports_op,ggml_backend_dev_supports_op,ggml_backend,L5_099,00000000019fd7a0
ggml_backend_dev_type,ggml_backend_dev_type,ggml_backend,L5_100,00000000019fd6a0
ggml_backend_event_free,ggml_backend_event_free,ggml_backend,L5_102,00000000019fd5a0
ggml_backend_event_new,ggml_backend_event_new,ggml_backend,L5_103,00000000019fd580
ggml_backend_event_record,ggml_backend_event_record,ggml_backend,L5_104,00000000019fd5c0
ggml_backend_event_synchronize,ggml_backend_event_synchronize,ggml_backend,L5_105,00000000019fd600
ggml_backend_event_wait,ggml_backend_event_wait,ggml_backend,L5_106,00000000019fd640
ggml_backend_free,ggml_backend_free,ggml_backend,L5_107,00000000019fcd40
ggml_backend_get_alignment,ggml_backend_get_alignment,ggml_backend,L5_108,00000000019fd730
ggml_backend_get_default_buffer_type,ggml_backend_get_default_buffer_type,ggml_backend,L5_109,00000000019fd700
ggml_backend_get_device,ggml_backend_get_device,ggml_backend,L5_110,00000000019fd350
ggml_backend_get_max_size,ggml_backend_get_max_size,ggml_backend,L5_111,00000000019fd750
ggml_backend_graph_compute,ggml_backend_graph_compute,sched_compute,L4_005,00000000019fd320
ggml_backend_graph_compute_async,ggml_backend_graph_compute_async,sched_compute,L4_006,00000000019fd310
ggml_backend_graph_copy,ggml_backend_graph_copy,ggml_backend,L5_112,0000000001a00700
ggml_backend_graph_copy_free,ggml_backend_graph_copy_free,ggml_backend,L5_113,0000000001a009c0
ggml_backend_graph_plan_compute,ggml_backend_graph_plan_compute,sched_compute,L4_007,00000000019fd2e0
ggml_backend_graph_plan_create,ggml_backend_graph_plan_create,sched_compute,L4_008,00000000019fd280
ggml_backend_graph_plan_free,ggml_backend_graph_plan_free,sched_compute,L4_009,00000000019fd2b0
ggml_backend_guid,ggml_backend_guid,ggml_backend,L5_114,00000000019fcd00
ggml_backend_init_best,ggml_backend_init_best,ggml_backend,L5_115,00000000019f8960
ggml_backend_init_by_name,ggml_backend_init_by_name,ggml_backend,L5_116,00000000019f88c0
ggml_backend_init_by_type,ggml_backend_init_by_type,ggml_backend,L5_117,00000000019f8930
ggml_backend_is_cpu,ggml_backend_is_cpu,ggml_backend,L5_118,0000000001a52e10
ggml_backend_load,ggml_backend_load,ggml_backend,L5_119,00000000019f8da0
ggml_backend_load_all,ggml_backend_load_all,ggml_backend,L5_121,00000000019fb290
ggml_backend_load_all_from_path,ggml_backend_load_all_from_path,ggml_backend,L5_122,00000000019fb1b0
ggml_backend_load.cold,ggml_backend_load.cold,ggml_backend,L5_120,000000000041f2f4
ggml_backend_multi_buffer_alloc_buffer,ggml_backend_multi_buffer_alloc_buffer,ggml_backend,L5_125,00000000019fdc00
ggml_backend_multi_buffer_set_usage,ggml_backend_multi_buffer_set_usage,ggml_backend,L5_128,00000000019fdd00
ggml_backend_name,ggml_backend_name,ggml_backend,L5_129,00000000019fcd20
ggml_backend_offload_op,ggml_backend_offload_op,ggml_backend,L5_130,00000000019fd980
ggml_backend_reg_by_name,ggml_backend_reg_by_name,ggml_backend,L5_131,00000000019f86d0
ggml_backend_reg_count,ggml_backend_reg_count,ggml_backend,L5_132,00000000019f8670
ggml_backend_reg_dev_count,ggml_backend_reg_dev_count,ggml_backend,L5_133,00000000019fdbc0
ggml_backend_reg_dev_get,ggml_backend_reg_dev_get,ggml_backend,L5_134,00000000019fdbd0
ggml_backend_reg_get,ggml_backend_reg_get,ggml_backend,L5_135,00000000019f8690
ggml_backend_reg_get_proc_address,ggml_backend_reg_get_proc_address,ggml_backend,L5_136,00000000019fdbe0
ggml_backend_register,ggml_backend_register,ggml_backend,L5_138,00000000019f8e70
ggml_backend_register.cold,ggml_backend_register.cold,ggml_backend,L5_139,000000000041f34e
ggml_backend_reg_name,ggml_backend_reg_name,ggml_backend,L5_137,00000000019fdbb0
ggml_backend_sched_alloc_graph,ggml_backend_sched_alloc_graph,sched_compute,L4_010,00000000019ffea0
ggml_backend_sched_free,ggml_backend_sched_free,sched_compute,L4_014,00000000019fdd90
ggml_backend_sched_get_backend,ggml_backend_sched_get_backend,sched_compute,L4_015,00000000019fe320
ggml_backend_sched_get_buffer_size,ggml_backend_sched_get_buffer_size,sched_compute,L4_016,00000000019fe360
ggml_backend_sched_get_n_backends,ggml_backend_sched_get_n_backends,sched_compute,L4_017,00000000019fe310
ggml_backend_sched_get_n_copies,ggml_backend_sched_get_n_copies,sched_compute,L4_018,00000000019fe300
ggml_backend_sched_get_n_splits,ggml_backend_sched_get_n_splits,sched_compute,L4_019,00000000019fe2f0
ggml_backend_sched_get_tensor_backend,ggml_backend_sched_get_tensor_backend,sched_compute,L4_020,00000000019fe440
ggml_backend_sched_graph_compute,ggml_backend_sched_graph_compute,sched_compute,L4_021,0000000001a00420
ggml_backend_sched_graph_compute_async,ggml_backend_sched_graph_compute_async,sched_compute,L4_022,0000000001a00020
ggml_backend_sched_new,ggml_backend_sched_new,sched_compute,L4_023,00000000019fdf20
ggml_backend_sched_reserve,ggml_backend_sched_reserve,sched_compute,L4_024,00000000019ffe20
ggml_backend_sched_reset,ggml_backend_sched_reset,sched_compute,L4_025,00000000019fdeb0
ggml_backend_sched_set_eval_callback,ggml_backend_sched_set_eval_callback,sched_compute,L4_026,00000000019fe2e0
ggml_backend_sched_set_tensor_backend,ggml_backend_sched_set_tensor_backend,sched_compute,L4_027,00000000019fe3c0
ggml_backend_sched_synchronize,ggml_backend_sched_synchronize,sched_compute,L4_029,00000000019fe290
ggml_backend_supports_buft,ggml_backend_supports_buft,ggml_backend,L5_140,00000000019fd7d0
ggml_backend_supports_op,ggml_backend_supports_op,ggml_backend,L5_141,00000000019fd7b0
ggml_backend_synchronize,ggml_backend_synchronize,ggml_backend,L5_142,00000000019fd260
ggml_backend_tensor_alloc,ggml_backend_tensor_alloc,ggml_backend,L5_143,0000000001a005d0
ggml_backend_tensor_copy,ggml_backend_tensor_copy,ggml_backend,L5_144,00000000019fd360
ggml_backend_tensor_copy_async,ggml_backend_tensor_copy_async,ggml_backend,L5_145,00000000019fd4a0
ggml_backend_tensor_get,ggml_backend_tensor_get,ggml_backend,L5_146,00000000019fcf50
ggml_backend_tensor_get_async,ggml_backend_tensor_get_async,ggml_backend,L5_147,00000000019fd070
ggml_backend_tensor_memset,ggml_backend_tensor_memset,ggml_backend,L5_148,00000000019fd140
ggml_backend_tensor_set,ggml_backend_tensor_set,ggml_backend,L5_149,00000000019fcd60
ggml_backend_tensor_set_async,ggml_backend_tensor_set_async,ggml_backend,L5_150,00000000019fce80
ggml_backend_unload,ggml_backend_unload,ggml_backend,L5_153,00000000019f8b00
ggml_backend_view_init,ggml_backend_view_init,ggml_backend,L5_154,0000000001a00450
ggml_barrier,ggml_barrier,ggml_ops,L6_051,0000000001a398d0
ggml_bf16_to_fp32,ggml_bf16_to_fp32,ggml_ops,L6_052,00000000019eb850
ggml_bf16_to_fp32_row,ggml_bf16_to_fp32_row,ggml_ops,L6_053,00000000019eac80
ggml_blck_size,ggml_blck_size,ggml_ops,L6_054,00000000019ebaf0
ggml_build_backward_expand,ggml_build_backward_expand,ggml_ops,L6_055,00000000019f3e50
ggml_build_forward_expand,ggml_build_forward_expand,ggml_ops,L6_056,00000000019f32e0
ggml_can_repeat,ggml_can_repeat,ggml_ops,L6_057,00000000019ec3f0
ggml_cast,ggml_cast,ggml_ops,L6_058,00000000019ee970
ggml_clamp,ggml_clamp,ggml_ops,L6_059,00000000019f0150
ggml_compute_forward,ggml_compute_forward,ggml_ops,L6_060,0000000001a42610
ggml_compute_forward_acc,ggml_compute_forward_acc,ggml_ops,L6_062,0000000001a39940
ggml_compute_forward_add,ggml_compute_forward_add,ggml_ops,L6_063,0000000001a34ff0
ggml_compute_forward_add1,ggml_compute_forward_add1,ggml_ops,L6_065,0000000001a37a60
ggml_compute_forward_add1.cold,ggml_compute_forward_add1.cold,ggml_ops,L6_066,0000000000421ab9
ggml_compute_forward_add.cold,ggml_compute_forward_add.cold,ggml_ops,L6_064,0000000000421a9a
ggml_compute_forward.cold,ggml_compute_forward.cold,ggml_ops,L6_061,0000000000421c2d
ggml_compute_forward_concat,ggml_compute_forward_concat,ggml_ops,L6_067,0000000001a26d60
ggml_compute_forward_conv_transpose_1d,ggml_compute_forward_conv_transpose_1d,ggml_ops,L6_068,0000000001a3abb0
ggml_compute_forward_conv_transpose_2d,ggml_compute_forward_conv_transpose_2d,ggml_ops,L6_069,0000000001a3b6c0
ggml_compute_forward_count_equal,ggml_compute_forward_count_equal,ggml_ops,L6_070,0000000001a39de0
ggml_compute_forward_cross_entropy_loss_back,ggml_compute_forward_cross_entropy_loss_back,ggml_ops,L6_071,0000000001a24840
ggml_compute_forward_cross_entropy_loss_back.cold,ggml_compute_forward_cross_entropy_loss_back.cold,ggml_ops,L6_072,0000000000421318
ggml_compute_forward_cross_entropy_loss_f32,ggml_compute_forward_cross_entropy_loss_f32,ggml_ops,L6_073,0000000001a3e6c0
ggml_compute_forward_cross_entropy_loss_f32.cold,ggml_compute_forward_cross_entropy_loss_f32.cold,ggml_ops,L6_074,0000000000421af7
ggml_compute_forward_diag,ggml_compute_forward_diag,ggml_ops,L6_075,0000000001a265d0
ggml_compute_forward_diag_mask_f32,ggml_compute_forward_diag_mask_f32,ggml_ops,L6_076,0000000001a3a940
ggml_compute_forward_div,ggml_compute_forward_div,ggml_ops,L6_077,0000000001a1fde0
ggml_compute_forward_dup,ggml_compute_forward_dup,ggml_ops,L6_078,0000000001a2fbe0
ggml_compute_forward_flash_attn_back_f32,ggml_compute_forward_flash_attn_back_f32,ggml_ops,L6_079,0000000001a3bea0
ggml_compute_forward_flash_attn_back_f32.cold,ggml_compute_forward_flash_attn_back_f32.cold,ggml_ops,L6_080,0000000000421ad8
ggml_compute_forward_flash_attn_ext_f16,ggml_compute_forward_flash_attn_ext_f16,ggml_ops,L6_081,0000000001a2c6f0
ggml_compute_forward_get_rows,ggml_compute_forward_get_rows,ggml_ops,L6_082,0000000001a23430
ggml_compute_forward_get_rows_back,ggml_compute_forward_get_rows_back,ggml_ops,L6_084,0000000001a26920
ggml_compute_forward_get_rows.cold,ggml_compute_forward_get_rows.cold,ggml_ops,L6_083,000000000042106e
ggml_compute_forward_gla,ggml_compute_forward_gla,ggml_ops,L6_085,0000000001a3dfd0
ggml_compute_forward_group_norm,ggml_compute_forward_group_norm,ggml_ops,L6_086,0000000001a220f0
ggml_compute_forward_im2col,ggml_compute_forward_im2col,ggml_ops,L6_087,0000000001a289d0
ggml_compute_forward_mul,ggml_compute_forward_mul,ggml_ops,L6_088,0000000001a1f720
ggml_compute_forward_mul_mat,ggml_compute_forward_mul_mat,ggml_ops,L6_089,0000000001a40320
ggml_compute_forward_mul_mat.cold,ggml_compute_forward_mul_mat.cold,ggml_ops,L6_090,0000000000421b92
ggml_compute_forward_mul_mat_id,ggml_compute_forward_mul_mat_id,ggml_ops,L6_091,0000000001a417f0
ggml_compute_forward_mul_mat_id.cold,ggml_compute_forward_mul_mat_id.cold,ggml_ops,L6_092,0000000000421bef
ggml_compute_forward_norm,ggml_compute_forward_norm,ggml_ops,L6_093,0000000001a20c00
ggml_compute_forward_opt_step_adamw,ggml_compute_forward_opt_step_adamw,ggml_ops,L6_094,0000000001a24e60
ggml_compute_forward_out_prod,ggml_compute_forward_out_prod,ggml_ops,L6_095,0000000001a3f040
ggml_compute_forward_repeat,ggml_compute_forward_repeat,ggml_ops,L6_096,0000000001a279d0
ggml_compute_forward_repeat_back,ggml_compute_forward_repeat_back,ggml_ops,L6_097,0000000001a271c0
ggml_compute_forward_rms_norm,ggml_compute_forward_rms_norm,ggml_ops,L6_098,0000000001a21290
ggml_compute_forward_rms_norm_back,ggml_compute_forward_rms_norm_back,ggml_ops,L6_099,0000000001a217a0
ggml_compute_forward_rope_f16,ggml_compute_forward_rope_f16,ggml_ops,L6_100,0000000001a2b1b0
ggml_compute_forward_rope_f32,ggml_compute_forward_rope_f32,ggml_ops,L6_101,0000000001a29b70
ggml_compute_forward_rwkv_wkv6,ggml_compute_forward_rwkv_wkv6,ggml_ops,L6_102,0000000001a3d8a0
ggml_compute_forward_set,ggml_compute_forward_set,ggml_ops,L6_103,0000000001a3a170
ggml_compute_forward_silu_back,ggml_compute_forward_silu_back,ggml_ops,L6_104,0000000001a23200
ggml_compute_forward_silu_back.cold,ggml_compute_forward_silu_back.cold,ggml_ops,L6_105,0000000000420f95
ggml_compute_forward_soft_max_ext_back,ggml_compute_forward_soft_max_ext_back,ggml_ops,L6_106,0000000001a20490
ggml_compute_forward_soft_max_ext_back.cold,ggml_compute_forward_soft_max_ext_back.cold,ggml_ops,L6_107,0000000000420f19
ggml_compute_forward_soft_max_f32,ggml_compute_forward_soft_max_f32,ggml_ops,L6_108,0000000001a240d0
ggml_compute_forward_soft_max_f32.cold,ggml_compute_forward_soft_max_f32.cold,ggml_ops,L6_109,000000000042125e
ggml_compute_forward_ssm_conv,ggml_compute_forward_ssm_conv,ggml_ops,L6_110,0000000001a26200
ggml_compute_forward_ssm_scan_f32.isra.0,ggml_compute_forward_ssm_scan_f32.isra.0,ggml_ops,L6_111,0000000001a25850
ggml_compute_forward_sub,ggml_compute_forward_sub,ggml_ops,L6_112,0000000001a1f0a0
ggml_compute_forward_sub.cold,ggml_compute_forward_sub.cold,ggml_ops,L6_113,0000000000420efa
ggml_compute_forward_sum,ggml_compute_forward_sum,ggml_ops,L6_114,0000000001a2f340
ggml_compute_forward_sum.cold,ggml_compute_forward_sum.cold,ggml_ops,L6_115,00000000004219e0
ggml_compute_forward_sum_rows,ggml_compute_forward_sum_rows,ggml_ops,L6_116,0000000001a28660
ggml_compute_forward_unary,ggml_compute_forward_unary,ggml_ops,L6_117,0000000001a2d830
ggml_compute_forward_unary.cold,ggml_compute_forward_unary.cold,ggml_ops,L6_118,0000000000421410
ggml_concat,ggml_concat,ggml_ops,L6_119,00000000019ee030
ggml_cont,ggml_cont,ggml_ops,L6_120,00000000019ee9d0
ggml_cont_1d,ggml_cont_1d,ggml_ops,L6_121,00000000019eeae0
ggml_cont_2d,ggml_cont_2d,ggml_ops,L6_122,00000000019eeb00
ggml_cont_3d,ggml_cont_3d,ggml_ops,L6_123,00000000019eeb20
ggml_cont_4d,ggml_cont_4d,ggml_ops,L6_124,00000000019eea20
ggml_conv_1d,ggml_conv_1d,ggml_ops,L6_125,00000000019f0530
ggml_conv_1d_dw,ggml_conv_1d_dw,ggml_ops,L6_126,00000000019f05e0
ggml_conv_1d_dw_ph,ggml_conv_1d_dw_ph,ggml_ops,L6_127,00000000019f06a0
ggml_conv_1d_ph,ggml_conv_1d_ph,ggml_ops,L6_128,00000000019f05c0
ggml_conv_2d,ggml_conv_2d,ggml_ops,L6_129,00000000019f0880
ggml_conv_2d_dw,ggml_conv_2d_dw,ggml_ops,L6_130,00000000019f09b0
ggml_conv_2d_s1_ph,ggml_conv_2d_s1_ph,ggml_ops,L6_131,00000000019f0970
ggml_conv_2d_sk_p0,ggml_conv_2d_sk_p0,ggml_ops,L6_132,00000000019f0950
ggml_conv_transpose_1d,ggml_conv_transpose_1d,ggml_ops,L6_133,00000000019f06c0
ggml_conv_transpose_2d_p0,ggml_conv_transpose_2d_p0,ggml_ops,L6_134,00000000019f0ae0
ggml_cos,ggml_cos,ggml_ops,L6_135,00000000019edd00
ggml_cos_inplace,ggml_cos_inplace,ggml_ops,L6_136,00000000019edd20
ggml_count_equal,ggml_count_equal,ggml_ops,L6_137,00000000019edef0
ggml_cpu_extra_compute_forward,ggml_cpu_extra_compute_forward,ggml_ops,L6_138,0000000001a52590
ggml_cpu_extra_work_size,ggml_cpu_extra_work_size,ggml_ops,L6_139,0000000001a52610
ggml_cpu_get_sve_cnt,ggml_cpu_get_sve_cnt,ggml_ops,L6_140,0000000001a4b3d0
ggml_cpu_has_amx_int8,ggml_cpu_has_amx_int8,ggml_ops,L6_141,0000000001a4b2d0
ggml_cpu_has_arm_fma,ggml_cpu_has_arm_fma,ggml_ops,L6_142,0000000001a4b2f0
ggml_cpu_has_avx,ggml_cpu_has_avx,ggml_ops,L6_143,0000000001a4b260
ggml_cpu_has_avx2,ggml_cpu_has_avx2,ggml_ops,L6_144,0000000001a4b280
ggml_cpu_has_avx512,ggml_cpu_has_avx512,ggml_ops,L6_145,0000000001a4b290
ggml_cpu_has_avx512_bf16,ggml_cpu_has_avx512_bf16,ggml_ops,L6_146,0000000001a4b2c0
ggml_cpu_has_avx512_vbmi,ggml_cpu_has_avx512_vbmi,ggml_ops,L6_147,0000000001a4b2a0
ggml_cpu_has_avx512_vnni,ggml_cpu_has_avx512_vnni,ggml_ops,L6_148,0000000001a4b2b0
ggml_cpu_has_avx_vnni,ggml_cpu_has_avx_vnni,ggml_ops,L6_149,0000000001a4b270
ggml_cpu_has_dotprod,ggml_cpu_has_dotprod,ggml_ops,L6_150,0000000001a4b3a0
ggml_cpu_has_f16c,ggml_cpu_has_f16c,ggml_ops,L6_151,0000000001a4b310
ggml_cpu_has_fma,ggml_cpu_has_fma,ggml_ops,L6_152,0000000001a4b2e0
ggml_cpu_has_fp16_va,ggml_cpu_has_fp16_va,ggml_ops,L6_153,0000000001a4b320
ggml_cpu_has_llamafile,ggml_cpu_has_llamafile,ggml_ops,L6_154,0000000001a4b340
ggml_cpu_has_matmul_int8,ggml_cpu_has_matmul_int8,ggml_ops,L6_155,0000000001a4b3c0
ggml_cpu_has_neon,ggml_cpu_has_neon,ggml_ops,L6_156,0000000001a4b390
ggml_cpu_has_riscv_v,ggml_cpu_has_riscv_v,ggml_ops,L6_157,0000000001a4b300
ggml_cpu_has_sme,ggml_cpu_has_sme,ggml_ops,L6_158,0000000001a4b3e0
ggml_cpu_has_sse3,ggml_cpu_has_sse3,ggml_ops,L6_159,0000000001a4b350
ggml_cpu_has_ssse3,ggml_cpu_has_ssse3,ggml_ops,L6_160,0000000001a4b360
ggml_cpu_has_sve,ggml_cpu_has_sve,ggml_ops,L6_161,0000000001a4b3b0
ggml_cpu_has_vsx,ggml_cpu_has_vsx,ggml_ops,L6_162,0000000001a4b370
ggml_cpu_has_vxe,ggml_cpu_has_vxe,ggml_ops,L6_163,0000000001a4b380
ggml_cpu_has_wasm_simd,ggml_cpu_has_wasm_simd,ggml_ops,L6_164,0000000001a4b330
ggml_cpu_init,ggml_cpu_init,ggml_ops,L6_165,0000000001a4b3f0
ggml_cpy,ggml_cpy,ggml_ops,L6_166,00000000019ee8a0
ggml_critical_section_end,ggml_critical_section_end,ggml_ops,L6_167,0000000001a04100
ggml_critical_section_start,ggml_critical_section_start,ggml_ops,L6_168,0000000001a040e0
ggml_critical_section_start.cold,ggml_critical_section_start.cold,ggml_ops,L6_169,000000000041f9a8
ggml_cross_entropy_loss,ggml_cross_entropy_loss,ggml_ops,L6_170,00000000019f2df0
ggml_cross_entropy_loss_back,ggml_cross_entropy_loss_back,ggml_ops,L6_171,00000000019f2e60
ggml_cycles,ggml_cycles,ggml_ops,L6_172,00000000019eb9c0
ggml_cycles_per_ms,ggml_cycles_per_ms,ggml_ops,L6_173,00000000019eb9d0
ggml_diag,ggml_diag,ggml_ops,L6_174,00000000019ef790
ggml_diag_mask_inf,ggml_diag_mask_inf,ggml_ops,L6_175,00000000019ef820
ggml_diag_mask_inf_inplace,ggml_diag_mask_inf_inplace,ggml_ops,L6_176,00000000019ef860
ggml_diag_mask_zero,ggml_diag_mask_zero,ggml_ops,L6_177,00000000019ef8a0
ggml_diag_mask_zero_inplace,ggml_diag_mask_zero_inplace,ggml_ops,L6_178,00000000019ef8e0
ggml_div,ggml_div,ggml_ops,L6_179,00000000019edb60
ggml_div_impl.part.0,ggml_div_impl.part.0,ggml_ops,L6_180,00000000019eb480
ggml_div_inplace,ggml_div_inplace,ggml_ops,L6_181,00000000019edbb0
ggml_dup,ggml_dup,ggml_ops,L6_182,00000000019ed820
ggml_dup_inplace,ggml_dup_inplace,ggml_ops,L6_183,00000000019ed840
ggml_dup_tensor,ggml_dup_tensor,ggml_ops,L6_184,00000000019ec960
ggml_element_size,ggml_element_size,ggml_ops,L6_185,00000000019ec070
ggml_elu,ggml_elu,ggml_ops,L6_186,00000000019f24c0
ggml_elu_inplace,ggml_elu_inplace,ggml_ops,L6_187,00000000019f25e0
ggml_exp,ggml_exp,ggml_ops,L6_188,00000000019f2540
ggml_exp_inplace,ggml_exp_inplace,ggml_ops,L6_189,00000000019f2640
ggml_flash_attn_back,ggml_flash_attn_back,ggml_ops,L6_190,00000000019f15e0
ggml_flash_attn_ext,ggml_flash_attn_ext,ggml_ops,L6_191,00000000019f12f0
ggml_flash_attn_ext_get_prec,ggml_flash_attn_ext_get_prec,ggml_ops,L6_192,00000000019f15b0
ggml_flash_attn_ext_set_prec,ggml_flash_attn_ext_set_prec,ggml_ops,L6_193,00000000019f1580
ggml_fopen,ggml_fopen,ggml_ops,L6_194,00000000019eb9e0
ggml_format_name,ggml_format_name,ggml_ops,L6_195,00000000019ecad0
ggml_fp16_to_fp32,ggml_fp16_to_fp32,ggml_ops,L6_196,00000000019eb7d0
ggml_fp16_to_fp32_row,ggml_fp16_to_fp32_row,ggml_ops,L6_197,00000000019eac30
ggml_fp32_to_bf16,ggml_fp32_to_bf16,ggml_ops,L6_198,00000000019eb860
ggml_fp32_to_bf16_row,ggml_fp32_to_bf16_row,ggml_ops,L6_199,00000000019eb8a0
ggml_fp32_to_bf16_row_ref,ggml_fp32_to_bf16_row_ref,ggml_ops,L6_200,00000000019eaec0
ggml_fp32_to_bf16_row_ref.localalias,ggml_fp32_to_bf16_row_ref.localalias,ggml_ops,L6_201,00000000019eaec0
ggml_fp32_to_fp16,ggml_fp32_to_fp16,ggml_ops,L6_202,00000000019eb7e0
ggml_fp32_to_fp16_row,ggml_fp32_to_fp16_row,ggml_ops,L6_203,00000000019eb090
ggml_free,ggml_free,ggml_ops,L6_204,00000000019ec690
ggml_ftype_to_ggml_type,ggml_ftype_to_ggml_type,ggml_ops,L6_205,00000000019ec140
ggml_gallocr_allocate_node,ggml_gallocr_allocate_node,ggml_ops,L6_207,00000000019d1640
ggml_gallocr_alloc_graph,ggml_gallocr_alloc_graph,ggml_ops,L6_206,00000000019d2880
ggml_gallocr_free,ggml_gallocr_free,ggml_ops,L6_208,00000000019d1f10
ggml_gallocr_free_node.part.0,ggml_gallocr_free_node.part.0,ggml_ops,L6_209,00000000019d13d0
ggml_gallocr_get_buffer_size,ggml_gallocr_get_buffer_size,ggml_ops,L6_210,00000000019d2bb0
ggml_gallocr_init_tensor,ggml_gallocr_init_tensor,ggml_ops,L6_211,00000000019d1310
ggml_gallocr_new,ggml_gallocr_new,ggml_ops,L6_212,00000000019d1ef0
ggml_gallocr_new_n,ggml_gallocr_new_n,ggml_ops,L6_213,00000000019d1cc0
ggml_gallocr_node_needs_realloc.part.0,ggml_gallocr_node_needs_realloc.part.0,ggml_ops,L6_214,00000000019d13a0
ggml_gallocr_reserve,ggml_gallocr_reserve,ggml_ops,L6_215,00000000019d2870
ggml_gallocr_reserve_n,ggml_gallocr_reserve_n,ggml_ops,L6_216,00000000019d2040
ggml_gated_linear_attn,ggml_gated_linear_attn,ggml_ops,L6_217,00000000019f2140
ggml_gelu,ggml_gelu,ggml_ops,L6_218,00000000019f24f0
ggml_gelu_inplace,ggml_gelu_inplace,ggml_ops,L6_219,00000000019f2610
ggml_gelu_quick,ggml_gelu_quick,ggml_ops,L6_220,00000000019f2500
ggml_gelu_quick_inplace,ggml_gelu_quick_inplace,ggml_ops,L6_221,00000000019f2620
ggml_get_data,ggml_get_data,ggml_ops,L6_222,00000000019eca00
ggml_get_data_f32,ggml_get_data_f32,ggml_ops,L6_223,00000000019eca10
ggml_get_f32_1d,ggml_get_f32_1d,ggml_ops,L6_224,0000000001a4a420
ggml_get_f32_nd,ggml_get_f32_nd,ggml_ops,L6_225,0000000001a4a350
ggml_get_first_tensor,ggml_get_first_tensor,ggml_ops,L6_226,00000000019ed6c0
ggml_get_i32_1d,ggml_get_i32_1d,ggml_ops,L6_227,0000000001a49c90
ggml_get_i32_nd,ggml_get_i32_nd,ggml_ops,L6_228,0000000001a49bd0
ggml_get_max_tensor_size,ggml_get_max_tensor_size,ggml_ops,L6_229,00000000019ed740
ggml_get_mem_buffer,ggml_get_mem_buffer,ggml_ops,L6_230,00000000019ec730
ggml_get_mem_size,ggml_get_mem_size,ggml_ops,L6_231,00000000019ec740
ggml_get_name,ggml_get_name,ggml_ops,L6_232,00000000019eca80
ggml_get_next_tensor,ggml_get_next_tensor,ggml_ops,L6_233,00000000019ed700
ggml_get_no_alloc,ggml_get_no_alloc,ggml_ops,L6_234,00000000019ec710
ggml_get_rel_pos,ggml_get_rel_pos,ggml_ops,L6_235,00000000019f1d20
ggml_get_rows,ggml_get_rows,ggml_ops,L6_236,00000000019ef610
ggml_get_rows_back,ggml_get_rows_back,ggml_ops,L6_237,00000000019ef6d0
ggml_get_tensor,ggml_get_tensor,ggml_ops,L6_238,00000000019ed7a0
ggml_get_type_traits,ggml_get_type_traits,ggml_ops,L6_239,00000000019eb9f0
ggml_get_type_traits_cpu,ggml_get_type_traits_cpu,ggml_ops,L6_240,0000000001a2fbc0
ggml_get_unary_op,ggml_get_unary_op,ggml_ops,L6_241,00000000019eca20
ggml_graph_add_node,ggml_graph_add_node,ggml_ops,L6_242,00000000019f3d20
ggml_graph_clear,ggml_graph_clear,ggml_ops,L6_243,00000000019f3c60
ggml_graph_compute,ggml_graph_compute,sched_compute,L4_030,0000000001a4b640
ggml_graph_compute_secondary_thread,ggml_graph_compute_secondary_thread,sched_compute,L4_031,0000000001a48a20
ggml_graph_compute_thread.isra.0,ggml_graph_compute_thread.isra.0,sched_compute,L4_032,0000000001a48760
ggml_graph_compute_with_ctx,ggml_graph_compute_with_ctx,sched_compute,L4_033,0000000001a4b970
ggml_graph_cpy,ggml_graph_cpy,ggml_ops,L6_244,00000000019f37c0
ggml_graph_dump_dot,ggml_graph_dump_dot,ggml_ops,L6_245,00000000019f5df0
ggml_graph_dup,ggml_graph_dup,ggml_ops,L6_246,00000000019f3ba0
ggml_graph_get_grad,ggml_graph_get_grad,ggml_ops,L6_247,00000000019f3e00
ggml_graph_get_grad_acc,ggml_graph_get_grad_acc,ggml_ops,L6_248,00000000019f5a70
ggml_graph_get_tensor,ggml_graph_get_tensor,ggml_ops,L6_249,00000000019f3d60
ggml_graph_nbytes,ggml_graph_nbytes,ggml_ops,L6_251,00000000019f3290
ggml_graph_n_nodes,ggml_graph_n_nodes,ggml_ops,L6_250,00000000019f3d10
ggml_graph_node,ggml_graph_node,ggml_ops,L6_253,00000000019f3c90
ggml_graph_nodes,ggml_graph_nodes,ggml_ops,L6_254,00000000019f3d00
ggml_graph_overhead,ggml_graph_overhead,ggml_ops,L6_255,00000000019f3640
ggml_graph_overhead_custom,ggml_graph_overhead_custom,ggml_ops,L6_256,00000000019f3620
ggml_graph_plan,ggml_graph_plan,sched_compute,L4_034,0000000001a4aa70
ggml_graph_plan.cold,ggml_graph_plan.cold,sched_compute,L4_035,0000000000422162
ggml_graph_print,ggml_graph_print,ggml_ops,L6_257,00000000019f5c80
ggml_graph_reset,ggml_graph_reset,ggml_ops,L6_258,00000000019f5ac0
ggml_graph_size,ggml_graph_size,ggml_ops,L6_259,00000000019f3c80
ggml_graph_view,ggml_graph_view,ggml_ops,L6_260,00000000019f3760
ggml_group_norm,ggml_group_norm,ggml_ops,L6_261,00000000019ee2f0
ggml_group_norm_inplace,ggml_group_norm_inplace,ggml_ops,L6_262,00000000019ee330
ggml_guid_matches,ggml_guid_matches,ggml_ops,L6_263,00000000019eb8b0
ggml_hardsigmoid,ggml_hardsigmoid,ggml_ops,L6_264,00000000019f2530
ggml_hardswish,ggml_hardswish,ggml_ops,L6_265,00000000019f2520
ggml_hash_find,ggml_hash_find,ggml_ops,L6_266,0000000001a00c00
ggml_hash_find_or_insert,ggml_hash_find_or_insert,ggml_ops,L6_267,00000000019d1280
ggml_hash_insert,ggml_hash_insert,ggml_ops,L6_268,00000000019eb350
ggml_hash_set_free,ggml_hash_set_free,ggml_ops,L6_269,00000000019f30c0
ggml_hash_set_new,ggml_hash_set_new,ggml_ops,L6_270,00000000019f3140
ggml_hash_set_reset,ggml_hash_set_reset,ggml_ops,L6_271,00000000019f30a0
ggml_hash_size,ggml_hash_size,ggml_ops,L6_272,00000000019f30e0
ggml_im2col,ggml_im2col,ggml_ops,L6_273,00000000019f01a0
ggml_im2col_back,ggml_im2col_back,ggml_ops,L6_274,00000000019f0460
ggml_init,ggml_init,ggml_ops,L6_275,00000000019ec460
ggml_is_3d,ggml_is_3d,ggml_ops,L6_276,00000000019ec0f0
ggml_is_contiguous,ggml_is_contiguous,ggml_ops,L6_277,00000000019ec300
ggml_is_contiguous_0,ggml_is_contiguous_0,ggml_ops,L6_278,00000000019ec2f0
ggml_is_contiguous_1,ggml_is_contiguous_1,ggml_ops,L6_279,00000000019ec310
ggml_is_contiguous_2,ggml_is_contiguous_2,ggml_ops,L6_280,00000000019ec320
ggml_is_contiguous_n,ggml_is_contiguous_n,ggml_ops,L6_281,00000000019ebbd0
ggml_is_empty,ggml_is_empty,ggml_ops,L6_282,00000000019ec360
ggml_is_matrix,ggml_is_matrix,ggml_ops,L6_283,00000000019ec0d0
ggml_is_numa,ggml_is_numa,ggml_ops,L6_284,0000000001a3fe60
ggml_is_permuted,ggml_is_permuted,ggml_ops,L6_285,00000000019ec330
ggml_is_quantized,ggml_is_quantized,ggml_ops,L6_286,00000000019ec020
ggml_is_scalar,ggml_is_scalar,ggml_ops,L6_287,00000000019ec080
ggml_is_transposed,ggml_is_transposed,ggml_ops,L6_288,00000000019ec2e0
ggml_is_vector,ggml_is_vector,ggml_ops,L6_289,00000000019ec0b0
ggml_leaky_relu,ggml_leaky_relu,ggml_ops,L6_290,00000000019ee110
ggml_log,ggml_log,ggml_ops,L6_291,00000000019edc80
ggml_log_callback_default,ggml_log_callback_default,ggml_ops,L6_292,00000000019eaea0
ggml_log_inplace,ggml_log_inplace,ggml_ops,L6_293,00000000019edca0
ggml_log_internal,ggml_log_internal,ggml_ops,L6_294,00000000019eb4e0
ggml_log_internal_v,ggml_log_internal_v,ggml_ops,L6_295,00000000019ead80
ggml_log_set,ggml_log_set,ggml_ops,L6_296,00000000019f6d90
ggml_map_binary_f32,ggml_map_binary_f32,ggml_ops,L6_297,00000000019f26d0
ggml_map_binary_inplace_f32,ggml_map_binary_inplace_f32,ggml_ops,L6_298,00000000019f2750
ggml_map_custom1,ggml_map_custom1,ggml_ops,L6_299,00000000019f2970
ggml_map_custom1_f32,ggml_map_custom1_f32,ggml_ops,L6_300,00000000019f27d0
ggml_map_custom1_inplace,ggml_map_custom1_inplace,ggml_ops,L6_301,00000000019f2a20
ggml_map_custom1_inplace_f32,ggml_map_custom1_inplace_f32,ggml_ops,L6_302,00000000019f2810
ggml_map_custom2,ggml_map_custom2,ggml_ops,L6_303,00000000019f2ad0
ggml_map_custom2_f32,ggml_map_custom2_f32,ggml_ops,L6_304,00000000019f2850
ggml_map_custom2_inplace,ggml_map_custom2_inplace,ggml_ops,L6_305,00000000019f2b90
ggml_map_custom2_inplace_f32,ggml_map_custom2_inplace_f32,ggml_ops,L6_306,00000000019f2890
ggml_map_custom3,ggml_map_custom3,ggml_ops,L6_307,00000000019f2c50
ggml_map_custom3_f32,ggml_map_custom3_f32,ggml_ops,L6_308,00000000019f28d0
ggml_map_custom3_inplace,ggml_map_custom3_inplace,ggml_ops,L6_309,00000000019f2d20
ggml_map_custom3_inplace_f32,ggml_map_custom3_inplace_f32,ggml_ops,L6_310,00000000019f2920
ggml_map_unary_f32,ggml_map_unary_f32,ggml_ops,L6_311,00000000019f2650
ggml_map_unary_inplace_f32,ggml_map_unary_inplace_f32,ggml_ops,L6_312,00000000019f2690
ggml_mean,ggml_mean,ggml_ops,L6_313,00000000019edde0
ggml_mrope_cache_init,ggml_mrope_cache_init,ggml_ops,L6_314,0000000001a22b10
ggml_mul,ggml_mul,ggml_ops,L6_315,00000000019edac0
ggml_mul_impl.part.0,ggml_mul_impl.part.0,ggml_ops,L6_316,00000000019eb450
ggml_mul_inplace,ggml_mul_inplace,ggml_ops,L6_317,00000000019edb10
ggml_mul_mat,ggml_mul_mat,ggml_ops,L6_318,00000000019ee370
ggml_mul_mat_id,ggml_mul_mat_id,ggml_ops,L6_319,00000000019ee4a0
ggml_mul_mat_set_prec,ggml_mul_mat_set_prec,ggml_ops,L6_320,00000000019ee470
ggml_nbytes,ggml_nbytes,ggml_ops,L6_322,00000000019ebb30
ggml_nbytes_pad,ggml_nbytes_pad,ggml_ops,L6_323,00000000019ebbb0
ggml_n_dims,ggml_n_dims,ggml_ops,L6_321,00000000019ec100
ggml_neg,ggml_neg,ggml_ops,L6_324,00000000019f2490
ggml_neg_inplace,ggml_neg_inplace,ggml_ops,L6_325,00000000019f25b0
ggml_nelements,ggml_nelements,ggml_ops,L6_326,00000000019ebac0
ggml_new_buffer,ggml_new_buffer,ggml_ops,L6_327,00000000019ec940
ggml_new_f32,ggml_new_f32,ggml_ops,L6_328,0000000001a49b60
ggml_new_graph,ggml_new_graph,ggml_ops,L6_329,00000000019f3750
ggml_new_graph_custom,ggml_new_graph_custom,ggml_ops,L6_330,00000000019f3650
ggml_new_i32,ggml_new_i32,ggml_ops,L6_331,0000000001a493e0
ggml_new_object,ggml_new_object,ggml_ops,L6_332,00000000019eb5a0
ggml_new_tensor,ggml_new_tensor,ggml_ops,L6_333,00000000019ec750
ggml_new_tensor_1d,ggml_new_tensor_1d,ggml_ops,L6_334,00000000019ec760
ggml_new_tensor_2d,ggml_new_tensor_2d,ggml_ops,L6_335,00000000019ec780
ggml_new_tensor_3d,ggml_new_tensor_3d,ggml_ops,L6_336,00000000019ec7d0
ggml_new_tensor_4d,ggml_new_tensor_4d,ggml_ops,L6_337,00000000019ec820
ggml_new_tensor_impl,ggml_new_tensor_impl,ggml_ops,L6_338,00000000019ebcb0
ggml_norm,ggml_norm,ggml_ops,L6_339,00000000019ee1a0
ggml_norm_inplace,ggml_norm_inplace,ggml_ops,L6_340,00000000019ee1e0
ggml_nrows,ggml_nrows,ggml_ops,L6_341,00000000019ebae0
ggml_numa_init,ggml_numa_init,ggml_ops,L6_342,0000000001a3fe70
ggml_op_desc,ggml_op_desc,ggml_ops,L6_343,00000000019eca50
ggml_op_name,ggml_op_name,ggml_ops,L6_344,00000000019ec040
ggml_op_symbol,ggml_op_symbol,ggml_ops,L6_345,00000000019ec050
ggml_opt_dataset_data,ggml_opt_dataset_data,ggml_ops,L6_346,0000000001a02130
ggml_opt_dataset_free,ggml_opt_dataset_free,ggml_ops,L6_347,0000000001a020f0
ggml_opt_dataset_get_batch,ggml_opt_dataset_get_batch,ggml_ops,L6_348,0000000001a02150
ggml_opt_dataset_init,ggml_opt_dataset_init,ggml_ops,L6_349,0000000001a03560
ggml_opt_dataset_labels,ggml_opt_dataset_labels,ggml_ops,L6_350,0000000001a02140
ggml_opt_dataset_shuffle,ggml_opt_dataset_shuffle,ggml_ops,L6_351,0000000001a03780
ggml_opt_default_params,ggml_opt_default_params,ggml_ops,L6_352,0000000001a02360
ggml_opt_epoch,ggml_opt_epoch,ggml_ops,L6_353,0000000001a03360
ggml_opt_epoch_callback_progress_bar,ggml_opt_epoch_callback_progress_bar,ggml_ops,L6_354,0000000001a03020
ggml_opt_fit,ggml_opt_fit,ggml_ops,L6_357,0000000001a03820
ggml_opt_forward,ggml_opt_forward,ggml_ops,L6_358,0000000001a032d0
ggml_opt_forward_backward,ggml_opt_forward_backward,ggml_ops,L6_359,0000000001a032e0
ggml_opt_free,ggml_opt_free,ggml_ops,L6_360,0000000001a02b50
ggml_opt_get_default_optimizer_params,ggml_opt_get_default_optimizer_params,ggml_ops,L6_361,0000000001a00c60
ggml_opt_grad_acc,ggml_opt_grad_acc,ggml_ops,L6_362,0000000001a02c50
ggml_opt_init,ggml_opt_init,ggml_ops,L6_363,0000000001a023b0
ggml_opt_inputs,ggml_opt_inputs,ggml_ops,L6_364,0000000001a02bf0
ggml_opt_labels,ggml_opt_labels,ggml_ops,L6_365,0000000001a02c10
ggml_opt_loss,ggml_opt_loss,ggml_ops,L6_366,0000000001a02c20
ggml_opt_ncorrect,ggml_opt_ncorrect,ggml_ops,L6_367,0000000001a02c40
ggml_opt_outputs,ggml_opt_outputs,ggml_ops,L6_368,0000000001a02c00
ggml_opt_pred,ggml_opt_pred,ggml_ops,L6_369,0000000001a02c30
ggml_opt_reset,ggml_opt_reset,ggml_ops,L6_370,0000000001a02ba0
ggml_opt_result_accuracy,ggml_opt_result_accuracy,ggml_ops,L6_371,0000000001a02f70
ggml_opt_result_free,ggml_opt_result_free,ggml_ops,L6_372,0000000001a02ca0
ggml_opt_result_init,ggml_opt_result_init,ggml_ops,L6_373,0000000001a02c60
ggml_opt_result_loss,ggml_opt_result_loss,ggml_ops,L6_374,0000000001a02d50
ggml_opt_result_ndata,ggml_opt_result_ndata,ggml_ops,L6_375,0000000001a02d40
ggml_opt_result_pred,ggml_opt_result_pred,ggml_ops,L6_376,0000000001a02f40
ggml_opt_result_reset,ggml_opt_result_reset,ggml_ops,L6_377,0000000001a02d10
ggml_opt_step_adamw,ggml_opt_step_adamw,ggml_ops,L6_378,00000000019f2f10
ggml_out_prod,ggml_out_prod,ggml_ops,L6_379,00000000019ee6c0
ggml_pad,ggml_pad,ggml_ops,L6_380,00000000019f0f20
ggml_pad_reflect_1d,ggml_pad_reflect_1d,ggml_ops,L6_381,00000000019f0f60
ggml_permute,ggml_permute,ggml_ops,L6_382,00000000019ef2b0
ggml_pool_1d,ggml_pool_1d,ggml_ops,L6_383,00000000019f0bb0
ggml_pool_2d,ggml_pool_2d,ggml_ops,L6_384,00000000019f0cc0
ggml_pool_2d_back,ggml_pool_2d_back,ggml_ops,L6_385,00000000019f0e20
ggml_print_backtrace_symbols,ggml_print_backtrace_symbols,ggml_ops,L6_386,00000000019ead20
ggml_print_object,ggml_print_object,ggml_ops,L6_387,00000000019eba30
ggml_print_objects,ggml_print_objects,ggml_ops,L6_388,00000000019eba60
ggml_quantize_chunk,ggml_quantize_chunk,ggml_ops,L6_389,00000000019f6710
ggml_quantize_free,ggml_quantize_free,ggml_ops,L6_390,00000000019f66b0
ggml_quantize_init,ggml_quantize_init,ggml_ops,L6_391,00000000019f6650
ggml_quantize_requires_imatrix,ggml_quantize_requires_imatrix,ggml_ops,L6_392,00000000019f66f0
ggml_relu,ggml_relu,ggml_ops,L6_393,00000000019f24d0
ggml_relu_inplace,ggml_relu_inplace,ggml_ops,L6_394,00000000019f25f0
ggml_repeat,ggml_repeat,ggml_ops,L6_395,00000000019edf60
ggml_repeat_back,ggml_repeat_back,ggml_ops,L6_396,00000000019edfd0
ggml_reset,ggml_reset,ggml_ops,L6_397,00000000019ec670
ggml_reshape,ggml_reshape,ggml_ops,L6_398,00000000019eeb30
ggml_reshape_1d,ggml_reshape_1d,ggml_ops,L6_399,00000000019eec00
ggml_reshape_2d,ggml_reshape_2d,ggml_ops,L6_400,00000000019eecf0
ggml_reshape_3d,ggml_reshape_3d,ggml_ops,L6_401,00000000019eedf0
ggml_reshape_4d,ggml_reshape_4d,ggml_ops,L6_402,00000000019eef00
ggml_rms_norm,ggml_rms_norm,ggml_ops,L6_403,00000000019ee220
ggml_rms_norm_back,ggml_rms_norm_back,ggml_ops,L6_404,00000000019ee2a0
ggml_rms_norm_inplace,ggml_rms_norm_inplace,ggml_ops,L6_405,00000000019ee260
ggml_rope,ggml_rope,ggml_ops,L6_406,00000000019efc60
ggml_rope_custom,ggml_rope_custom,ggml_ops,L6_407,00000000019effc0
ggml_rope_custom_inplace,ggml_rope_custom_inplace,ggml_ops,L6_408,00000000019effe0
ggml_rope_ext,ggml_rope_ext,ggml_ops,L6_409,00000000019eff80
ggml_rope_ext_back,ggml_rope_ext_back,ggml_ops,L6_410,00000000019f0110
ggml_rope_ext_inplace,ggml_rope_ext_inplace,ggml_ops,L6_411,00000000019effa0
ggml_rope_impl,ggml_rope_impl,ggml_ops,L6_412,00000000019ed220
ggml_rope_inplace,ggml_rope_inplace,ggml_ops,L6_413,00000000019eff40
ggml_rope_multi,ggml_rope_multi,ggml_ops,L6_414,00000000019efca0
ggml_rope_multi_back,ggml_rope_multi_back,ggml_ops,L6_415,00000000019f0130
ggml_rope_yarn_corr_dims,ggml_rope_yarn_corr_dims,ggml_ops,L6_416,00000000019f0000
ggml_row_size,ggml_row_size,ggml_ops,L6_417,00000000019ebc80
ggml_rwkv_wkv6,ggml_rwkv_wkv6,ggml_ops,L6_418,00000000019f1e10
ggml_scale,ggml_scale,ggml_ops,L6_419,00000000019ee7c0
ggml_scale_impl,ggml_scale_impl,ggml_ops,L6_420,00000000019ed000
ggml_scale_inplace,ggml_scale_inplace,ggml_ops,L6_421,00000000019ee7d0
ggml_set,ggml_set,ggml_ops,L6_422,00000000019ee7e0
ggml_set_1d,ggml_set_1d,ggml_ops,L6_423,00000000019ee820
ggml_set_1d_inplace,ggml_set_1d_inplace,ggml_ops,L6_424,00000000019ee840
ggml_set_2d,ggml_set_2d,ggml_ops,L6_425,00000000019ee860
ggml_set_2d_inplace,ggml_set_2d_inplace,ggml_ops,L6_426,00000000019ee880
ggml_set_f32,ggml_set_f32,ggml_ops,L6_427,0000000001a49440
ggml_set_f32_1d,ggml_set_f32_1d,ggml_ops,L6_429,0000000001a4a6d0
ggml_set_f32.cold,ggml_set_f32.cold,ggml_ops,L6_428,00000000004220a8
ggml_set_f32_nd,ggml_set_f32_nd,ggml_ops,L6_430,0000000001a4a570
ggml_set_i32,ggml_set_i32,ggml_ops,L6_431,0000000001a48ca0
ggml_set_i32_1d,ggml_set_i32_1d,ggml_ops,L6_433,0000000001a4a030
ggml_set_i32.cold,ggml_set_i32.cold,ggml_ops,L6_432,0000000000421fee
ggml_set_i32_nd,ggml_set_i32_nd,ggml_ops,L6_434,0000000001a49ee0
ggml_set_impl,ggml_set_impl,ggml_ops,L6_435,00000000019ed0c0
ggml_set_inplace,ggml_set_inplace,ggml_ops,L6_436,00000000019ee800
ggml_set_input,ggml_set_input,ggml_ops,L6_437,00000000019f65c0
ggml_set_loss,ggml_set_loss,ggml_ops,L6_438,00000000019f65f0
ggml_set_name,ggml_set_name,ggml_ops,L6_439,00000000019eca90
ggml_set_no_alloc,ggml_set_no_alloc,ggml_ops,L6_440,00000000019ec720
ggml_set_op_params.part.0,ggml_set_op_params.part.0,ggml_ops,L6_441,00000000019eb320
ggml_set_output,ggml_set_output,ggml_ops,L6_442,00000000019f65d0
ggml_set_param,ggml_set_param,ggml_ops,L6_443,00000000019f65e0
ggml_set_zero,ggml_set_zero,ggml_ops,L6_444,00000000019f3be0
ggml_sgn,ggml_sgn,ggml_ops,L6_445,00000000019f2480
ggml_sgn_inplace,ggml_sgn_inplace,ggml_ops,L6_446,00000000019f25a0
ggml_sigmoid,ggml_sigmoid,ggml_ops,L6_447,00000000019f24e0
ggml_sigmoid_inplace,ggml_sigmoid_inplace,ggml_ops,L6_448,00000000019f2600
ggml_silu,ggml_silu,ggml_ops,L6_449,00000000019f2510
ggml_silu_back,ggml_silu_back,ggml_ops,L6_450,00000000019ee170
ggml_silu_inplace,ggml_silu_inplace,ggml_ops,L6_451,00000000019f2630
ggml_sin,ggml_sin,ggml_ops,L6_452,00000000019edcc0
ggml_sin_inplace,ggml_sin_inplace,ggml_ops,L6_453,00000000019edce0
ggml_soft_max,ggml_soft_max,ggml_ops,L6_454,00000000019ef920
ggml_soft_max_ext,ggml_soft_max_ext,ggml_ops,L6_455,00000000019efa00
ggml_soft_max_ext_back,ggml_soft_max_ext_back,ggml_ops,L6_456,00000000019efbc0
ggml_soft_max_ext_back_inplace,ggml_soft_max_ext_back_inplace,ggml_ops,L6_457,00000000019efc10
ggml_soft_max_inplace,ggml_soft_max_inplace,ggml_ops,L6_458,00000000019ef990
ggml_sqr,ggml_sqr,ggml_ops,L6_459,00000000019edc00
ggml_sqr_inplace,ggml_sqr_inplace,ggml_ops,L6_460,00000000019edc20
ggml_sqrt,ggml_sqrt,ggml_ops,L6_461,00000000019edc40
ggml_sqrt_inplace,ggml_sqrt_inplace,ggml_ops,L6_462,00000000019edc60
ggml_ssm_conv,ggml_ssm_conv,ggml_ops,L6_463,00000000019f1600
ggml_ssm_scan,ggml_ssm_scan,ggml_ops,L6_464,00000000019f1730
ggml_status_to_string,ggml_status_to_string,ggml_ops,L6_465,00000000019eb770
ggml_step,ggml_step,ggml_ops,L6_466,00000000019f24a0
ggml_step_inplace,ggml_step_inplace,ggml_ops,L6_467,00000000019f25c0
ggml_sub,ggml_sub,ggml_ops,L6_468,00000000019eda20
ggml_sub_impl.part.0,ggml_sub_impl.part.0,ggml_ops,L6_469,00000000019eb420
ggml_sub_inplace,ggml_sub_inplace,ggml_ops,L6_470,00000000019eda70
ggml_sub_or_set,ggml_sub_or_set,ggml_ops,L6_471,00000000019f33f0
ggml_sum,ggml_sum,ggml_ops,L6_472,00000000019edd40
ggml_sum_rows,ggml_sum_rows,ggml_ops,L6_473,00000000019edd60
ggml_tallocr_alloc,ggml_tallocr_alloc,ggml_ops,L6_474,00000000019d1ab0
ggml_tallocr_new,ggml_tallocr_new,ggml_ops,L6_475,00000000019d1a60
ggml_tanh,ggml_tanh,ggml_ops,L6_476,00000000019f24b0
ggml_tanh_inplace,ggml_tanh_inplace,ggml_ops,L6_477,00000000019f25d0
ggml_tensor_overhead,ggml_tensor_overhead,ggml_ops,L6_478,00000000019ec2d0
ggml_thread_apply_affinity.isra.0,ggml_thread_apply_affinity.isra.0,ggml_ops,L6_479,0000000001a25780
ggml_thread_apply_priority.isra.0,ggml_thread_apply_priority.isra.0,ggml_ops,L6_480,0000000001a256b0
ggml_threadpool_free,ggml_threadpool_free,ggml_ops,L6_481,0000000001a4a8f0
ggml_threadpool_new,ggml_threadpool_new,ggml_ops,L6_482,0000000001a4b250
ggml_threadpool_new_impl,ggml_threadpool_new_impl,ggml_ops,L6_483,0000000001a2ade0
ggml_threadpool_params_default,ggml_threadpool_params_default,ggml_ops,L6_484,00000000019f6e10
ggml_threadpool_params_init,ggml_threadpool_params_init,ggml_ops,L6_486,00000000019f6dc0
ggml_threadpool_params_match,ggml_threadpool_params_match,ggml_ops,L6_487,00000000019f6ea0
ggml_threadpool_pause,ggml_threadpool_pause,ggml_ops,L6_488,0000000001a4a9f0
ggml_threadpool_resume,ggml_threadpool_resume,ggml_ops,L6_489,0000000001a4aa30
ggml_time_init,ggml_time_init,ggml_ops,L6_490,00000000019eb8d0
ggml_time_ms,ggml_time_ms,ggml_ops,L6_491,00000000019eb8e0
ggml_timestep_embedding,ggml_timestep_embedding,ggml_ops,L6_493,00000000019f11c0
ggml_time_us,ggml_time_us,ggml_ops,L6_492,00000000019eb950
ggml_top_k,ggml_top_k,ggml_ops,L6_494,00000000019f1270
ggml_transpose,ggml_transpose,ggml_ops,L6_495,00000000019ef5a0
ggml_type_name,ggml_type_name,ggml_ops,L6_496,00000000019ec000
ggml_type_size,ggml_type_size,ggml_ops,L6_497,00000000019ebb10
ggml_type_sizef,ggml_type_sizef,ggml_ops,L6_498,00000000019ebf90
ggml_unary,ggml_unary,ggml_ops,L6_499,00000000019f2430
ggml_unary_impl.part.0,ggml_unary_impl.part.0,ggml_ops,L6_500,00000000019eb4b0
ggml_unary_inplace,ggml_unary_inplace,ggml_ops,L6_501,00000000019f2550
ggml_unary_op_name,ggml_unary_op_name,ggml_ops,L6_502,00000000019ec060
ggml_unpad,ggml_unpad,ggml_ops,L6_503,00000000019f10e0
ggml_unravel_index,ggml_unravel_index,ggml_ops,L6_504,00000000019ec970
ggml_upscale,ggml_upscale,ggml_ops,L6_505,00000000019f0ef0
ggml_upscale_ext,ggml_upscale_ext,ggml_ops,L6_506,00000000019f0f10
ggml_upscale_impl,ggml_upscale_impl,ggml_ops,L6_507,00000000019ec870
ggml_used_mem,ggml_used_mem,ggml_ops,L6_508,00000000019ec6e0
ggml_validate_row_data,ggml_validate_row_data,ggml_ops,L6_509,00000000019ea1e0
ggml_vec_dot_bf16,ggml_vec_dot_bf16,ggml_ops,L6_510,0000000001a252f0
ggml_vec_dot_bf16.cold,ggml_vec_dot_bf16.cold,ggml_ops,L6_511,00000000004213b3
ggml_vec_dot_f16,ggml_vec_dot_f16,ggml_ops,L6_512,0000000001a25530
ggml_vec_dot_f16.cold,ggml_vec_dot_f16.cold,ggml_ops,L6_513,00000000004213d2
ggml_vec_dot_f32,ggml_vec_dot_f32,ggml_ops,L6_514,0000000001a255c0
ggml_vec_dot_f32.cold,ggml_vec_dot_f32.cold,ggml_ops,L6_515,00000000004213f1
ggml_vec_dot_iq1_m_q8_K,ggml_vec_dot_iq1_m_q8_K,ggml_ops,L6_516,0000000001a1d8a0
ggml_vec_dot_iq1_m_q8_K.cold,ggml_vec_dot_iq1_m_q8_K.cold,ggml_ops,L6_517,0000000000420e00
ggml_vec_dot_iq1_s_q8_K,ggml_vec_dot_iq1_s_q8_K,ggml_ops,L6_518,0000000001a1d470
ggml_vec_dot_iq1_s_q8_K.cold,ggml_vec_dot_iq1_s_q8_K.cold,ggml_ops,L6_519,0000000000420dc2
ggml_vec_dot_iq2_s_q8_K,ggml_vec_dot_iq2_s_q8_K,ggml_ops,L6_520,0000000001a1c7f0
ggml_vec_dot_iq2_s_q8_K.cold,ggml_vec_dot_iq2_s_q8_K.cold,ggml_ops,L6_521,0000000000420d08
ggml_vec_dot_iq2_xs_q8_K,ggml_vec_dot_iq2_xs_q8_K,ggml_ops,L6_522,0000000001a1c220
ggml_vec_dot_iq2_xs_q8_K.cold,ggml_vec_dot_iq2_xs_q8_K.cold,ggml_ops,L6_523,0000000000420cca
ggml_vec_dot_iq2_xxs_q8_K,ggml_vec_dot_iq2_xxs_q8_K,ggml_ops,L6_524,0000000001a1bf70
ggml_vec_dot_iq2_xxs_q8_K.cold,ggml_vec_dot_iq2_xxs_q8_K.cold,ggml_ops,L6_525,0000000000420c8c
ggml_vec_dot_iq3_s_q8_K,ggml_vec_dot_iq3_s_q8_K,ggml_ops,L6_526,0000000001a1d030
ggml_vec_dot_iq3_s_q8_K.cold,ggml_vec_dot_iq3_s_q8_K.cold,ggml_ops,L6_527,0000000000420d84
ggml_vec_dot_iq3_xxs_q8_K,ggml_vec_dot_iq3_xxs_q8_K,ggml_ops,L6_528,0000000001a1cdb0
ggml_vec_dot_iq3_xxs_q8_K.cold,ggml_vec_dot_iq3_xxs_q8_K.cold,ggml_ops,L6_529,0000000000420d46
ggml_vec_dot_iq4_nl_q8_0,ggml_vec_dot_iq4_nl_q8_0,ggml_ops,L6_530,0000000001a1de30
ggml_vec_dot_iq4_nl_q8_0.cold,ggml_vec_dot_iq4_nl_q8_0.cold,ggml_ops,L6_531,0000000000420e3e
ggml_vec_dot_iq4_xs_q8_K,ggml_vec_dot_iq4_xs_q8_K,ggml_ops,L6_532,0000000001a1e1d0
ggml_vec_dot_iq4_xs_q8_K.cold,ggml_vec_dot_iq4_xs_q8_K.cold,ggml_ops,L6_533,0000000000420e7c
ggml_vec_dot_q2_K_q8_K,ggml_vec_dot_q2_K_q8_K,ggml_ops,L6_534,0000000001a172a0
ggml_vec_dot_q2_K_q8_K.cold,ggml_vec_dot_q2_K_q8_K.cold,ggml_ops,L6_535,0000000000420b75
ggml_vec_dot_q3_K_q8_K,ggml_vec_dot_q3_K_q8_K,ggml_ops,L6_536,0000000001a17920
ggml_vec_dot_q3_K_q8_K.cold,ggml_vec_dot_q3_K_q8_K.cold,ggml_ops,L6_537,0000000000420b94
ggml_vec_dot_q4_0_q8_0,ggml_vec_dot_q4_0_q8_0,ggml_ops,L6_538,0000000001a14dc0
ggml_vec_dot_q4_0_q8_0.cold,ggml_vec_dot_q4_0_q8_0.cold,ggml_ops,L6_539,0000000000420a01
ggml_vec_dot_q4_1_q8_1,ggml_vec_dot_q4_1_q8_1,ggml_ops,L6_540,0000000001a14f40
ggml_vec_dot_q4_1_q8_1.cold,ggml_vec_dot_q4_1_q8_1.cold,ggml_ops,L6_541,0000000000420a3f
ggml_vec_dot_q4_K_q8_K,ggml_vec_dot_q4_K_q8_K,ggml_ops,L6_542,0000000001a19650
ggml_vec_dot_q4_K_q8_K.cold,ggml_vec_dot_q4_K_q8_K.cold,ggml_ops,L6_543,0000000000420bd2
ggml_vec_dot_q5_0_q8_0,ggml_vec_dot_q5_0_q8_0,ggml_ops,L6_544,0000000001a150c0
ggml_vec_dot_q5_0_q8_0.cold,ggml_vec_dot_q5_0_q8_0.cold,ggml_ops,L6_545,0000000000420a7d
ggml_vec_dot_q5_1_q8_1,ggml_vec_dot_q5_1_q8_1,ggml_ops,L6_546,0000000001a156b0
ggml_vec_dot_q5_1_q8_1.cold,ggml_vec_dot_q5_1_q8_1.cold,ggml_ops,L6_547,0000000000420abb
ggml_vec_dot_q5_K_q8_K,ggml_vec_dot_q5_K_q8_K,ggml_ops,L6_548,0000000001a19d60
ggml_vec_dot_q5_K_q8_K.cold,ggml_vec_dot_q5_K_q8_K.cold,ggml_ops,L6_549,0000000000420c10
ggml_vec_dot_q6_K_q8_K,ggml_vec_dot_q6_K_q8_K,ggml_ops,L6_550,0000000001a1a710
ggml_vec_dot_q6_K_q8_K.cold,ggml_vec_dot_q6_K_q8_K.cold,ggml_ops,L6_551,0000000000420c4e
ggml_vec_dot_q8_0_q8_0,ggml_vec_dot_q8_0_q8_0,ggml_ops,L6_552,0000000001a15c30
ggml_vec_dot_q8_0_q8_0.cold,ggml_vec_dot_q8_0_q8_0.cold,ggml_ops,L6_553,0000000000420af9
ggml_vec_dot_tq1_0_q8_K,ggml_vec_dot_tq1_0_q8_K,ggml_ops,L6_554,0000000001a15d80
ggml_vec_dot_tq1_0_q8_K.cold,ggml_vec_dot_tq1_0_q8_K.cold,ggml_ops,L6_555,0000000000420b37
ggml_vec_dot_tq2_0_q8_K,ggml_vec_dot_tq2_0_q8_K,ggml_ops,L6_556,0000000001a16ab0
ggml_vec_dot_tq2_0_q8_K.cold,ggml_vec_dot_tq2_0_q8_K.cold,ggml_ops,L6_557,0000000000420b56
ggml_vec_mad_f32_unroll,ggml_vec_mad_f32_unroll,ggml_ops,L6_558,0000000001a1ea40
ggml_vec_soft_max_f32,ggml_vec_soft_max_f32,ggml_ops,L6_559,0000000001a23e40
ggml_view_1d,ggml_view_1d,ggml_ops,L6_560,00000000019ef020
ggml_view_2d,ggml_view_2d,ggml_ops,L6_561,00000000019ef090
ggml_view_3d,ggml_view_3d,ggml_ops,L6_562,00000000019ef140
ggml_view_4d,ggml_view_4d,ggml_ops,L6_563,00000000019ef200
ggml_view_tensor,ggml_view_tensor,ggml_ops,L6_564,00000000019ecd00
ggml_visit_parents,ggml_visit_parents,ggml_ops,L6_565,00000000019ecba0
ggml_win_part,ggml_win_part,ggml_ops,L6_566,00000000019f1b20
ggml_win_unpart,ggml_win_unpart,ggml_ops,L6_567,00000000019f1c70
github.com/emirpasic/gods/v2/lists/arraylist.(*Iterator[*github.com/ollama/ollama/model.pair]).Begin,github.com/emirpasic/gods/v2/lists/arraylist.(*Iterator[*github.com/ollama/ollama/model.pair]).Begin,ggml_ops,L6_568,0000000000bb2e00
github.com/emirpasic/gods/v2/lists/arraylist.(*Iterator[*github.com/ollama/ollama/model.pair]).End,github.com/emirpasic/gods/v2/lists/arraylist.(*Iterator[*github.com/ollama/ollama/model.pair]).End,ggml_ops,L6_569,0000000000bb2dc0
github.com/emirpasic/gods/v2/lists/arraylist.(*Iterator[*github.com/ollama/ollama/model.pair]).First,github.com/emirpasic/gods/v2/lists/arraylist.(*Iterator[*github.com/ollama/ollama/model.pair]).First,ggml_ops,L6_570,0000000000bb2d60
github.com/emirpasic/gods/v2/lists/arraylist.(*Iterator[*github.com/ollama/ollama/model.pair]).Index,github.com/emirpasic/gods/v2/lists/arraylist.(*Iterator[*github.com/ollama/ollama/model.pair]).Index,ggml_ops,L6_571,0000000000bb2e40
github.com/emirpasic/gods/v2/lists/arraylist.(*Iterator[*github.com/ollama/ollama/model.pair]).Last,github.com/emirpasic/gods/v2/lists/arraylist.(*Iterator[*github.com/ollama/ollama/model.pair]).Last,ggml_ops,L6_572,0000000000bb2d00
github.com/emirpasic/gods/v2/lists/arraylist.(*Iterator[*github.com/ollama/ollama/model.pair]).Next,github.com/emirpasic/gods/v2/lists/arraylist.(*Iterator[*github.com/ollama/ollama/model.pair]).Next,ggml_ops,L6_573,0000000000bb2f60
github.com/emirpasic/gods/v2/lists/arraylist.(*Iterator[*github.com/ollama/ollama/model.pair]).NextTo,github.com/emirpasic/gods/v2/lists/arraylist.(*Iterator[*github.com/ollama/ollama/model.pair]).NextTo,ggml_ops,L6_574,0000000000bb2ca0
github.com/emirpasic/gods/v2/lists/arraylist.(*Iterator[*github.com/ollama/ollama/model.pair]).Prev,github.com/emirpasic/gods/v2/lists/arraylist.(*Iterator[*github.com/ollama/ollama/model.pair]).Prev,ggml_ops,L6_575,0000000000bb2f00
github.com/emirpasic/gods/v2/lists/arraylist.(*Iterator[*github.com/ollama/ollama/model.pair]).PrevTo,github.com/emirpasic/gods/v2/lists/arraylist.(*Iterator[*github.com/ollama/ollama/model.pair]).PrevTo,ggml_ops,L6_576,0000000000bb2c40
github.com/emirpasic/gods/v2/lists/arraylist.(*Iterator[*github.com/ollama/ollama/model.pair]).Value,github.com/emirpasic/gods/v2/lists/arraylist.(*Iterator[*github.com/ollama/ollama/model.pair]).Value,ggml_ops,L6_577,0000000000bb2ea0
github.com/emirpasic/gods/v2/lists/arraylist.(*Iterator[go.shape.*github.com/ollama/ollama/model.pair]).Begin,github.com/emirpasic/gods/v2/lists/arraylist.(*Iterator[go.shape.*github.com/ollama/ollama/model.pair]).Begin,ggml_ops,L6_578,0000000000baf980
github.com/emirpasic/gods/v2/lists/arraylist.(*Iterator[go.shape.*github.com/ollama/ollama/model.pair]).End,github.com/emirpasic/gods/v2/lists/arraylist.(*Iterator[go.shape.*github.com/ollama/ollama/model.pair]).End,ggml_ops,L6_579,0000000000baf960
github.com/emirpasic/gods/v2/lists/arraylist.(*Iterator[go.shape.*github.com/ollama/ollama/model.pair]).First,github.com/emirpasic/gods/v2/lists/arraylist.(*Iterator[go.shape.*github.com/ollama/ollama/model.pair]).First,ggml_ops,L6_580,0000000000baf8e0
github.com/emirpasic/gods/v2/lists/arraylist.(*Iterator[go.shape.*github.com/ollama/ollama/model.pair]).Index,github.com/emirpasic/gods/v2/lists/arraylist.(*Iterator[go.shape.*github.com/ollama/ollama/model.pair]).Index,ggml_ops,L6_581,0000000000baf9a0
github.com/emirpasic/gods/v2/lists/arraylist.(*Iterator[go.shape.*github.com/ollama/ollama/model.pair]).Last,github.com/emirpasic/gods/v2/lists/arraylist.(*Iterator[go.shape.*github.com/ollama/ollama/model.pair]).Last,ggml_ops,L6_582,0000000000baf860
github.com/emirpasic/gods/v2/lists/arraylist.(*Iterator[go.shape.*github.com/ollama/ollama/model.pair]).Next,github.com/emirpasic/gods/v2/lists/arraylist.(*Iterator[go.shape.*github.com/ollama/ollama/model.pair]).Next,ggml_ops,L6_583,0000000000bafb00
github.com/emirpasic/gods/v2/lists/arraylist.(*Iterator[go.shape.*github.com/ollama/ollama/model.pair]).NextTo,github.com/emirpasic/gods/v2/lists/arraylist.(*Iterator[go.shape.*github.com/ollama/ollama/model.pair]).NextTo,ggml_ops,L6_584,0000000000baf740
github.com/emirpasic/gods/v2/lists/arraylist.(*Iterator[go.shape.*github.com/ollama/ollama/model.pair]).Prev,github.com/emirpasic/gods/v2/lists/arraylist.(*Iterator[go.shape.*github.com/ollama/ollama/model.pair]).Prev,ggml_ops,L6_585,0000000000bafa40
github.com/emirpasic/gods/v2/lists/arraylist.(*Iterator[go.shape.*github.com/ollama/ollama/model.pair]).PrevTo,github.com/emirpasic/gods/v2/lists/arraylist.(*Iterator[go.shape.*github.com/ollama/ollama/model.pair]).PrevTo,ggml_ops,L6_586,0000000000baf620
github.com/emirpasic/gods/v2/lists/arraylist.(*Iterator[go.shape.*github.com/ollama/ollama/model.pair]).Value,github.com/emirpasic/gods/v2/lists/arraylist.(*Iterator[go.shape.*github.com/ollama/ollama/model.pair]).Value,ggml_ops,L6_587,0000000000baf9e0
github.com/emirpasic/gods/v2/lists/arraylist.(*List[*github.com/ollama/ollama/model.pair]).Add,github.com/emirpasic/gods/v2/lists/arraylist.(*List[*github.com/ollama/ollama/model.pair]).Add,ggml_ops,L6_588,0000000000bb3800
github.com/emirpasic/gods/v2/lists/arraylist.(*List[*github.com/ollama/ollama/model.pair]).All,github.com/emirpasic/gods/v2/lists/arraylist.(*List[*github.com/ollama/ollama/model.pair]).All,ggml_ops,L6_589,0000000000bb3060
github.com/emirpasic/gods/v2/lists/arraylist.(*List[*github.com/ollama/ollama/model.pair]).Any,github.com/emirpasic/gods/v2/lists/arraylist.(*List[*github.com/ollama/ollama/model.pair]).Any,ggml_ops,L6_590,0000000000bb30c0
github.com/emirpasic/gods/v2/lists/arraylist.(*List[*github.com/ollama/ollama/model.pair]).Clear,github.com/emirpasic/gods/v2/lists/arraylist.(*List[*github.com/ollama/ollama/model.pair]).Clear,ggml_ops,L6_591,0000000000bb34a0
github.com/emirpasic/gods/v2/lists/arraylist.(*List[*github.com/ollama/ollama/model.pair]).Contains,github.com/emirpasic/gods/v2/lists/arraylist.(*List[*github.com/ollama/ollama/model.pair]).Contains,ggml_ops,L6_592,0000000000bb3680
github.com/emirpasic/gods/v2/lists/arraylist.(*List[*github.com/ollama/ollama/model.pair]).Each,github.com/emirpasic/gods/v2/lists/arraylist.(*List[*github.com/ollama/ollama/model.pair]).Each,ggml_ops,L6_593,0000000000bb3220
github.com/emirpasic/gods/v2/lists/arraylist.(*List[*github.com/ollama/ollama/model.pair]).Empty,github.com/emirpasic/gods/v2/lists/arraylist.(*List[*github.com/ollama/ollama/model.pair]).Empty,ggml_ops,L6_594,0000000000bb3540
github.com/emirpasic/gods/v2/lists/arraylist.(*List[*github.com/ollama/ollama/model.pair]).Find,github.com/emirpasic/gods/v2/lists/arraylist.(*List[*github.com/ollama/ollama/model.pair]).Find,ggml_ops,L6_595,0000000000bb2fc0
github.com/emirpasic/gods/v2/lists/arraylist.(*List[*github.com/ollama/ollama/model.pair]).FromJSON,github.com/emirpasic/gods/v2/lists/arraylist.(*List[*github.com/ollama/ollama/model.pair]).FromJSON,ggml_ops,L6_596,0000000000bb2a20
github.com/emirpasic/gods/v2/lists/arraylist.(*List[*github.com/ollama/ollama/model.pair]).Get,github.com/emirpasic/gods/v2/lists/arraylist.(*List[*github.com/ollama/ollama/model.pair]).Get,ggml_ops,L6_597,0000000000bb3760
github.com/emirpasic/gods/v2/lists/arraylist.(*List[*github.com/ollama/ollama/model.pair]).IndexOf,github.com/emirpasic/gods/v2/lists/arraylist.(*List[*github.com/ollama/ollama/model.pair]).IndexOf,ggml_ops,L6_598,0000000000bb35a0
github.com/emirpasic/gods/v2/lists/arraylist.(*List[*github.com/ollama/ollama/model.pair]).Insert,github.com/emirpasic/gods/v2/lists/arraylist.(*List[*github.com/ollama/ollama/model.pair]).Insert,ggml_ops,L6_599,0000000000bb3340
github.com/emirpasic/gods/v2/lists/arraylist.(*List[*github.com/ollama/ollama/model.pair]).Iterator,github.com/emirpasic/gods/v2/lists/arraylist.(*List[*github.com/ollama/ollama/model.pair]).Iterator,ggml_ops,L6_600,0000000000bb2be0
github.com/emirpasic/gods/v2/lists/arraylist.(*List[*github.com/ollama/ollama/model.pair]).Map,github.com/emirpasic/gods/v2/lists/arraylist.(*List[*github.com/ollama/ollama/model.pair]).Map,ggml_ops,L6_601,0000000000bb31a0
github.com/emirpasic/gods/v2/lists/arraylist.(*List[*github.com/ollama/ollama/model.pair]).MarshalJSON,github.com/emirpasic/gods/v2/lists/arraylist.(*List[*github.com/ollama/ollama/model.pair]).MarshalJSON,ggml_ops,L6_602,0000000000bb2860
github.com/emirpasic/gods/v2/lists/arraylist.(*List[*github.com/ollama/ollama/model.pair]).Remove,github.com/emirpasic/gods/v2/lists/arraylist.(*List[*github.com/ollama/ollama/model.pair]).Remove,ggml_ops,L6_603,0000000000bb3700
github.com/emirpasic/gods/v2/lists/arraylist.(*List[*github.com/ollama/ollama/model.pair]).Select,github.com/emirpasic/gods/v2/lists/arraylist.(*List[*github.com/ollama/ollama/model.pair]).Select,ggml_ops,L6_604,0000000000bb3120
github.com/emirpasic/gods/v2/lists/arraylist.(*List[*github.com/ollama/ollama/model.pair]).Set,github.com/emirpasic/gods/v2/lists/arraylist.(*List[*github.com/ollama/ollama/model.pair]).Set,ggml_ops,L6_605,0000000000bb32e0
github.com/emirpasic/gods/v2/lists/arraylist.(*List[*github.com/ollama/ollama/model.pair]).Size,github.com/emirpasic/gods/v2/lists/arraylist.(*List[*github.com/ollama/ollama/model.pair]).Size,ggml_ops,L6_606,0000000000bb34e0
github.com/emirpasic/gods/v2/lists/arraylist.(*List[*github.com/ollama/ollama/model.pair]).Sort,github.com/emirpasic/gods/v2/lists/arraylist.(*List[*github.com/ollama/ollama/model.pair]).Sort,ggml_ops,L6_607,0000000000bb3440
github.com/emirpasic/gods/v2/lists/arraylist.(*List[*github.com/ollama/ollama/model.pair]).String,github.com/emirpasic/gods/v2/lists/arraylist.(*List[*github.com/ollama/ollama/model.pair]).String,ggml_ops,L6_608,0000000000bb3280
github.com/emirpasic/gods/v2/lists/arraylist.(*List[*github.com/ollama/ollama/model.pair]).Swap,github.com/emirpasic/gods/v2/lists/arraylist.(*List[*github.com/ollama/ollama/model.pair]).Swap,ggml_ops,L6_609,0000000000bb33e0
github.com/emirpasic/gods/v2/lists/arraylist.(*List[*github.com/ollama/ollama/model.pair]).ToJSON,github.com/emirpasic/gods/v2/lists/arraylist.(*List[*github.com/ollama/ollama/model.pair]).ToJSON,ggml_ops,L6_610,0000000000bb2ac0
github.com/emirpasic/gods/v2/lists/arraylist.(*List[*github.com/ollama/ollama/model.pair]).UnmarshalJSON,github.com/emirpasic/gods/v2/lists/arraylist.(*List[*github.com/ollama/ollama/model.pair]).UnmarshalJSON,ggml_ops,L6_611,0000000000bb2980
github.com/emirpasic/gods/v2/lists/arraylist.(*List[*github.com/ollama/ollama/model.pair]).Values,github.com/emirpasic/gods/v2/lists/arraylist.(*List[*github.com/ollama/ollama/model.pair]).Values,ggml_ops,L6_612,0000000000bb3600
github.com/emirpasic/gods/v2/lists/arraylist.(*List[go.shape.*github.com/ollama/ollama/model.pair]).Add,github.com/emirpasic/gods/v2/lists/arraylist.(*List[go.shape.*github.com/ollama/ollama/model.pair]).Add,ggml_ops,L6_613,0000000000bb1c20
github.com/emirpasic/gods/v2/lists/arraylist.(*List[go.shape.*github.com/ollama/ollama/model.pair]).All,github.com/emirpasic/gods/v2/lists/arraylist.(*List[go.shape.*github.com/ollama/ollama/model.pair]).All,ggml_ops,L6_614,0000000000bafda0
github.com/emirpasic/gods/v2/lists/arraylist.(*List[go.shape.*github.com/ollama/ollama/model.pair]).Any,github.com/emirpasic/gods/v2/lists/arraylist.(*List[go.shape.*github.com/ollama/ollama/model.pair]).Any,ggml_ops,L6_615,0000000000bafec0
github.com/emirpasic/gods/v2/lists/arraylist.(*List[go.shape.*github.com/ollama/ollama/model.pair]).Clear,github.com/emirpasic/gods/v2/lists/arraylist.(*List[go.shape.*github.com/ollama/ollama/model.pair]).Clear,ggml_ops,L6_616,0000000000bb13e0
github.com/emirpasic/gods/v2/lists/arraylist.(*List[go.shape.*github.com/ollama/ollama/model.pair]).Contains,github.com/emirpasic/gods/v2/lists/arraylist.(*List[go.shape.*github.com/ollama/ollama/model.pair]).Contains,ggml_ops,L6_617,0000000000bb1780
github.com/emirpasic/gods/v2/lists/arraylist.(*List[go.shape.*github.com/ollama/ollama/model.pair]).Each,github.com/emirpasic/gods/v2/lists/arraylist.(*List[go.shape.*github.com/ollama/ollama/model.pair]).Each,ggml_ops,L6_618,0000000000bb0440
github.com/emirpasic/gods/v2/lists/arraylist.(*List[go.shape.*github.com/ollama/ollama/model.pair]).Empty,github.com/emirpasic/gods/v2/lists/arraylist.(*List[go.shape.*github.com/ollama/ollama/model.pair]).Empty,ggml_ops,L6_619,0000000000bb14c0
github.com/emirpasic/gods/v2/lists/arraylist.(*List[go.shape.*github.com/ollama/ollama/model.pair]).Find,github.com/emirpasic/gods/v2/lists/arraylist.(*List[go.shape.*github.com/ollama/ollama/model.pair]).Find,ggml_ops,L6_620,0000000000bafbc0
github.com/emirpasic/gods/v2/lists/arraylist.(*List[go.shape.*github.com/ollama/ollama/model.pair]).FromJSON,github.com/emirpasic/gods/v2/lists/arraylist.(*List[go.shape.*github.com/ollama/ollama/model.pair]).FromJSON,ggml_ops,L6_621,0000000000baf2a0
github.com/emirpasic/gods/v2/lists/arraylist.(*List[go.shape.*github.com/ollama/ollama/model.pair]).Get,github.com/emirpasic/gods/v2/lists/arraylist.(*List[go.shape.*github.com/ollama/ollama/model.pair]).Get,ggml_ops,L6_622,0000000000bb1b40
github.com/emirpasic/gods/v2/lists/arraylist.(*List[go.shape.*github.com/ollama/ollama/model.pair]).growBy,github.com/emirpasic/gods/v2/lists/arraylist.(*List[go.shape.*github.com/ollama/ollama/model.pair]).growBy,ggml_ops,L6_638,0000000000bb05e0
github.com/emirpasic/gods/v2/lists/arraylist.(*List[go.shape.*github.com/ollama/ollama/model.pair]).IndexOf,github.com/emirpasic/gods/v2/lists/arraylist.(*List[go.shape.*github.com/ollama/ollama/model.pair]).IndexOf,ggml_ops,L6_623,0000000000bb1500
github.com/emirpasic/gods/v2/lists/arraylist.(*List[go.shape.*github.com/ollama/ollama/model.pair]).Insert,github.com/emirpasic/gods/v2/lists/arraylist.(*List[go.shape.*github.com/ollama/ollama/model.pair]).Insert,ggml_ops,L6_624,0000000000bb0d20
github.com/emirpasic/gods/v2/lists/arraylist.(*List[go.shape.*github.com/ollama/ollama/model.pair]).Iterator,github.com/emirpasic/gods/v2/lists/arraylist.(*List[go.shape.*github.com/ollama/ollama/model.pair]).Iterator,ggml_ops,L6_625,0000000000baf580
github.com/emirpasic/gods/v2/lists/arraylist.(*List[go.shape.*github.com/ollama/ollama/model.pair]).Map,github.com/emirpasic/gods/v2/lists/arraylist.(*List[go.shape.*github.com/ollama/ollama/model.pair]).Map,ggml_ops,L6_626,0000000000bb0220
github.com/emirpasic/gods/v2/lists/arraylist.(*List[go.shape.*github.com/ollama/ollama/model.pair]).MarshalJSON,github.com/emirpasic/gods/v2/lists/arraylist.(*List[go.shape.*github.com/ollama/ollama/model.pair]).MarshalJSON,ggml_ops,L6_627,0000000000baf0a0
github.com/emirpasic/gods/v2/lists/arraylist.(*List[go.shape.*github.com/ollama/ollama/model.pair]).Remove,github.com/emirpasic/gods/v2/lists/arraylist.(*List[go.shape.*github.com/ollama/ollama/model.pair]).Remove,ggml_ops,L6_628,0000000000bb18a0
github.com/emirpasic/gods/v2/lists/arraylist.(*List[go.shape.*github.com/ollama/ollama/model.pair]).resize,github.com/emirpasic/gods/v2/lists/arraylist.(*List[go.shape.*github.com/ollama/ollama/model.pair]).resize,ggml_ops,L6_639,0000000000bb0680
github.com/emirpasic/gods/v2/lists/arraylist.(*List[go.shape.*github.com/ollama/ollama/model.pair]).Select,github.com/emirpasic/gods/v2/lists/arraylist.(*List[go.shape.*github.com/ollama/ollama/model.pair]).Select,ggml_ops,L6_629,0000000000baffe0
github.com/emirpasic/gods/v2/lists/arraylist.(*List[go.shape.*github.com/ollama/ollama/model.pair]).Set,github.com/emirpasic/gods/v2/lists/arraylist.(*List[go.shape.*github.com/ollama/ollama/model.pair]).Set,ggml_ops,L6_630,0000000000bb0ba0
github.com/emirpasic/gods/v2/lists/arraylist.(*List[go.shape.*github.com/ollama/ollama/model.pair]).shrink,github.com/emirpasic/gods/v2/lists/arraylist.(*List[go.shape.*github.com/ollama/ollama/model.pair]).shrink,ggml_ops,L6_640,0000000000bb0540
github.com/emirpasic/gods/v2/lists/arraylist.(*List[go.shape.*github.com/ollama/ollama/model.pair]).Size,github.com/emirpasic/gods/v2/lists/arraylist.(*List[go.shape.*github.com/ollama/ollama/model.pair]).Size,ggml_ops,L6_631,0000000000bb1480
github.com/emirpasic/gods/v2/lists/arraylist.(*List[go.shape.*github.com/ollama/ollama/model.pair]).Sort,github.com/emirpasic/gods/v2/lists/arraylist.(*List[go.shape.*github.com/ollama/ollama/model.pair]).Sort,ggml_ops,L6_632,0000000000bb1220
github.com/emirpasic/gods/v2/lists/arraylist.(*List[go.shape.*github.com/ollama/ollama/model.pair]).String,github.com/emirpasic/gods/v2/lists/arraylist.(*List[go.shape.*github.com/ollama/ollama/model.pair]).String,ggml_ops,L6_633,0000000000bb0840
github.com/emirpasic/gods/v2/lists/arraylist.(*List[go.shape.*github.com/ollama/ollama/model.pair]).Swap,github.com/emirpasic/gods/v2/lists/arraylist.(*List[go.shape.*github.com/ollama/ollama/model.pair]).Swap,ggml_ops,L6_634,0000000000bb1040
github.com/emirpasic/gods/v2/lists/arraylist.(*List[go.shape.*github.com/ollama/ollama/model.pair]).ToJSON,github.com/emirpasic/gods/v2/lists/arraylist.(*List[go.shape.*github.com/ollama/ollama/model.pair]).ToJSON,ggml_ops,L6_635,0000000000baf3c0
github.com/emirpasic/gods/v2/lists/arraylist.(*List[go.shape.*github.com/ollama/ollama/model.pair]).UnmarshalJSON,github.com/emirpasic/gods/v2/lists/arraylist.(*List[go.shape.*github.com/ollama/ollama/model.pair]).UnmarshalJSON,ggml_ops,L6_636,0000000000baf1e0
github.com/emirpasic/gods/v2/lists/arraylist.(*List[go.shape.*github.com/ollama/ollama/model.pair]).Values,github.com/emirpasic/gods/v2/lists/arraylist.(*List[go.shape.*github.com/ollama/ollama/model.pair]).Values,ggml_ops,L6_637,0000000000bb15e0
github.com/emirpasic/gods/v2/lists/arraylist.(*List[go.shape.*github.com/ollama/ollama/model.pair]).withinRange,github.com/emirpasic/gods/v2/lists/arraylist.(*List[go.shape.*github.com/ollama/ollama/model.pair]).withinRange,ggml_ops,L6_641,0000000000bb07e0
github.com/emirpasic/gods/v2/lists/arraylist.New[go.shape.*github.com/ollama/ollama/model.pair],github.com/emirpasic/gods/v2/lists/arraylist.New[go.shape.*github.com/ollama/ollama/model.pair],ggml_ops,L6_642,0000000000bacf00
github.com/emirpasic/gods/v2/trees/binaryheap.(*Heap[*github.com/ollama/ollama/model.pair]).Clear,github.com/emirpasic/gods/v2/trees/binaryheap.(*Heap[*github.com/ollama/ollama/model.pair]).Clear,ggml_ops,L6_643,0000000000bb25e0
github.com/emirpasic/gods/v2/trees/binaryheap.(*Heap[*github.com/ollama/ollama/model.pair]).Empty,github.com/emirpasic/gods/v2/trees/binaryheap.(*Heap[*github.com/ollama/ollama/model.pair]).Empty,ggml_ops,L6_644,0000000000bb2680
github.com/emirpasic/gods/v2/trees/binaryheap.(*Heap[*github.com/ollama/ollama/model.pair]).FromJSON,github.com/emirpasic/gods/v2/trees/binaryheap.(*Heap[*github.com/ollama/ollama/model.pair]).FromJSON,ggml_ops,L6_645,0000000000bb1f60
github.com/emirpasic/gods/v2/trees/binaryheap.(*Heap[*github.com/ollama/ollama/model.pair]).Iterator,github.com/emirpasic/gods/v2/trees/binaryheap.(*Heap[*github.com/ollama/ollama/model.pair]).Iterator,ggml_ops,L6_646,0000000000bb2120
github.com/emirpasic/gods/v2/trees/binaryheap.(*Heap[*github.com/ollama/ollama/model.pair]).MarshalJSON,github.com/emirpasic/gods/v2/trees/binaryheap.(*Heap[*github.com/ollama/ollama/model.pair]).MarshalJSON,ggml_ops,L6_647,0000000000bb1da0
github.com/emirpasic/gods/v2/trees/binaryheap.(*Heap[*github.com/ollama/ollama/model.pair]).Peek,github.com/emirpasic/gods/v2/trees/binaryheap.(*Heap[*github.com/ollama/ollama/model.pair]).Peek,ggml_ops,L6_648,0000000000bb26e0
github.com/emirpasic/gods/v2/trees/binaryheap.(*Heap[*github.com/ollama/ollama/model.pair]).Pop,github.com/emirpasic/gods/v2/trees/binaryheap.(*Heap[*github.com/ollama/ollama/model.pair]).Pop,ggml_ops,L6_649,0000000000bb2760
github.com/emirpasic/gods/v2/trees/binaryheap.(*Heap[*github.com/ollama/ollama/model.pair]).Push,github.com/emirpasic/gods/v2/trees/binaryheap.(*Heap[*github.com/ollama/ollama/model.pair]).Push,ggml_ops,L6_650,0000000000bb27e0
github.com/emirpasic/gods/v2/trees/binaryheap.(*Heap[*github.com/ollama/ollama/model.pair]).Size,github.com/emirpasic/gods/v2/trees/binaryheap.(*Heap[*github.com/ollama/ollama/model.pair]).Size,ggml_ops,L6_651,0000000000bb2620
github.com/emirpasic/gods/v2/trees/binaryheap.(*Heap[*github.com/ollama/ollama/model.pair]).String,github.com/emirpasic/gods/v2/trees/binaryheap.(*Heap[*github.com/ollama/ollama/model.pair]).String,ggml_ops,L6_652,0000000000bb2500
github.com/emirpasic/gods/v2/trees/binaryheap.(*Heap[*github.com/ollama/ollama/model.pair]).ToJSON,github.com/emirpasic/gods/v2/trees/binaryheap.(*Heap[*github.com/ollama/ollama/model.pair]).ToJSON,ggml_ops,L6_653,0000000000bb2000
github.com/emirpasic/gods/v2/trees/binaryheap.(*Heap[*github.com/ollama/ollama/model.pair]).UnmarshalJSON,github.com/emirpasic/gods/v2/trees/binaryheap.(*Heap[*github.com/ollama/ollama/model.pair]).UnmarshalJSON,ggml_ops,L6_654,0000000000bb1ec0
github.com/emirpasic/gods/v2/trees/binaryheap.(*Heap[*github.com/ollama/ollama/model.pair]).Values,github.com/emirpasic/gods/v2/trees/binaryheap.(*Heap[*github.com/ollama/ollama/model.pair]).Values,ggml_ops,L6_655,0000000000bb2560
github.com/emirpasic/gods/v2/trees/binaryheap.(*Heap[go.shape.*github.com/ollama/ollama/model.pair]).bubbleDown,github.com/emirpasic/gods/v2/trees/binaryheap.(*Heap[go.shape.*github.com/ollama/ollama/model.pair]).bubbleDown,ggml_ops,L6_669,0000000000bae440
github.com/emirpasic/gods/v2/trees/binaryheap.(*Heap[go.shape.*github.com/ollama/ollama/model.pair]).bubbleDownIndex,github.com/emirpasic/gods/v2/trees/binaryheap.(*Heap[go.shape.*github.com/ollama/ollama/model.pair]).bubbleDownIndex,ggml_ops,L6_670,0000000000bae0a0
github.com/emirpasic/gods/v2/trees/binaryheap.(*Heap[go.shape.*github.com/ollama/ollama/model.pair]).bubbleUp,github.com/emirpasic/gods/v2/trees/binaryheap.(*Heap[go.shape.*github.com/ollama/ollama/model.pair]).bubbleUp,ggml_ops,L6_671,0000000000badea0
github.com/emirpasic/gods/v2/trees/binaryheap.(*Heap[go.shape.*github.com/ollama/ollama/model.pair]).Clear,github.com/emirpasic/gods/v2/trees/binaryheap.(*Heap[go.shape.*github.com/ollama/ollama/model.pair]).Clear,ggml_ops,L6_656,0000000000bae9c0
github.com/emirpasic/gods/v2/trees/binaryheap.(*Heap[go.shape.*github.com/ollama/ollama/model.pair]).Empty,github.com/emirpasic/gods/v2/trees/binaryheap.(*Heap[go.shape.*github.com/ollama/ollama/model.pair]).Empty,ggml_ops,L6_657,0000000000baeaa0
github.com/emirpasic/gods/v2/trees/binaryheap.(*Heap[go.shape.*github.com/ollama/ollama/model.pair]).FromJSON,github.com/emirpasic/gods/v2/trees/binaryheap.(*Heap[go.shape.*github.com/ollama/ollama/model.pair]).FromJSON,ggml_ops,L6_658,0000000000bad200
github.com/emirpasic/gods/v2/trees/binaryheap.(*Heap[go.shape.*github.com/ollama/ollama/model.pair]).Iterator,github.com/emirpasic/gods/v2/trees/binaryheap.(*Heap[go.shape.*github.com/ollama/ollama/model.pair]).Iterator,ggml_ops,L6_659,0000000000bad440
github.com/emirpasic/gods/v2/trees/binaryheap.(*Heap[go.shape.*github.com/ollama/ollama/model.pair]).MarshalJSON,github.com/emirpasic/gods/v2/trees/binaryheap.(*Heap[go.shape.*github.com/ollama/ollama/model.pair]).MarshalJSON,ggml_ops,L6_660,0000000000bad000
github.com/emirpasic/gods/v2/trees/binaryheap.(*Heap[go.shape.*github.com/ollama/ollama/model.pair]).Peek,github.com/emirpasic/gods/v2/trees/binaryheap.(*Heap[go.shape.*github.com/ollama/ollama/model.pair]).Peek,ggml_ops,L6_661,0000000000baeb20
github.com/emirpasic/gods/v2/trees/binaryheap.(*Heap[go.shape.*github.com/ollama/ollama/model.pair]).Pop,github.com/emirpasic/gods/v2/trees/binaryheap.(*Heap[go.shape.*github.com/ollama/ollama/model.pair]).Pop,ggml_ops,L6_662,0000000000baebe0
github.com/emirpasic/gods/v2/trees/binaryheap.(*Heap[go.shape.*github.com/ollama/ollama/model.pair]).Push,github.com/emirpasic/gods/v2/trees/binaryheap.(*Heap[go.shape.*github.com/ollama/ollama/model.pair]).Push,ggml_ops,L6_663,0000000000baeda0
github.com/emirpasic/gods/v2/trees/binaryheap.(*Heap[go.shape.*github.com/ollama/ollama/model.pair]).Size,github.com/emirpasic/gods/v2/trees/binaryheap.(*Heap[go.shape.*github.com/ollama/ollama/model.pair]).Size,ggml_ops,L6_664,0000000000baea20
github.com/emirpasic/gods/v2/trees/binaryheap.(*Heap[go.shape.*github.com/ollama/ollama/model.pair]).String,github.com/emirpasic/gods/v2/trees/binaryheap.(*Heap[go.shape.*github.com/ollama/ollama/model.pair]).String,ggml_ops,L6_665,0000000000bae4a0
github.com/emirpasic/gods/v2/trees/binaryheap.(*Heap[go.shape.*github.com/ollama/ollama/model.pair]).ToJSON,github.com/emirpasic/gods/v2/trees/binaryheap.(*Heap[go.shape.*github.com/ollama/ollama/model.pair]).ToJSON,ggml_ops,L6_666,0000000000bad2e0
github.com/emirpasic/gods/v2/trees/binaryheap.(*Heap[go.shape.*github.com/ollama/ollama/model.pair]).UnmarshalJSON,github.com/emirpasic/gods/v2/trees/binaryheap.(*Heap[go.shape.*github.com/ollama/ollama/model.pair]).UnmarshalJSON,ggml_ops,L6_667,0000000000bad140
github.com/emirpasic/gods/v2/trees/binaryheap.(*Heap[go.shape.*github.com/ollama/ollama/model.pair]).Values,github.com/emirpasic/gods/v2/trees/binaryheap.(*Heap[go.shape.*github.com/ollama/ollama/model.pair]).Values,ggml_ops,L6_668,0000000000bae780
github.com/emirpasic/gods/v2/trees/binaryheap.(*Heap[go.shape.*github.com/ollama/ollama/model.pair]).withinRange,github.com/emirpasic/gods/v2/trees/binaryheap.(*Heap[go.shape.*github.com/ollama/ollama/model.pair]).withinRange,ggml_ops,L6_672,0000000000badde0
github.com/emirpasic/gods/v2/trees/binaryheap.(*Iterator[*github.com/ollama/ollama/model.pair]).Begin,github.com/emirpasic/gods/v2/trees/binaryheap.(*Iterator[*github.com/ollama/ollama/model.pair]).Begin,ggml_ops,L6_673,0000000000bb2340
github.com/emirpasic/gods/v2/trees/binaryheap.(*Iterator[*github.com/ollama/ollama/model.pair]).End,github.com/emirpasic/gods/v2/trees/binaryheap.(*Iterator[*github.com/ollama/ollama/model.pair]).End,ggml_ops,L6_674,0000000000bb2300
github.com/emirpasic/gods/v2/trees/binaryheap.(*Iterator[*github.com/ollama/ollama/model.pair]).First,github.com/emirpasic/gods/v2/trees/binaryheap.(*Iterator[*github.com/ollama/ollama/model.pair]).First,ggml_ops,L6_675,0000000000bb22a0
github.com/emirpasic/gods/v2/trees/binaryheap.(*Iterator[*github.com/ollama/ollama/model.pair]).Index,github.com/emirpasic/gods/v2/trees/binaryheap.(*Iterator[*github.com/ollama/ollama/model.pair]).Index,ggml_ops,L6_676,0000000000bb2380
github.com/emirpasic/gods/v2/trees/binaryheap.(*Iterator[*github.com/ollama/ollama/model.pair]).Last,github.com/emirpasic/gods/v2/trees/binaryheap.(*Iterator[*github.com/ollama/ollama/model.pair]).Last,ggml_ops,L6_677,0000000000bb2240
github.com/emirpasic/gods/v2/trees/binaryheap.(*Iterator[*github.com/ollama/ollama/model.pair]).Next,github.com/emirpasic/gods/v2/trees/binaryheap.(*Iterator[*github.com/ollama/ollama/model.pair]).Next,ggml_ops,L6_678,0000000000bb24a0
github.com/emirpasic/gods/v2/trees/binaryheap.(*Iterator[*github.com/ollama/ollama/model.pair]).NextTo,github.com/emirpasic/gods/v2/trees/binaryheap.(*Iterator[*github.com/ollama/ollama/model.pair]).NextTo,ggml_ops,L6_679,0000000000bb21e0
github.com/emirpasic/gods/v2/trees/binaryheap.(*Iterator[*github.com/ollama/ollama/model.pair]).Prev,github.com/emirpasic/gods/v2/trees/binaryheap.(*Iterator[*github.com/ollama/ollama/model.pair]).Prev,ggml_ops,L6_680,0000000000bb2440
github.com/emirpasic/gods/v2/trees/binaryheap.(*Iterator[*github.com/ollama/ollama/model.pair]).PrevTo,github.com/emirpasic/gods/v2/trees/binaryheap.(*Iterator[*github.com/ollama/ollama/model.pair]).PrevTo,ggml_ops,L6_681,0000000000bb2180
github.com/emirpasic/gods/v2/trees/binaryheap.(*Iterator[*github.com/ollama/ollama/model.pair]).Value,github.com/emirpasic/gods/v2/trees/binaryheap.(*Iterator[*github.com/ollama/ollama/model.pair]).Value,ggml_ops,L6_682,0000000000bb23e0
github.com/emirpasic/gods/v2/trees/binaryheap.(*Iterator[go.shape.*github.com/ollama/ollama/model.pair]).Begin,github.com/emirpasic/gods/v2/trees/binaryheap.(*Iterator[go.shape.*github.com/ollama/ollama/model.pair]).Begin,ggml_ops,L6_683,0000000000bad8a0
github.com/emirpasic/gods/v2/trees/binaryheap.(*Iterator[go.shape.*github.com/ollama/ollama/model.pair]).End,github.com/emirpasic/gods/v2/trees/binaryheap.(*Iterator[go.shape.*github.com/ollama/ollama/model.pair]).End,ggml_ops,L6_684,0000000000bad820
github.com/emirpasic/gods/v2/trees/binaryheap.(*Iterator[go.shape.*github.com/ollama/ollama/model.pair]).First,github.com/emirpasic/gods/v2/trees/binaryheap.(*Iterator[go.shape.*github.com/ollama/ollama/model.pair]).First,ggml_ops,L6_685,0000000000bad7a0
github.com/emirpasic/gods/v2/trees/binaryheap.(*Iterator[go.shape.*github.com/ollama/ollama/model.pair]).Index,github.com/emirpasic/gods/v2/trees/binaryheap.(*Iterator[go.shape.*github.com/ollama/ollama/model.pair]).Index,ggml_ops,L6_686,0000000000bad8c0
github.com/emirpasic/gods/v2/trees/binaryheap.(*Iterator[go.shape.*github.com/ollama/ollama/model.pair]).Last,github.com/emirpasic/gods/v2/trees/binaryheap.(*Iterator[go.shape.*github.com/ollama/ollama/model.pair]).Last,ggml_ops,L6_687,0000000000bad720
github.com/emirpasic/gods/v2/trees/binaryheap.(*Iterator[go.shape.*github.com/ollama/ollama/model.pair]).Next,github.com/emirpasic/gods/v2/trees/binaryheap.(*Iterator[go.shape.*github.com/ollama/ollama/model.pair]).Next,ggml_ops,L6_688,0000000000badd00
github.com/emirpasic/gods/v2/trees/binaryheap.(*Iterator[go.shape.*github.com/ollama/ollama/model.pair]).NextTo,github.com/emirpasic/gods/v2/trees/binaryheap.(*Iterator[go.shape.*github.com/ollama/ollama/model.pair]).NextTo,ggml_ops,L6_689,0000000000bad600
github.com/emirpasic/gods/v2/trees/binaryheap.(*Iterator[go.shape.*github.com/ollama/ollama/model.pair]).Prev,github.com/emirpasic/gods/v2/trees/binaryheap.(*Iterator[go.shape.*github.com/ollama/ollama/model.pair]).Prev,ggml_ops,L6_690,0000000000badc40
github.com/emirpasic/gods/v2/trees/binaryheap.(*Iterator[go.shape.*github.com/ollama/ollama/model.pair]).PrevTo,github.com/emirpasic/gods/v2/trees/binaryheap.(*Iterator[go.shape.*github.com/ollama/ollama/model.pair]).PrevTo,ggml_ops,L6_691,0000000000bad4e0
github.com/emirpasic/gods/v2/trees/binaryheap.(*Iterator[go.shape.*github.com/ollama/ollama/model.pair]).Value,github.com/emirpasic/gods/v2/trees/binaryheap.(*Iterator[go.shape.*github.com/ollama/ollama/model.pair]).Value,ggml_ops,L6_692,0000000000bad900
github.com/emirpasic/gods/v2/trees/binaryheap.NewWith[go.shape.*github.com/ollama/ollama/model.pair],github.com/emirpasic/gods/v2/trees/binaryheap.NewWith[go.shape.*github.com/ollama/ollama/model.pair],ggml_ops,L6_693,0000000000bace00
github.com/gin-gonic/gin.longestCommonPrefix,github.com/gin-gonic/gin.longestCommonPrefix,ggml_ops,L6_694,0000000000f20c20
github.com/ollama/ollama/api.(*ChatRequest).String,github.com/ollama/ollama/api.(*ChatRequest).String,ggml_ops,L6_695,0000000000a857a0
github.com/ollama/ollama/api.ChatRequest.String,github.com/ollama/ollama/api.ChatRequest.String,ggml_ops,L6_739,0000000000a85740
github.com/ollama/ollama/api.(*ChatResponse).Summary,github.com/ollama/ollama/api.(*ChatResponse).Summary,ggml_ops,L6_696,0000000000a85820
github.com/ollama/ollama/api.checkError,github.com/ollama/ollama/api.checkError,ggml_ops,L6_757,0000000000a7d080
github.com/ollama/ollama/api.(*Client).Chat,github.com/ollama/ollama/api.(*Client).Chat,ggml_ops,L6_697,0000000000a7ef00
github.com/ollama/ollama/api.(*Client).Chat.func1,github.com/ollama/ollama/api.(*Client).Chat.func1,ggml_ops,L6_698,0000000000a7f020
github.com/ollama/ollama/api.(*Client).Copy,github.com/ollama/ollama/api.(*Client).Copy,ggml_ops,L6_699,0000000000a7fc60
github.com/ollama/ollama/api.(*Client).Create,github.com/ollama/ollama/api.(*Client).Create,ggml_ops,L6_700,0000000000a7f6e0
github.com/ollama/ollama/api.(*Client).CreateBlob,github.com/ollama/ollama/api.(*Client).CreateBlob,ggml_ops,L6_702,0000000000a80100
github.com/ollama/ollama/api.(*Client).Create.func1,github.com/ollama/ollama/api.(*Client).Create.func1,ggml_ops,L6_701,0000000000a7f800
github.com/ollama/ollama/api.(*Client).Delete,github.com/ollama/ollama/api.(*Client).Delete,ggml_ops,L6_703,0000000000a7fd60
github.com/ollama/ollama/api.(*Client).do,github.com/ollama/ollama/api.(*Client).do,ggml_ops,L6_715,0000000000a7d340
github.com/ollama/ollama/api.(*Client).do.deferwrap1,github.com/ollama/ollama/api.(*Client).do.deferwrap1,ggml_ops,L6_716,0000000000a7dee0
github.com/ollama/ollama/api.ClientFromEnvironment,github.com/ollama/ollama/api.ClientFromEnvironment,ggml_ops,L6_740,0000000000a7d280
github.com/ollama/ollama/api.(*Client).Generate,github.com/ollama/ollama/api.(*Client).Generate,ggml_ops,L6_704,0000000000a7ebe0
github.com/ollama/ollama/api.(*Client).Generate.func1,github.com/ollama/ollama/api.(*Client).Generate.func1,ggml_ops,L6_705,0000000000a7ed00
github.com/ollama/ollama/api.(*Client).Heartbeat,github.com/ollama/ollama/api.(*Client).Heartbeat,ggml_ops,L6_706,0000000000a80020
github.com/ollama/ollama/api.(*Client).List,github.com/ollama/ollama/api.(*Client).List,ggml_ops,L6_707,0000000000a7f960
github.com/ollama/ollama/api.(*Client).ListRunning,github.com/ollama/ollama/api.(*Client).ListRunning,ggml_ops,L6_708,0000000000a7fae0
github.com/ollama/ollama/api.(*Client).Pull,github.com/ollama/ollama/api.(*Client).Pull,ggml_ops,L6_709,0000000000a7f1e0
github.com/ollama/ollama/api.(*Client).Pull.func1,github.com/ollama/ollama/api.(*Client).Pull.func1,ggml_ops,L6_710,0000000000a7f300
github.com/ollama/ollama/api.(*Client).Push,github.com/ollama/ollama/api.(*Client).Push,ggml_ops,L6_711,0000000000a7f460
github.com/ollama/ollama/api.(*Client).Push.func1,github.com/ollama/ollama/api.(*Client).Push.func1,ggml_ops,L6_712,0000000000a7f580
github.com/ollama/ollama/api.(*Client).Show,github.com/ollama/ollama/api.(*Client).Show,ggml_ops,L6_713,0000000000a7fe60
github.com/ollama/ollama/api.(*Client).stream,github.com/ollama/ollama/api.(*Client).stream,ggml_ops,L6_717,0000000000a7df20
github.com/ollama/ollama/api.(*Client).stream.deferwrap1,github.com/ollama/ollama/api.(*Client).stream.deferwrap1,ggml_ops,L6_718,0000000000a7eba0
github.com/ollama/ollama/api.(*Client).Version,github.com/ollama/ollama/api.(*Client).Version,ggml_ops,L6_714,0000000000a80320
github.com/ollama/ollama/api.DefaultOptions,github.com/ollama/ollama/api.DefaultOptions,ggml_ops,L6_741,0000000000a82d60
github.com/ollama/ollama/api.(*Duration).Abs,github.com/ollama/ollama/api.(*Duration).Abs,ggml_ops,L6_719,0000000000a84d20
github.com/ollama/ollama/api.Duration.Abs,github.com/ollama/ollama/api.Duration.Abs,ggml_ops,L6_742,0000000000a84cc0
github.com/ollama/ollama/api.(*Duration).Hours,github.com/ollama/ollama/api.(*Duration).Hours,ggml_ops,L6_720,0000000000a84de0
github.com/ollama/ollama/api.Duration.Hours,github.com/ollama/ollama/api.Duration.Hours,ggml_ops,L6_743,0000000000a84d80
github.com/ollama/ollama/api.(*Duration).MarshalJSON,github.com/ollama/ollama/api.(*Duration).MarshalJSON,ggml_ops,L6_721,0000000000a84e40
github.com/ollama/ollama/api.Duration.MarshalJSON,github.com/ollama/ollama/api.Duration.MarshalJSON,ggml_ops,L6_744,0000000000a82e80
github.com/ollama/ollama/api.(*Duration).Microseconds,github.com/ollama/ollama/api.(*Duration).Microseconds,ggml_ops,L6_722,0000000000a84fe0
github.com/ollama/ollama/api.Duration.Microseconds,github.com/ollama/ollama/api.Duration.Microseconds,ggml_ops,L6_745,0000000000a84f80
github.com/ollama/ollama/api.(*Duration).Milliseconds,github.com/ollama/ollama/api.(*Duration).Milliseconds,ggml_ops,L6_723,0000000000a850a0
github.com/ollama/ollama/api.Duration.Milliseconds,github.com/ollama/ollama/api.Duration.Milliseconds,ggml_ops,L6_746,0000000000a85040
github.com/ollama/ollama/api.(*Duration).Minutes,github.com/ollama/ollama/api.(*Duration).Minutes,ggml_ops,L6_724,0000000000a85160
github.com/ollama/ollama/api.Duration.Minutes,github.com/ollama/ollama/api.Duration.Minutes,ggml_ops,L6_747,0000000000a85100
github.com/ollama/ollama/api.(*Duration).Nanoseconds,github.com/ollama/ollama/api.(*Duration).Nanoseconds,ggml_ops,L6_725,0000000000a85220
github.com/ollama/ollama/api.Duration.Nanoseconds,github.com/ollama/ollama/api.Duration.Nanoseconds,ggml_ops,L6_748,0000000000a851c0
github.com/ollama/ollama/api.(*Duration).Round,github.com/ollama/ollama/api.(*Duration).Round,ggml_ops,L6_726,0000000000a852e0
github.com/ollama/ollama/api.Duration.Round,github.com/ollama/ollama/api.Duration.Round,ggml_ops,L6_749,0000000000a85280
github.com/ollama/ollama/api.(*Duration).Seconds,github.com/ollama/ollama/api.(*Duration).Seconds,ggml_ops,L6_727,0000000000a853a0
github.com/ollama/ollama/api.Duration.Seconds,github.com/ollama/ollama/api.Duration.Seconds,ggml_ops,L6_750,0000000000a85340
github.com/ollama/ollama/api.(*Duration).String,github.com/ollama/ollama/api.(*Duration).String,ggml_ops,L6_728,0000000000a85460
github.com/ollama/ollama/api.Duration.String,github.com/ollama/ollama/api.Duration.String,ggml_ops,L6_751,0000000000a85400
github.com/ollama/ollama/api.(*Duration).Truncate,github.com/ollama/ollama/api.(*Duration).Truncate,ggml_ops,L6_729,0000000000a85520
github.com/ollama/ollama/api.Duration.Truncate,github.com/ollama/ollama/api.Duration.Truncate,ggml_ops,L6_752,0000000000a854c0
github.com/ollama/ollama/api.(*Duration).UnmarshalJSON,github.com/ollama/ollama/api.(*Duration).UnmarshalJSON,ggml_ops,L6_730,0000000000a82fe0
github.com/ollama/ollama/api.FormatParams,github.com/ollama/ollama/api.FormatParams,ggml_ops,L6_753,0000000000a83420
github.com/ollama/ollama/api.(*GenerateResponse).Summary,github.com/ollama/ollama/api.(*GenerateResponse).Summary,ggml_ops,L6_731,0000000000a85580
github.com/ollama/ollama/api.(*Message).UnmarshalJSON,github.com/ollama/ollama/api.(*Message).UnmarshalJSON,ggml_ops,L6_732,0000000000a80960
github.com/ollama/ollama/api.(*Metrics).Summary,github.com/ollama/ollama/api.(*Metrics).Summary,ggml_ops,L6_733,0000000000a80d60
github.com/ollama/ollama/api.(*Options).FromMap,github.com/ollama/ollama/api.(*Options).FromMap,memory,L8_002,0000000000a81500
github.com/ollama/ollama/api.(*StatusError).Error,github.com/ollama/ollama/api.(*StatusError).Error,ggml_ops,L6_734,0000000000a85840
github.com/ollama/ollama/api.StatusError.Error,github.com/ollama/ollama/api.StatusError.Error,ggml_ops,L6_754,0000000000a804a0
github.com/ollama/ollama/api.(*ToolCallFunctionArguments).String,github.com/ollama/ollama/api.(*ToolCallFunctionArguments).String,ggml_ops,L6_736,0000000000a80b60
github.com/ollama/ollama/api.(*ToolFunction).String,github.com/ollama/ollama/api.(*ToolFunction).String,ggml_ops,L6_737,0000000000a80c60
github.com/ollama/ollama/api.(*Tools).String,github.com/ollama/ollama/api.(*Tools).String,ggml_ops,L6_738,0000000000a856c0
github.com/ollama/ollama/api.Tools.String,github.com/ollama/ollama/api.Tools.String,ggml_ops,L6_756,0000000000a80700
github.com/ollama/ollama/api.(*Tool).String,github.com/ollama/ollama/api.(*Tool).String,ggml_ops,L6_735,0000000000a855a0
github.com/ollama/ollama/api.Tool.String,github.com/ollama/ollama/api.Tool.String,ggml_ops,L6_755,0000000000a80860
github.com/ollama/ollama/auth.keyPath,github.com/ollama/ollama/auth.keyPath,ggml_ops,L6_760,0000000000c6c700
github.com/ollama/ollama/auth.NewNonce,github.com/ollama/ollama/auth.NewNonce,ggml_ops,L6_758,0000000000c6c900
github.com/ollama/ollama/auth.Sign,github.com/ollama/ollama/auth.Sign,ggml_ops,L6_759,0000000000c6cac0
github.com/ollama/ollama/cmd.appendEnvDocs,github.com/ollama/ollama/cmd.appendEnvDocs,ggml_ops,L6_786,000000000175c940
github.com/ollama/ollama/cmd.chat,github.com/ollama/ollama/cmd.chat,ggml_ops,L6_787,00000000017597a0
github.com/ollama/ollama/cmd.chat.deferwrap1,github.com/ollama/ollama/cmd.chat.deferwrap1,ggml_ops,L6_788,000000000175a620
github.com/ollama/ollama/cmd.chat.func1,github.com/ollama/ollama/cmd.chat.func1,ggml_ops,L6_789,000000000175a5c0
github.com/ollama/ollama/cmd.chat.func2,github.com/ollama/ollama/cmd.chat.func2,ggml_ops,L6_790,000000000175a440
github.com/ollama/ollama/cmd.checkServerHeartbeat,github.com/ollama/ollama/cmd.checkServerHeartbeat,ggml_ops,L6_791,000000000175c300
github.com/ollama/ollama/cmd.CopyHandler,github.com/ollama/ollama/cmd.CopyHandler,ggml_ops,L6_762,0000000001758000
github.com/ollama/ollama/cmd.createBlob,github.com/ollama/ollama/cmd.createBlob,ggml_ops,L6_792,000000000174dde0
github.com/ollama/ollama/cmd.createBlob.deferwrap1,github.com/ollama/ollama/cmd.createBlob.deferwrap1,ggml_ops,L6_793,000000000174ec20
github.com/ollama/ollama/cmd.createBlob.deferwrap2,github.com/ollama/ollama/cmd.createBlob.deferwrap2,ggml_ops,L6_794,000000000174ebe0
github.com/ollama/ollama/cmd.createBlob.deferwrap3,github.com/ollama/ollama/cmd.createBlob.deferwrap3,ggml_ops,L6_795,000000000174eba0
github.com/ollama/ollama/cmd.createBlob.func1,github.com/ollama/ollama/cmd.createBlob.func1,ggml_ops,L6_796,000000000174e760
github.com/ollama/ollama/cmd.createBlob.func1.deferwrap1,github.com/ollama/ollama/cmd.createBlob.func1.deferwrap1,ggml_ops,L6_797,000000000174eb60
github.com/ollama/ollama/cmd.CreateHandler,github.com/ollama/ollama/cmd.CreateHandler,ggml_ops,L6_763,000000000174c840
github.com/ollama/ollama/cmd.CreateHandler.deferwrap1,github.com/ollama/ollama/cmd.CreateHandler.deferwrap1,ggml_ops,L6_764,000000000174dda0
github.com/ollama/ollama/cmd.CreateHandler.deferwrap2,github.com/ollama/ollama/cmd.CreateHandler.deferwrap2,ggml_ops,L6_765,000000000174dd60
github.com/ollama/ollama/cmd.CreateHandler.func1,github.com/ollama/ollama/cmd.CreateHandler.func1,ggml_ops,L6_766,000000000174d940
github.com/ollama/ollama/cmd.DeleteHandler,github.com/ollama/ollama/cmd.DeleteHandler,ggml_ops,L6_767,0000000001752f80
github.com/ollama/ollama/cmd.displayResponse,github.com/ollama/ollama/cmd.displayResponse,ggml_ops,L6_798,0000000001758de0
github.com/ollama/ollama/cmd.extractFileData,github.com/ollama/ollama/cmd.extractFileData,ggml_ops,L6_799,0000000001765ec0
github.com/ollama/ollama/cmd.extractFileNames,github.com/ollama/ollama/cmd.extractFileNames,ggml_ops,L6_800,0000000001765e00
github.com/ollama/ollama/cmd.generate,github.com/ollama/ollama/cmd.generate,ggml_ops,L6_801,000000000175a660
github.com/ollama/ollama/cmd.generate.deferwrap1,github.com/ollama/ollama/cmd.generate.deferwrap1,ggml_ops,L6_802,000000000175b600
github.com/ollama/ollama/cmd.generate.func1,github.com/ollama/ollama/cmd.generate.func1,ggml_ops,L6_803,000000000175b5a0
github.com/ollama/ollama/cmd.generate.func2,github.com/ollama/ollama/cmd.generate.func2,ggml_ops,L6_804,000000000175b460
github.com/ollama/ollama/cmd.generateInteractive,github.com/ollama/ollama/cmd.generateInteractive,ggml_ops,L6_805,000000000175f5a0
github.com/ollama/ollama/cmd.generateInteractive.deferwrap1,github.com/ollama/ollama/cmd.generateInteractive.deferwrap1,ggml_ops,L6_806,0000000001768660
github.com/ollama/ollama/cmd.generateInteractive.func1,github.com/ollama/ollama/cmd.generateInteractive.func1,ggml_ops,L6_807,0000000001765200
github.com/ollama/ollama/cmd.generateInteractive.func2,github.com/ollama/ollama/cmd.generateInteractive.func2,ggml_ops,L6_808,00000000017670c0
github.com/ollama/ollama/cmd.generateInteractive.func3,github.com/ollama/ollama/cmd.generateInteractive.func3,ggml_ops,L6_809,0000000001767660
github.com/ollama/ollama/cmd.generateInteractive.func4,github.com/ollama/ollama/cmd.generateInteractive.func4,ggml_ops,L6_810,0000000001767c80
github.com/ollama/ollama/cmd.generateInteractive.func5,github.com/ollama/ollama/cmd.generateInteractive.func5,ggml_ops,L6_811,0000000001768040
github.com/ollama/ollama/cmd.generateInteractive.func6,github.com/ollama/ollama/cmd.generateInteractive.func6,ggml_ops,L6_812,00000000017686a0
github.com/ollama/ollama/cmd.getImageData,github.com/ollama/ollama/cmd.getImageData,ggml_ops,L6_813,0000000001766540
github.com/ollama/ollama/cmd.getImageData.deferwrap1,github.com/ollama/ollama/cmd.getImageData.deferwrap1,ggml_ops,L6_814,0000000001767000
github.com/ollama/ollama/cmd.getModelfileName,github.com/ollama/ollama/cmd.getModelfileName,ggml_ops,L6_815,000000000174c540
github.com/ollama/ollama/cmd.init,github.com/ollama/ollama/cmd.init,ggml_ops,L6_816,000000000174c4e0
github.com/ollama/ollama/cmd.initializeKeypair,github.com/ollama/ollama/cmd.initializeKeypair,ggml_ops,L6_817,000000000175b840
github.com/ollama/ollama/cmd.ListHandler,github.com/ollama/ollama/cmd.ListHandler,ggml_ops,L6_768,0000000001751c40
github.com/ollama/ollama/cmd.ListRunningHandler,github.com/ollama/ollama/cmd.ListRunningHandler,ggml_ops,L6_769,0000000001752480
github.com/ollama/ollama/cmd.loadOrUnloadModel,github.com/ollama/ollama/cmd.loadOrUnloadModel,ggml_ops,L6_818,000000000174ed20
github.com/ollama/ollama/cmd.loadOrUnloadModel.deferwrap1,github.com/ollama/ollama/cmd.loadOrUnloadModel.deferwrap1,ggml_ops,L6_819,000000000174f080
github.com/ollama/ollama/cmd.loadOrUnloadModel.func1,github.com/ollama/ollama/cmd.loadOrUnloadModel.func1,ggml_ops,L6_820,0000000001768ce0
github.com/ollama/ollama/cmd.NewCLI,github.com/ollama/ollama/cmd.NewCLI,ggml_ops,L6_770,000000000175cc40
github.com/ollama/ollama/cmd.NewCLI.func1,github.com/ollama/ollama/cmd.NewCLI.func1,ggml_ops,L6_771,00000000017686e0
github.com/ollama/ollama/cmd.NewCLI.func2,github.com/ollama/ollama/cmd.NewCLI.func2,ggml_ops,L6_772,00000000017688a0
github.com/ollama/ollama/cmd.NewCLI.func3,github.com/ollama/ollama/cmd.NewCLI.func3,ggml_ops,L6_773,0000000001768980
github.com/ollama/ollama/cmd.NewCreateRequest,github.com/ollama/ollama/cmd.NewCreateRequest,ggml_ops,L6_774,00000000017658a0
github.com/ollama/ollama/cmd.normalizeFilePath,github.com/ollama/ollama/cmd.normalizeFilePath,ggml_ops,L6_821,0000000001765ce0
github.com/ollama/ollama/cmd.(*progressWriter).Write,github.com/ollama/ollama/cmd.(*progressWriter).Write,ggml_ops,L6_761,000000000174ec60
github.com/ollama/ollama/cmd.PullHandler,github.com/ollama/ollama/cmd.PullHandler,ggml_ops,L6_775,00000000017583e0
github.com/ollama/ollama/cmd.PullHandler.deferwrap1,github.com/ollama/ollama/cmd.PullHandler.deferwrap1,ggml_ops,L6_776,0000000001758da0
github.com/ollama/ollama/cmd.PullHandler.func1,github.com/ollama/ollama/cmd.PullHandler.func1,ggml_ops,L6_777,0000000001758960
github.com/ollama/ollama/cmd.PushHandler,github.com/ollama/ollama/cmd.PushHandler,ggml_ops,L6_778,0000000001750e20
github.com/ollama/ollama/cmd.PushHandler.deferwrap1,github.com/ollama/ollama/cmd.PushHandler.deferwrap1,ggml_ops,L6_779,0000000001751c00
github.com/ollama/ollama/cmd.PushHandler.func1,github.com/ollama/ollama/cmd.PushHandler.func1,ggml_ops,L6_780,00000000017517c0
github.com/ollama/ollama/cmd.RunHandler,github.com/ollama/ollama/cmd.RunHandler,ggml_ops,L6_781,000000000174f400
github.com/ollama/ollama/cmd.RunHandler.func1,github.com/ollama/ollama/cmd.RunHandler.func1,ggml_ops,L6_782,0000000001750920
github.com/ollama/ollama/cmd.RunServer,github.com/ollama/ollama/cmd.RunServer,ggml_ops,L6_783,000000000175b640
github.com/ollama/ollama/cmd.ShowHandler,github.com/ollama/ollama/cmd.ShowHandler,ggml_ops,L6_784,0000000001753620
github.com/ollama/ollama/cmd.showInfo,github.com/ollama/ollama/cmd.showInfo,ggml_ops,L6_822,0000000001754960
github.com/ollama/ollama/cmd.showInfo.func1,github.com/ollama/ollama/cmd.showInfo.func1,ggml_ops,L6_823,0000000001757ae0
github.com/ollama/ollama/cmd.showInfo.func10,github.com/ollama/ollama/cmd.showInfo.func10,ggml_ops,L6_824,0000000001754de0
github.com/ollama/ollama/cmd.showInfo.func2,github.com/ollama/ollama/cmd.showInfo.func2,ggml_ops,L6_825,0000000001756c20
github.com/ollama/ollama/cmd.showInfo.func3,github.com/ollama/ollama/cmd.showInfo.func3,ggml_ops,L6_826,00000000017569c0
github.com/ollama/ollama/cmd.showInfo.func4,github.com/ollama/ollama/cmd.showInfo.func4,ggml_ops,L6_827,0000000001755fa0
github.com/ollama/ollama/cmd.showInfo.func5,github.com/ollama/ollama/cmd.showInfo.func5,ggml_ops,L6_828,0000000001755c80
github.com/ollama/ollama/cmd.showInfo.func6,github.com/ollama/ollama/cmd.showInfo.func6,ggml_ops,L6_829,00000000017552e0
github.com/ollama/ollama/cmd.showInfo.func7,github.com/ollama/ollama/cmd.showInfo.func7,ggml_ops,L6_830,0000000001754f20
github.com/ollama/ollama/cmd.showInfo.func8,github.com/ollama/ollama/cmd.showInfo.func8,ggml_ops,L6_831,0000000001768a20
github.com/ollama/ollama/cmd.showInfo.func9,github.com/ollama/ollama/cmd.showInfo.func9,ggml_ops,L6_832,0000000001754e80
github.com/ollama/ollama/cmd.startApp,github.com/ollama/ollama/cmd.startApp,ggml_ops,L6_833,0000000001767040
github.com/ollama/ollama/cmd.StopHandler,github.com/ollama/ollama/cmd.StopHandler,ggml_ops,L6_785,000000000174f0c0
github.com/ollama/ollama/cmd.versionHandler,github.com/ollama/ollama/cmd.versionHandler,ggml_ops,L6_834,000000000175c540
github.com/ollama/ollama/convert.(*AdapterParameters).KV,github.com/ollama/ollama/convert.(*AdapterParameters).KV,ggml_ops,L6_835,00000000016960e0
github.com/ollama/ollama/convert.AdapterParameters.KV,github.com/ollama/ollama/convert.AdapterParameters.KV,ggml_ops,L6_922,00000000016740e0
github.com/ollama/ollama/convert.(*AdapterParameters).writeFile,github.com/ollama/ollama/convert.(*AdapterParameters).writeFile,ggml_ops,L6_836,0000000001696180
github.com/ollama/ollama/convert.AdapterParameters.writeFile,github.com/ollama/ollama/convert.AdapterParameters.writeFile,ggml_ops,L6_923,0000000001674760
github.com/ollama/ollama/convert.(*bertModel).KV,github.com/ollama/ollama/convert.(*bertModel).KV,ggml_ops,L6_840,0000000001677760
github.com/ollama/ollama/convert.(*bertModel).parseMore,github.com/ollama/ollama/convert.(*bertModel).parseMore,ggml_ops,L6_843,0000000001677180
github.com/ollama/ollama/convert.(*bertModel).Replacements,github.com/ollama/ollama/convert.(*bertModel).Replacements,ggml_ops,L6_841,00000000016954c0
github.com/ollama/ollama/convert.bertModel.Replacements,github.com/ollama/ollama/convert.bertModel.Replacements,ggml_ops,L6_929,0000000001678aa0
github.com/ollama/ollama/convert.(*bertModel).specialTokenTypes,github.com/ollama/ollama/convert.(*bertModel).specialTokenTypes,ggml_ops,L6_844,0000000001695660
github.com/ollama/ollama/convert.bertModel.specialTokenTypes,github.com/ollama/ollama/convert.bertModel.specialTokenTypes,ggml_ops,L6_930,00000000016955e0
github.com/ollama/ollama/convert.(*bertModel).Tensors,github.com/ollama/ollama/convert.(*bertModel).Tensors,ggml_ops,L6_842,00000000016785e0
github.com/ollama/ollama/convert.(*bertModel).writeFile,github.com/ollama/ollama/convert.(*bertModel).writeFile,ggml_ops,L6_845,0000000001695840
github.com/ollama/ollama/convert.bertModel.writeFile,github.com/ollama/ollama/convert.bertModel.writeFile,ggml_ops,L6_931,0000000001695700
github.com/ollama/ollama/convert.(*commandrModel).KV,github.com/ollama/ollama/convert.(*commandrModel).KV,ggml_ops,L6_846,0000000001678b80
github.com/ollama/ollama/convert.(*commandrModel).Replacements,github.com/ollama/ollama/convert.(*commandrModel).Replacements,ggml_ops,L6_847,0000000001679840
github.com/ollama/ollama/convert.(*commandrModel).specialTokenTypes,github.com/ollama/ollama/convert.(*commandrModel).specialTokenTypes,ggml_ops,L6_849,0000000001695a20
github.com/ollama/ollama/convert.commandrModel.specialTokenTypes,github.com/ollama/ollama/convert.commandrModel.specialTokenTypes,ggml_ops,L6_932,00000000016959a0
github.com/ollama/ollama/convert.(*commandrModel).Tensors,github.com/ollama/ollama/convert.(*commandrModel).Tensors,ggml_ops,L6_848,00000000016794a0
github.com/ollama/ollama/convert.(*commandrModel).writeFile,github.com/ollama/ollama/convert.(*commandrModel).writeFile,ggml_ops,L6_850,0000000001695be0
github.com/ollama/ollama/convert.commandrModel.writeFile,github.com/ollama/ollama/convert.commandrModel.writeFile,ggml_ops,L6_933,0000000001695ac0
github.com/ollama/ollama/convert.ConvertAdapter,github.com/ollama/ollama/convert.ConvertAdapter,ggml_ops,L6_924,00000000016748a0
github.com/ollama/ollama/convert.ConvertModel,github.com/ollama/ollama/convert.ConvertModel,ggml_ops,L6_925,0000000001675020
github.com/ollama/ollama/convert.(*experts).WriteTo,github.com/ollama/ollama/convert.(*experts).WriteTo,ggml_ops,L6_851,0000000001698060
github.com/ollama/ollama/convert.experts.WriteTo,github.com/ollama/ollama/convert.experts.WriteTo,ggml_ops,L6_934,0000000001683f80
github.com/ollama/ollama/convert.(*gemma2Adapter).KV,github.com/ollama/ollama/convert.(*gemma2Adapter).KV,ggml_ops,L6_852,000000000167b9a0
github.com/ollama/ollama/convert.(*gemma2Adapter).repack,github.com/ollama/ollama/convert.(*gemma2Adapter).repack,ggml_ops,L6_855,000000000167c220
github.com/ollama/ollama/convert.(*gemma2Adapter).repack-fm,github.com/ollama/ollama/convert.(*gemma2Adapter).repack-fm,ggml_ops,L6_856,0000000001699940
github.com/ollama/ollama/convert.(*gemma2Adapter).Replacements,github.com/ollama/ollama/convert.(*gemma2Adapter).Replacements,ggml_ops,L6_853,000000000167c120
github.com/ollama/ollama/convert.(*gemma2Adapter).Tensors,github.com/ollama/ollama/convert.(*gemma2Adapter).Tensors,ggml_ops,L6_854,000000000167bac0
github.com/ollama/ollama/convert.(*gemma2Adapter).writeFile,github.com/ollama/ollama/convert.(*gemma2Adapter).writeFile,ggml_ops,L6_857,0000000001696440
github.com/ollama/ollama/convert.gemma2Adapter.writeFile,github.com/ollama/ollama/convert.gemma2Adapter.writeFile,ggml_ops,L6_935,00000000016962e0
github.com/ollama/ollama/convert.(*gemma2Model).KV,github.com/ollama/ollama/convert.(*gemma2Model).KV,ggml_ops,L6_858,000000000167ae40
github.com/ollama/ollama/convert.(*gemma2Model).Replacements,github.com/ollama/ollama/convert.(*gemma2Model).Replacements,ggml_ops,L6_859,000000000167b8a0
github.com/ollama/ollama/convert.(*gemma2Model).specialTokenTypes,github.com/ollama/ollama/convert.(*gemma2Model).specialTokenTypes,ggml_ops,L6_861,0000000001697560
github.com/ollama/ollama/convert.gemma2Model.specialTokenTypes,github.com/ollama/ollama/convert.gemma2Model.specialTokenTypes,ggml_ops,L6_936,00000000016974e0
github.com/ollama/ollama/convert.(*gemma2Model).Tensors,github.com/ollama/ollama/convert.(*gemma2Model).Tensors,ggml_ops,L6_860,0000000001697480
github.com/ollama/ollama/convert.(*gemma2Model).writeFile,github.com/ollama/ollama/convert.(*gemma2Model).writeFile,ggml_ops,L6_862,0000000001697720
github.com/ollama/ollama/convert.gemma2Model.writeFile,github.com/ollama/ollama/convert.gemma2Model.writeFile,ggml_ops,L6_937,0000000001697600
github.com/ollama/ollama/convert.(*gemma3Model).KV,github.com/ollama/ollama/convert.(*gemma3Model).KV,ggml_ops,L6_863,000000000167c940
github.com/ollama/ollama/convert.(*gemma3Model).Replacements,github.com/ollama/ollama/convert.(*gemma3Model).Replacements,ggml_ops,L6_864,000000000167e020
github.com/ollama/ollama/convert.(*gemma3Model).specialTokenTypes,github.com/ollama/ollama/convert.(*gemma3Model).specialTokenTypes,ggml_ops,L6_866,0000000001697960
github.com/ollama/ollama/convert.gemma3Model.specialTokenTypes,github.com/ollama/ollama/convert.gemma3Model.specialTokenTypes,ggml_ops,L6_938,00000000016978e0
github.com/ollama/ollama/convert.(*gemma3Model).Tensors,github.com/ollama/ollama/convert.(*gemma3Model).Tensors,ggml_ops,L6_865,0000000001697880
github.com/ollama/ollama/convert.(*gemma3Model).writeFile,github.com/ollama/ollama/convert.(*gemma3Model).writeFile,ggml_ops,L6_867,0000000001697b40
github.com/ollama/ollama/convert.gemma3Model.writeFile,github.com/ollama/ollama/convert.gemma3Model.writeFile,ggml_ops,L6_939,0000000001697a00
github.com/ollama/ollama/convert.(*gemmaModel).addOne,github.com/ollama/ollama/convert.(*gemmaModel).addOne,ggml_ops,L6_871,000000000167a780
github.com/ollama/ollama/convert.(*gemmaModel).addOne-fm,github.com/ollama/ollama/convert.(*gemmaModel).addOne-fm,ggml_ops,L6_872,0000000001699b60
github.com/ollama/ollama/convert.(*gemmaModel).KV,github.com/ollama/ollama/convert.(*gemmaModel).KV,ggml_ops,L6_868,0000000001679940
github.com/ollama/ollama/convert.(*gemmaModel).Replacements,github.com/ollama/ollama/convert.(*gemmaModel).Replacements,ggml_ops,L6_869,000000000167a680
github.com/ollama/ollama/convert.(*gemmaModel).specialTokenTypes,github.com/ollama/ollama/convert.(*gemmaModel).specialTokenTypes,ggml_ops,L6_873,0000000001695dc0
github.com/ollama/ollama/convert.gemmaModel.specialTokenTypes,github.com/ollama/ollama/convert.gemmaModel.specialTokenTypes,ggml_ops,L6_940,0000000001695d40
github.com/ollama/ollama/convert.(*gemmaModel).Tensors,github.com/ollama/ollama/convert.(*gemmaModel).Tensors,ggml_ops,L6_870,000000000167a1c0
github.com/ollama/ollama/convert.(*gemmaModel).writeFile,github.com/ollama/ollama/convert.(*gemmaModel).writeFile,ggml_ops,L6_874,0000000001695f80
github.com/ollama/ollama/convert.gemmaModel.writeFile,github.com/ollama/ollama/convert.gemmaModel.writeFile,ggml_ops,L6_941,0000000001695e60
github.com/ollama/ollama/convert.(*llamaAdapter).KV,github.com/ollama/ollama/convert.(*llamaAdapter).KV,ggml_ops,L6_875,0000000001680d40
github.com/ollama/ollama/convert.(*llamaAdapter).repack,github.com/ollama/ollama/convert.(*llamaAdapter).repack,ggml_ops,L6_878,0000000001681740
github.com/ollama/ollama/convert.(*llamaAdapter).repackAndTranspose,github.com/ollama/ollama/convert.(*llamaAdapter).repackAndTranspose,ggml_ops,L6_880,0000000001682280
github.com/ollama/ollama/convert.(*llamaAdapter).repackAndTranspose-fm,github.com/ollama/ollama/convert.(*llamaAdapter).repackAndTranspose-fm,ggml_ops,L6_881,00000000016992e0
github.com/ollama/ollama/convert.(*llamaAdapter).repack-fm,github.com/ollama/ollama/convert.(*llamaAdapter).repack-fm,ggml_ops,L6_879,0000000001699500
github.com/ollama/ollama/convert.(*llamaAdapter).Replacements,github.com/ollama/ollama/convert.(*llamaAdapter).Replacements,ggml_ops,L6_876,0000000001681640
github.com/ollama/ollama/convert.(*llamaAdapter).Tensors,github.com/ollama/ollama/convert.(*llamaAdapter).Tensors,ggml_ops,L6_877,0000000001680fc0
github.com/ollama/ollama/convert.(*llamaAdapter).writeFile,github.com/ollama/ollama/convert.(*llamaAdapter).writeFile,ggml_ops,L6_882,0000000001696bc0
github.com/ollama/ollama/convert.llamaAdapter.writeFile,github.com/ollama/ollama/convert.llamaAdapter.writeFile,ggml_ops,L6_942,0000000001696a60
github.com/ollama/ollama/convert.(*llamaModel).KV,github.com/ollama/ollama/convert.(*llamaModel).KV,ggml_ops,L6_883,000000000167e120
github.com/ollama/ollama/convert.(*llamaModel).repack,github.com/ollama/ollama/convert.(*llamaModel).repack,ggml_ops,L6_886,0000000001680080
github.com/ollama/ollama/convert.(*llamaModel).repack-fm,github.com/ollama/ollama/convert.(*llamaModel).repack-fm,ggml_ops,L6_887,0000000001699720
github.com/ollama/ollama/convert.(*llamaModel).Replacements,github.com/ollama/ollama/convert.(*llamaModel).Replacements,ggml_ops,L6_884,000000000167ff80
github.com/ollama/ollama/convert.(*llamaModel).specialTokenTypes,github.com/ollama/ollama/convert.(*llamaModel).specialTokenTypes,ggml_ops,L6_888,0000000001696720
github.com/ollama/ollama/convert.llamaModel.specialTokenTypes,github.com/ollama/ollama/convert.llamaModel.specialTokenTypes,ggml_ops,L6_943,00000000016966a0
github.com/ollama/ollama/convert.(*llamaModel).Tensors,github.com/ollama/ollama/convert.(*llamaModel).Tensors,ggml_ops,L6_885,000000000167f8c0
github.com/ollama/ollama/convert.(*llamaModel).writeFile,github.com/ollama/ollama/convert.(*llamaModel).writeFile,ggml_ops,L6_889,0000000001696900
github.com/ollama/ollama/convert.llamaModel.writeFile,github.com/ollama/ollama/convert.llamaModel.writeFile,ggml_ops,L6_944,00000000016967c0
github.com/ollama/ollama/convert.(*mixtralModel).KV,github.com/ollama/ollama/convert.(*mixtralModel).KV,ggml_ops,L6_890,0000000001682f20
github.com/ollama/ollama/convert.(*mixtralModel).Replacements,github.com/ollama/ollama/convert.(*mixtralModel).Replacements,ggml_ops,L6_891,0000000001683e40
github.com/ollama/ollama/convert.(*mixtralModel).specialTokenTypes,github.com/ollama/ollama/convert.(*mixtralModel).specialTokenTypes,ggml_ops,L6_894,0000000001697d20
github.com/ollama/ollama/convert.mixtralModel.specialTokenTypes,github.com/ollama/ollama/convert.mixtralModel.specialTokenTypes,ggml_ops,L6_945,0000000001697ca0
github.com/ollama/ollama/convert.(*mixtralModel).Tensors,github.com/ollama/ollama/convert.(*mixtralModel).Tensors,ggml_ops,L6_892,00000000016830e0
github.com/ollama/ollama/convert.(*mixtralModel).Tensors.func1,github.com/ollama/ollama/convert.(*mixtralModel).Tensors.func1,ggml_ops,L6_893,0000000001683c60
github.com/ollama/ollama/convert.(*mixtralModel).writeFile,github.com/ollama/ollama/convert.(*mixtralModel).writeFile,ggml_ops,L6_895,0000000001697f00
github.com/ollama/ollama/convert.mixtralModel.writeFile,github.com/ollama/ollama/convert.mixtralModel.writeFile,ggml_ops,L6_946,0000000001697dc0
github.com/ollama/ollama/convert.(*ModelParameters).KV,github.com/ollama/ollama/convert.(*ModelParameters).KV,ggml_ops,L6_837,0000000001695200
github.com/ollama/ollama/convert.ModelParameters.KV,github.com/ollama/ollama/convert.ModelParameters.KV,ggml_ops,L6_926,0000000001673620
github.com/ollama/ollama/convert.(*ModelParameters).specialTokenTypes,github.com/ollama/ollama/convert.(*ModelParameters).specialTokenTypes,ggml_ops,L6_838,00000000016952a0
github.com/ollama/ollama/convert.ModelParameters.specialTokenTypes,github.com/ollama/ollama/convert.ModelParameters.specialTokenTypes,ggml_ops,L6_927,0000000001674420
github.com/ollama/ollama/convert.(*ModelParameters).writeFile,github.com/ollama/ollama/convert.(*ModelParameters).writeFile,ggml_ops,L6_839,0000000001695360
github.com/ollama/ollama/convert.ModelParameters.writeFile,github.com/ollama/ollama/convert.ModelParameters.writeFile,ggml_ops,L6_928,0000000001674660
github.com/ollama/ollama/convert.parseAdditionalSpecialTokens,github.com/ollama/ollama/convert.parseAdditionalSpecialTokens,ggml_ops,L6_947,000000000168f260
github.com/ollama/ollama/convert.parseAdditionalSpecialTokens.deferwrap1,github.com/ollama/ollama/convert.parseAdditionalSpecialTokens.deferwrap1,ggml_ops,L6_948,0000000001690060
github.com/ollama/ollama/convert.parseSafetensors,github.com/ollama/ollama/convert.parseSafetensors,ggml_ops,L6_949,0000000001687200
github.com/ollama/ollama/convert.parseSafetensors.deferwrap1,github.com/ollama/ollama/convert.parseSafetensors.deferwrap1,ggml_ops,L6_950,00000000016881e0
github.com/ollama/ollama/convert.parseSentencePiece,github.com/ollama/ollama/convert.parseSentencePiece,vocab,L7_013,000000000168da00
github.com/ollama/ollama/convert.parseSentencePiece.deferwrap1,github.com/ollama/ollama/convert.parseSentencePiece.deferwrap1,vocab,L7_014,000000000168f220
github.com/ollama/ollama/convert.parseSentencePiece.func1,github.com/ollama/ollama/convert.parseSentencePiece.func1,vocab,L7_015,00000000016900a0
github.com/ollama/ollama/convert.parseTensors,github.com/ollama/ollama/convert.parseTensors,ggml_ops,L6_951,0000000001686ae0
github.com/ollama/ollama/convert.parseTokenizer,github.com/ollama/ollama/convert.parseTokenizer,vocab,L7_016,000000000168a000
github.com/ollama/ollama/convert.parseTokenizer.deferwrap1,github.com/ollama/ollama/convert.parseTokenizer.deferwrap1,vocab,L7_017,000000000168c4e0
github.com/ollama/ollama/convert.parseTokenizer.deferwrap2,github.com/ollama/ollama/convert.parseTokenizer.deferwrap2,vocab,L7_018,000000000168c360
github.com/ollama/ollama/convert.parseTokenizer.func1,github.com/ollama/ollama/convert.parseTokenizer.func1,vocab,L7_019,000000000168c3a0
github.com/ollama/ollama/convert.parseTorch,github.com/ollama/ollama/convert.parseTorch,ggml_ops,L6_952,0000000001689800
github.com/ollama/ollama/convert.parseVocabulary,github.com/ollama/ollama/convert.parseVocabulary,vocab,L7_020,000000000168d1c0
github.com/ollama/ollama/convert.parseVocabularyFromTokenizer,github.com/ollama/ollama/convert.parseVocabularyFromTokenizer,vocab,L7_021,000000000168c520
github.com/ollama/ollama/convert.parseVocabularyFromTokenizer.deferwrap1,github.com/ollama/ollama/convert.parseVocabularyFromTokenizer.deferwrap1,vocab,L7_022,000000000168d180
github.com/ollama/ollama/convert.(*phi3Model).KV,github.com/ollama/ollama/convert.(*phi3Model).KV,ggml_ops,L6_896,0000000001684160
github.com/ollama/ollama/convert.(*phi3Model).Replacements,github.com/ollama/ollama/convert.(*phi3Model).Replacements,ggml_ops,L6_897,0000000001685920
github.com/ollama/ollama/convert.(*phi3Model).specialTokenTypes,github.com/ollama/ollama/convert.(*phi3Model).specialTokenTypes,ggml_ops,L6_900,0000000001696d80
github.com/ollama/ollama/convert.phi3Model.specialTokenTypes,github.com/ollama/ollama/convert.phi3Model.specialTokenTypes,ggml_ops,L6_953,0000000001696d00
github.com/ollama/ollama/convert.(*phi3Model).Tensors,github.com/ollama/ollama/convert.(*phi3Model).Tensors,ggml_ops,L6_898,00000000016850a0
github.com/ollama/ollama/convert.(*phi3Model).Tensors.func1,github.com/ollama/ollama/convert.(*phi3Model).Tensors.func1,ggml_ops,L6_899,0000000001685580
github.com/ollama/ollama/convert.(*phi3Model).writeFile,github.com/ollama/ollama/convert.(*phi3Model).writeFile,ggml_ops,L6_901,0000000001696f60
github.com/ollama/ollama/convert.phi3Model.writeFile,github.com/ollama/ollama/convert.phi3Model.writeFile,ggml_ops,L6_954,0000000001696e20
github.com/ollama/ollama/convert.(*qwen2Model).KV,github.com/ollama/ollama/convert.(*qwen2Model).KV,ggml_ops,L6_902,0000000001685b40
github.com/ollama/ollama/convert.(*qwen2Model).Replacements,github.com/ollama/ollama/convert.(*qwen2Model).Replacements,ggml_ops,L6_903,0000000001686740
github.com/ollama/ollama/convert.(*qwen2Model).specialTokenTypes,github.com/ollama/ollama/convert.(*qwen2Model).specialTokenTypes,ggml_ops,L6_905,0000000001697140
github.com/ollama/ollama/convert.qwen2Model.specialTokenTypes,github.com/ollama/ollama/convert.qwen2Model.specialTokenTypes,ggml_ops,L6_955,00000000016970c0
github.com/ollama/ollama/convert.(*qwen2Model).Tensors,github.com/ollama/ollama/convert.(*qwen2Model).Tensors,ggml_ops,L6_904,00000000016863a0
github.com/ollama/ollama/convert.(*qwen2Model).writeFile,github.com/ollama/ollama/convert.(*qwen2Model).writeFile,ggml_ops,L6_906,0000000001697320
github.com/ollama/ollama/convert.qwen2Model.writeFile,github.com/ollama/ollama/convert.qwen2Model.writeFile,ggml_ops,L6_956,00000000016971e0
github.com/ollama/ollama/convert.(*ropeFactor).WriteTo,github.com/ollama/ollama/convert.(*ropeFactor).WriteTo,ggml_ops,L6_907,0000000001696580
github.com/ollama/ollama/convert.ropeFactor.WriteTo,github.com/ollama/ollama/convert.ropeFactor.WriteTo,ggml_ops,L6_957,0000000001685a20
github.com/ollama/ollama/convert.(*safetensor).Kind,github.com/ollama/ollama/convert.(*safetensor).Kind,ggml_ops,L6_908,00000000016984e0
github.com/ollama/ollama/convert.safetensor.Kind,github.com/ollama/ollama/convert.safetensor.Kind,ggml_ops,L6_958,00000000016983c0
github.com/ollama/ollama/convert.(*safetensor).Name,github.com/ollama/ollama/convert.(*safetensor).Name,ggml_ops,L6_909,00000000016986c0
github.com/ollama/ollama/convert.safetensor.Name,github.com/ollama/ollama/convert.safetensor.Name,ggml_ops,L6_959,0000000001698580
github.com/ollama/ollama/convert.(*safetensor).SetRepacker,github.com/ollama/ollama/convert.(*safetensor).SetRepacker,ggml_ops,L6_910,0000000001698840
github.com/ollama/ollama/convert.safetensor.SetRepacker,github.com/ollama/ollama/convert.safetensor.SetRepacker,ggml_ops,L6_960,0000000001698780
github.com/ollama/ollama/convert.(*safetensor).Shape,github.com/ollama/ollama/convert.(*safetensor).Shape,ggml_ops,L6_911,00000000016989c0
github.com/ollama/ollama/convert.safetensor.Shape,github.com/ollama/ollama/convert.safetensor.Shape,ggml_ops,L6_961,0000000001698860
github.com/ollama/ollama/convert.safetensorsPad,github.com/ollama/ollama/convert.safetensorsPad,ggml_ops,L6_964,0000000001688220
github.com/ollama/ollama/convert.(*safetensor).WriteTo,github.com/ollama/ollama/convert.(*safetensor).WriteTo,ggml_ops,L6_912,0000000001698aa0
github.com/ollama/ollama/convert.safetensor.WriteTo,github.com/ollama/ollama/convert.safetensor.WriteTo,ggml_ops,L6_962,0000000001688260
github.com/ollama/ollama/convert.safetensor.WriteTo.deferwrap1,github.com/ollama/ollama/convert.safetensor.WriteTo.deferwrap1,ggml_ops,L6_963,00000000016897c0
github.com/ollama/ollama/convert/sentencepiece.file_sentencepiece_model_proto_init,github.com/ollama/ollama/convert/sentencepiece.file_sentencepiece_model_proto_init,vocab,L7_142,0000000001672b40
github.com/ollama/ollama/convert/sentencepiece.file_sentencepiece_model_proto_rawDescGZIP,github.com/ollama/ollama/convert/sentencepiece.file_sentencepiece_model_proto_rawDescGZIP,vocab,L7_143,0000000001672aa0
github.com/ollama/ollama/convert/sentencepiece.file_sentencepiece_model_proto_rawDescGZIP.func1,github.com/ollama/ollama/convert/sentencepiece.file_sentencepiece_model_proto_rawDescGZIP.func1,vocab,L7_144,0000000001672e20
github.com/ollama/ollama/convert/sentencepiece.init,github.com/ollama/ollama/convert/sentencepiece.init,vocab,L7_145,000000000166e640
github.com/ollama/ollama/convert/sentencepiece.init.0,github.com/ollama/ollama/convert/sentencepiece.init.0,vocab,L7_146,0000000001672b20
github.com/ollama/ollama/convert/sentencepiece.(*ModelProto).Descriptor,github.com/ollama/ollama/convert/sentencepiece.(*ModelProto).Descriptor,vocab,L7_023,0000000001671f00
github.com/ollama/ollama/convert/sentencepiece.(*ModelProto).GetDenormalizerSpec,github.com/ollama/ollama/convert/sentencepiece.(*ModelProto).GetDenormalizerSpec,vocab,L7_024,0000000001672180
github.com/ollama/ollama/convert/sentencepiece.(*ModelProto).GetNormalizerSpec,github.com/ollama/ollama/convert/sentencepiece.(*ModelProto).GetNormalizerSpec,vocab,L7_025,00000000016720c0
github.com/ollama/ollama/convert/sentencepiece.(*ModelProto).GetPieces,github.com/ollama/ollama/convert/sentencepiece.(*ModelProto).GetPieces,vocab,L7_026,0000000001671fe0
github.com/ollama/ollama/convert/sentencepiece.(*ModelProto).GetSelfTestData,github.com/ollama/ollama/convert/sentencepiece.(*ModelProto).GetSelfTestData,vocab,L7_027,0000000001672120
github.com/ollama/ollama/convert/sentencepiece.(*ModelProto).GetTrainerSpec,github.com/ollama/ollama/convert/sentencepiece.(*ModelProto).GetTrainerSpec,vocab,L7_028,0000000001672060
github.com/ollama/ollama/convert/sentencepiece.(*ModelProto).ProtoMessage,github.com/ollama/ollama/convert/sentencepiece.(*ModelProto).ProtoMessage,vocab,L7_029,0000000001671de0
github.com/ollama/ollama/convert/sentencepiece.(*ModelProto).ProtoReflect,github.com/ollama/ollama/convert/sentencepiece.(*ModelProto).ProtoReflect,vocab,L7_030,0000000001671e00
github.com/ollama/ollama/convert/sentencepiece.(*ModelProto).Reset,github.com/ollama/ollama/convert/sentencepiece.(*ModelProto).Reset,vocab,L7_031,0000000001671ca0
github.com/ollama/ollama/convert/sentencepiece.(*ModelProto_SentencePiece).Descriptor,github.com/ollama/ollama/convert/sentencepiece.(*ModelProto_SentencePiece).Descriptor,vocab,L7_033,0000000001672840
github.com/ollama/ollama/convert/sentencepiece.(*ModelProto_SentencePiece).GetPiece,github.com/ollama/ollama/convert/sentencepiece.(*ModelProto_SentencePiece).GetPiece,vocab,L7_034,0000000001672920
github.com/ollama/ollama/convert/sentencepiece.(*ModelProto_SentencePiece).GetScore,github.com/ollama/ollama/convert/sentencepiece.(*ModelProto_SentencePiece).GetScore,vocab,L7_035,00000000016729a0
github.com/ollama/ollama/convert/sentencepiece.(*ModelProto_SentencePiece).GetType,github.com/ollama/ollama/convert/sentencepiece.(*ModelProto_SentencePiece).GetType,vocab,L7_036,0000000001672a20
github.com/ollama/ollama/convert/sentencepiece.(*ModelProto_SentencePiece).ProtoMessage,github.com/ollama/ollama/convert/sentencepiece.(*ModelProto_SentencePiece).ProtoMessage,vocab,L7_037,0000000001672720
github.com/ollama/ollama/convert/sentencepiece.(*ModelProto_SentencePiece).ProtoReflect,github.com/ollama/ollama/convert/sentencepiece.(*ModelProto_SentencePiece).ProtoReflect,vocab,L7_038,0000000001672740
github.com/ollama/ollama/convert/sentencepiece.(*ModelProto_SentencePiece).Reset,github.com/ollama/ollama/convert/sentencepiece.(*ModelProto_SentencePiece).Reset,vocab,L7_039,0000000001672600
github.com/ollama/ollama/convert/sentencepiece.(*ModelProto_SentencePiece).String,github.com/ollama/ollama/convert/sentencepiece.(*ModelProto_SentencePiece).String,vocab,L7_040,00000000016726c0
github.com/ollama/ollama/convert/sentencepiece.(*ModelProto_SentencePiece_Type).Descriptor,github.com/ollama/ollama/convert/sentencepiece.(*ModelProto_SentencePiece_Type).Descriptor,vocab,L7_041,0000000001673260
github.com/ollama/ollama/convert/sentencepiece.ModelProto_SentencePiece_Type.Descriptor,github.com/ollama/ollama/convert/sentencepiece.ModelProto_SentencePiece_Type.Descriptor,vocab,L7_130,000000000166f4c0
github.com/ollama/ollama/convert/sentencepiece.(*ModelProto_SentencePiece_Type).Enum,github.com/ollama/ollama/convert/sentencepiece.(*ModelProto_SentencePiece_Type).Enum,vocab,L7_042,00000000016732e0
github.com/ollama/ollama/convert/sentencepiece.ModelProto_SentencePiece_Type.Enum,github.com/ollama/ollama/convert/sentencepiece.ModelProto_SentencePiece_Type.Enum,vocab,L7_131,000000000166f3e0
github.com/ollama/ollama/convert/sentencepiece.(*ModelProto_SentencePiece_Type).EnumDescriptor,github.com/ollama/ollama/convert/sentencepiece.(*ModelProto_SentencePiece_Type).EnumDescriptor,vocab,L7_043,0000000001673340
github.com/ollama/ollama/convert/sentencepiece.ModelProto_SentencePiece_Type.EnumDescriptor,github.com/ollama/ollama/convert/sentencepiece.ModelProto_SentencePiece_Type.EnumDescriptor,vocab,L7_132,000000000166f700
github.com/ollama/ollama/convert/sentencepiece.(*ModelProto_SentencePiece_Type).Number,github.com/ollama/ollama/convert/sentencepiece.(*ModelProto_SentencePiece_Type).Number,vocab,L7_044,00000000016734c0
github.com/ollama/ollama/convert/sentencepiece.ModelProto_SentencePiece_Type.Number,github.com/ollama/ollama/convert/sentencepiece.ModelProto_SentencePiece_Type.Number,vocab,L7_133,000000000166f5a0
github.com/ollama/ollama/convert/sentencepiece.(*ModelProto_SentencePiece_Type).String,github.com/ollama/ollama/convert/sentencepiece.(*ModelProto_SentencePiece_Type).String,vocab,L7_045,0000000001673520
github.com/ollama/ollama/convert/sentencepiece.ModelProto_SentencePiece_Type.String,github.com/ollama/ollama/convert/sentencepiece.ModelProto_SentencePiece_Type.String,vocab,L7_134,000000000166f440
github.com/ollama/ollama/convert/sentencepiece.(*ModelProto_SentencePiece_Type).Type,github.com/ollama/ollama/convert/sentencepiece.(*ModelProto_SentencePiece_Type).Type,vocab,L7_046,00000000016735a0
github.com/ollama/ollama/convert/sentencepiece.ModelProto_SentencePiece_Type.Type,github.com/ollama/ollama/convert/sentencepiece.ModelProto_SentencePiece_Type.Type,vocab,L7_135,000000000166f540
github.com/ollama/ollama/convert/sentencepiece.(*ModelProto_SentencePiece_Type).UnmarshalJSON,github.com/ollama/ollama/convert/sentencepiece.(*ModelProto_SentencePiece_Type).UnmarshalJSON,vocab,L7_047,000000000166f5c0
github.com/ollama/ollama/convert/sentencepiece.(*ModelProto).String,github.com/ollama/ollama/convert/sentencepiece.(*ModelProto).String,vocab,L7_032,0000000001671d80
github.com/ollama/ollama/convert/sentencepiece.(*NormalizerSpec).Descriptor,github.com/ollama/ollama/convert/sentencepiece.(*NormalizerSpec).Descriptor,vocab,L7_048,0000000001671520
github.com/ollama/ollama/convert/sentencepiece.(*NormalizerSpec).GetAddDummyPrefix,github.com/ollama/ollama/convert/sentencepiece.(*NormalizerSpec).GetAddDummyPrefix,vocab,L7_049,0000000001671700
github.com/ollama/ollama/convert/sentencepiece.(*NormalizerSpec).GetEscapeWhitespaces,github.com/ollama/ollama/convert/sentencepiece.(*NormalizerSpec).GetEscapeWhitespaces,vocab,L7_050,0000000001671800
github.com/ollama/ollama/convert/sentencepiece.(*NormalizerSpec).GetName,github.com/ollama/ollama/convert/sentencepiece.(*NormalizerSpec).GetName,vocab,L7_051,0000000001671600
github.com/ollama/ollama/convert/sentencepiece.(*NormalizerSpec).GetNormalizationRuleTsv,github.com/ollama/ollama/convert/sentencepiece.(*NormalizerSpec).GetNormalizationRuleTsv,vocab,L7_052,0000000001671880
github.com/ollama/ollama/convert/sentencepiece.(*NormalizerSpec).GetPrecompiledCharsmap,github.com/ollama/ollama/convert/sentencepiece.(*NormalizerSpec).GetPrecompiledCharsmap,vocab,L7_053,0000000001671680
github.com/ollama/ollama/convert/sentencepiece.(*NormalizerSpec).GetRemoveExtraWhitespaces,github.com/ollama/ollama/convert/sentencepiece.(*NormalizerSpec).GetRemoveExtraWhitespaces,vocab,L7_054,0000000001671780
github.com/ollama/ollama/convert/sentencepiece.(*NormalizerSpec).ProtoMessage,github.com/ollama/ollama/convert/sentencepiece.(*NormalizerSpec).ProtoMessage,vocab,L7_055,0000000001671400
github.com/ollama/ollama/convert/sentencepiece.(*NormalizerSpec).ProtoReflect,github.com/ollama/ollama/convert/sentencepiece.(*NormalizerSpec).ProtoReflect,vocab,L7_056,0000000001671420
github.com/ollama/ollama/convert/sentencepiece.(*NormalizerSpec).Reset,github.com/ollama/ollama/convert/sentencepiece.(*NormalizerSpec).Reset,vocab,L7_057,00000000016712c0
github.com/ollama/ollama/convert/sentencepiece.(*NormalizerSpec).String,github.com/ollama/ollama/convert/sentencepiece.(*NormalizerSpec).String,vocab,L7_058,00000000016713a0
github.com/ollama/ollama/convert/sentencepiece.(*SelfTestData).Descriptor,github.com/ollama/ollama/convert/sentencepiece.(*SelfTestData).Descriptor,vocab,L7_059,0000000001671b40
github.com/ollama/ollama/convert/sentencepiece.(*SelfTestData).GetSamples,github.com/ollama/ollama/convert/sentencepiece.(*SelfTestData).GetSamples,vocab,L7_060,0000000001671c20
github.com/ollama/ollama/convert/sentencepiece.(*SelfTestData).ProtoMessage,github.com/ollama/ollama/convert/sentencepiece.(*SelfTestData).ProtoMessage,vocab,L7_061,0000000001671a20
github.com/ollama/ollama/convert/sentencepiece.(*SelfTestData).ProtoReflect,github.com/ollama/ollama/convert/sentencepiece.(*SelfTestData).ProtoReflect,vocab,L7_062,0000000001671a40
github.com/ollama/ollama/convert/sentencepiece.(*SelfTestData).Reset,github.com/ollama/ollama/convert/sentencepiece.(*SelfTestData).Reset,vocab,L7_063,0000000001671900
github.com/ollama/ollama/convert/sentencepiece.(*SelfTestData_Sample).Descriptor,github.com/ollama/ollama/convert/sentencepiece.(*SelfTestData_Sample).Descriptor,vocab,L7_065,0000000001672420
github.com/ollama/ollama/convert/sentencepiece.(*SelfTestData_Sample).GetExpected,github.com/ollama/ollama/convert/sentencepiece.(*SelfTestData_Sample).GetExpected,vocab,L7_066,0000000001672580
github.com/ollama/ollama/convert/sentencepiece.(*SelfTestData_Sample).GetInput,github.com/ollama/ollama/convert/sentencepiece.(*SelfTestData_Sample).GetInput,vocab,L7_067,0000000001672500
github.com/ollama/ollama/convert/sentencepiece.(*SelfTestData_Sample).ProtoMessage,github.com/ollama/ollama/convert/sentencepiece.(*SelfTestData_Sample).ProtoMessage,vocab,L7_068,0000000001672300
github.com/ollama/ollama/convert/sentencepiece.(*SelfTestData_Sample).ProtoReflect,github.com/ollama/ollama/convert/sentencepiece.(*SelfTestData_Sample).ProtoReflect,vocab,L7_069,0000000001672320
github.com/ollama/ollama/convert/sentencepiece.(*SelfTestData_Sample).Reset,github.com/ollama/ollama/convert/sentencepiece.(*SelfTestData_Sample).Reset,vocab,L7_070,00000000016721e0
github.com/ollama/ollama/convert/sentencepiece.(*SelfTestData_Sample).String,github.com/ollama/ollama/convert/sentencepiece.(*SelfTestData_Sample).String,vocab,L7_071,00000000016722a0
github.com/ollama/ollama/convert/sentencepiece.(*SelfTestData).String,github.com/ollama/ollama/convert/sentencepiece.(*SelfTestData).String,vocab,L7_064,00000000016719c0
github.com/ollama/ollama/convert/sentencepiece.(*TrainerSpec).Descriptor,github.com/ollama/ollama/convert/sentencepiece.(*TrainerSpec).Descriptor,vocab,L7_072,000000000166fa40
github.com/ollama/ollama/convert/sentencepiece.(*TrainerSpec).GetAcceptLanguage,github.com/ollama/ollama/convert/sentencepiece.(*TrainerSpec).GetAcceptLanguage,vocab,L7_073,000000000166fda0
github.com/ollama/ollama/convert/sentencepiece.(*TrainerSpec).GetAllowWhitespaceOnlyPieces,github.com/ollama/ollama/convert/sentencepiece.(*TrainerSpec).GetAllowWhitespaceOnlyPieces,vocab,L7_074,00000000016707a0
github.com/ollama/ollama/convert/sentencepiece.(*TrainerSpec).GetBosId,github.com/ollama/ollama/convert/sentencepiece.(*TrainerSpec).GetBosId,vocab,L7_075,0000000001670d20
github.com/ollama/ollama/convert/sentencepiece.(*TrainerSpec).GetBosPiece,github.com/ollama/ollama/convert/sentencepiece.(*TrainerSpec).GetBosPiece,vocab,L7_076,0000000001670f40
github.com/ollama/ollama/convert/sentencepiece.(*TrainerSpec).GetByteFallback,github.com/ollama/ollama/convert/sentencepiece.(*TrainerSpec).GetByteFallback,vocab,L7_077,0000000001670aa0
github.com/ollama/ollama/convert/sentencepiece.(*TrainerSpec).GetCharacterCoverage,github.com/ollama/ollama/convert/sentencepiece.(*TrainerSpec).GetCharacterCoverage,vocab,L7_078,0000000001670020
github.com/ollama/ollama/convert/sentencepiece.(*TrainerSpec).GetControlSymbols,github.com/ollama/ollama/convert/sentencepiece.(*TrainerSpec).GetControlSymbols,vocab,L7_079,0000000001670920
github.com/ollama/ollama/convert/sentencepiece.(*TrainerSpec).GetDifferentialPrivacyClippingThreshold,github.com/ollama/ollama/convert/sentencepiece.(*TrainerSpec).GetDifferentialPrivacyClippingThreshold,vocab,L7_080,000000000166ffa0
github.com/ollama/ollama/convert/sentencepiece.(*TrainerSpec).GetDifferentialPrivacyNoiseLevel,github.com/ollama/ollama/convert/sentencepiece.(*TrainerSpec).GetDifferentialPrivacyNoiseLevel,vocab,L7_081,000000000166ff20
github.com/ollama/ollama/convert/sentencepiece.(*TrainerSpec).GetEnableDifferentialPrivacy,github.com/ollama/ollama/convert/sentencepiece.(*TrainerSpec).GetEnableDifferentialPrivacy,vocab,L7_082,000000000166fea0
github.com/ollama/ollama/convert/sentencepiece.(*TrainerSpec).GetEosId,github.com/ollama/ollama/convert/sentencepiece.(*TrainerSpec).GetEosId,vocab,L7_083,0000000001670da0
github.com/ollama/ollama/convert/sentencepiece.(*TrainerSpec).GetEosPiece,github.com/ollama/ollama/convert/sentencepiece.(*TrainerSpec).GetEosPiece,vocab,L7_084,0000000001670fe0
github.com/ollama/ollama/convert/sentencepiece.(*TrainerSpec).GetHardVocabLimit,github.com/ollama/ollama/convert/sentencepiece.(*TrainerSpec).GetHardVocabLimit,vocab,L7_085,0000000001670ba0
github.com/ollama/ollama/convert/sentencepiece.(*TrainerSpec).GetInput,github.com/ollama/ollama/convert/sentencepiece.(*TrainerSpec).GetInput,vocab,L7_086,000000000166fb20
github.com/ollama/ollama/convert/sentencepiece.(*TrainerSpec).GetInputFormat,github.com/ollama/ollama/convert/sentencepiece.(*TrainerSpec).GetInputFormat,vocab,L7_087,000000000166fba0
github.com/ollama/ollama/convert/sentencepiece.(*TrainerSpec).GetInputSentenceSize,github.com/ollama/ollama/convert/sentencepiece.(*TrainerSpec).GetInputSentenceSize,vocab,L7_088,00000000016700a0
github.com/ollama/ollama/convert/sentencepiece.(*TrainerSpec).GetMaxSentenceLength,github.com/ollama/ollama/convert/sentencepiece.(*TrainerSpec).GetMaxSentenceLength,vocab,L7_089,00000000016703a0
github.com/ollama/ollama/convert/sentencepiece.(*TrainerSpec).GetMaxSentencepieceLength,github.com/ollama/ollama/convert/sentencepiece.(*TrainerSpec).GetMaxSentencepieceLength,vocab,L7_090,0000000001670520
github.com/ollama/ollama/convert/sentencepiece.(*TrainerSpec).GetMiningSentenceSize,github.com/ollama/ollama/convert/sentencepiece.(*TrainerSpec).GetMiningSentenceSize,vocab,L7_091,00000000016701a0
github.com/ollama/ollama/convert/sentencepiece.(*TrainerSpec).GetModelPrefix,github.com/ollama/ollama/convert/sentencepiece.(*TrainerSpec).GetModelPrefix,vocab,L7_092,000000000166fc20
github.com/ollama/ollama/convert/sentencepiece.(*TrainerSpec).GetModelType,github.com/ollama/ollama/convert/sentencepiece.(*TrainerSpec).GetModelType,vocab,L7_093,000000000166fca0
github.com/ollama/ollama/convert/sentencepiece.(*TrainerSpec).GetNumSubIterations,github.com/ollama/ollama/convert/sentencepiece.(*TrainerSpec).GetNumSubIterations,vocab,L7_094,00000000016704a0
github.com/ollama/ollama/convert/sentencepiece.(*TrainerSpec).GetNumThreads,github.com/ollama/ollama/convert/sentencepiece.(*TrainerSpec).GetNumThreads,vocab,L7_095,0000000001670420
github.com/ollama/ollama/convert/sentencepiece.(*TrainerSpec).GetPadId,github.com/ollama/ollama/convert/sentencepiece.(*TrainerSpec).GetPadId,vocab,L7_096,0000000001670e20
github.com/ollama/ollama/convert/sentencepiece.(*TrainerSpec).GetPadPiece,github.com/ollama/ollama/convert/sentencepiece.(*TrainerSpec).GetPadPiece,vocab,L7_097,0000000001671080
github.com/ollama/ollama/convert/sentencepiece.(*TrainerSpec).GetPretokenizationDelimiter,github.com/ollama/ollama/convert/sentencepiece.(*TrainerSpec).GetPretokenizationDelimiter,vocab,L7_098,00000000016708a0
github.com/ollama/ollama/convert/sentencepiece.(*TrainerSpec).GetRequiredChars,github.com/ollama/ollama/convert/sentencepiece.(*TrainerSpec).GetRequiredChars,vocab,L7_099,0000000001670a20
github.com/ollama/ollama/convert/sentencepiece.(*TrainerSpec).GetSeedSentencepiecesFile,github.com/ollama/ollama/convert/sentencepiece.(*TrainerSpec).GetSeedSentencepiecesFile,vocab,L7_101,0000000001671240
github.com/ollama/ollama/convert/sentencepiece.(*TrainerSpec).GetSeedSentencepieceSize,github.com/ollama/ollama/convert/sentencepiece.(*TrainerSpec).GetSeedSentencepieceSize,vocab,L7_100,00000000016702a0
github.com/ollama/ollama/convert/sentencepiece.(*TrainerSpec).GetSelfTestSampleSize,github.com/ollama/ollama/convert/sentencepiece.(*TrainerSpec).GetSelfTestSampleSize,vocab,L7_102,000000000166fe20
github.com/ollama/ollama/convert/sentencepiece.(*TrainerSpec).GetShrinkingFactor,github.com/ollama/ollama/convert/sentencepiece.(*TrainerSpec).GetShrinkingFactor,vocab,L7_103,0000000001670320
github.com/ollama/ollama/convert/sentencepiece.(*TrainerSpec).GetShuffleInputSentence,github.com/ollama/ollama/convert/sentencepiece.(*TrainerSpec).GetShuffleInputSentence,vocab,L7_104,0000000001670120
github.com/ollama/ollama/convert/sentencepiece.(*TrainerSpec).GetSplitByNumber,github.com/ollama/ollama/convert/sentencepiece.(*TrainerSpec).GetSplitByNumber,vocab,L7_105,0000000001670620
github.com/ollama/ollama/convert/sentencepiece.(*TrainerSpec).GetSplitByUnicodeScript,github.com/ollama/ollama/convert/sentencepiece.(*TrainerSpec).GetSplitByUnicodeScript,vocab,L7_106,00000000016705a0
github.com/ollama/ollama/convert/sentencepiece.(*TrainerSpec).GetSplitByWhitespace,github.com/ollama/ollama/convert/sentencepiece.(*TrainerSpec).GetSplitByWhitespace,vocab,L7_107,00000000016706a0
github.com/ollama/ollama/convert/sentencepiece.(*TrainerSpec).GetSplitDigits,github.com/ollama/ollama/convert/sentencepiece.(*TrainerSpec).GetSplitDigits,vocab,L7_108,0000000001670820
github.com/ollama/ollama/convert/sentencepiece.(*TrainerSpec).GetTrainExtremelyLargeCorpus,github.com/ollama/ollama/convert/sentencepiece.(*TrainerSpec).GetTrainExtremelyLargeCorpus,vocab,L7_109,00000000016711c0
github.com/ollama/ollama/convert/sentencepiece.(*TrainerSpec).GetTrainingSentenceSize,github.com/ollama/ollama/convert/sentencepiece.(*TrainerSpec).GetTrainingSentenceSize,vocab,L7_110,0000000001670220
github.com/ollama/ollama/convert/sentencepiece.(*TrainerSpec).GetTreatWhitespaceAsSuffix,github.com/ollama/ollama/convert/sentencepiece.(*TrainerSpec).GetTreatWhitespaceAsSuffix,vocab,L7_111,0000000001670720
github.com/ollama/ollama/convert/sentencepiece.(*TrainerSpec).GetUnkId,github.com/ollama/ollama/convert/sentencepiece.(*TrainerSpec).GetUnkId,vocab,L7_112,0000000001670ca0
github.com/ollama/ollama/convert/sentencepiece.(*TrainerSpec).GetUnkPiece,github.com/ollama/ollama/convert/sentencepiece.(*TrainerSpec).GetUnkPiece,vocab,L7_113,0000000001670ea0
github.com/ollama/ollama/convert/sentencepiece.(*TrainerSpec).GetUnkSurface,github.com/ollama/ollama/convert/sentencepiece.(*TrainerSpec).GetUnkSurface,vocab,L7_114,0000000001671120
github.com/ollama/ollama/convert/sentencepiece.(*TrainerSpec).GetUseAllVocab,github.com/ollama/ollama/convert/sentencepiece.(*TrainerSpec).GetUseAllVocab,vocab,L7_115,0000000001670c20
github.com/ollama/ollama/convert/sentencepiece.(*TrainerSpec).GetUserDefinedSymbols,github.com/ollama/ollama/convert/sentencepiece.(*TrainerSpec).GetUserDefinedSymbols,vocab,L7_116,00000000016709a0
github.com/ollama/ollama/convert/sentencepiece.(*TrainerSpec).GetVocabSize,github.com/ollama/ollama/convert/sentencepiece.(*TrainerSpec).GetVocabSize,vocab,L7_117,000000000166fd20
github.com/ollama/ollama/convert/sentencepiece.(*TrainerSpec).GetVocabularyOutputPieceScore,github.com/ollama/ollama/convert/sentencepiece.(*TrainerSpec).GetVocabularyOutputPieceScore,vocab,L7_118,0000000001670b20
github.com/ollama/ollama/convert/sentencepiece.(*TrainerSpec_ModelType).Descriptor,github.com/ollama/ollama/convert/sentencepiece.(*TrainerSpec_ModelType).Descriptor,vocab,L7_123,0000000001672ea0
github.com/ollama/ollama/convert/sentencepiece.TrainerSpec_ModelType.Descriptor,github.com/ollama/ollama/convert/sentencepiece.TrainerSpec_ModelType.Descriptor,vocab,L7_136,000000000166f0e0
github.com/ollama/ollama/convert/sentencepiece.(*TrainerSpec_ModelType).Enum,github.com/ollama/ollama/convert/sentencepiece.(*TrainerSpec_ModelType).Enum,vocab,L7_124,0000000001672f20
github.com/ollama/ollama/convert/sentencepiece.TrainerSpec_ModelType.Enum,github.com/ollama/ollama/convert/sentencepiece.TrainerSpec_ModelType.Enum,vocab,L7_137,000000000166f000
github.com/ollama/ollama/convert/sentencepiece.(*TrainerSpec_ModelType).EnumDescriptor,github.com/ollama/ollama/convert/sentencepiece.(*TrainerSpec_ModelType).EnumDescriptor,vocab,L7_125,0000000001672f80
github.com/ollama/ollama/convert/sentencepiece.TrainerSpec_ModelType.EnumDescriptor,github.com/ollama/ollama/convert/sentencepiece.TrainerSpec_ModelType.EnumDescriptor,vocab,L7_138,000000000166f320
github.com/ollama/ollama/convert/sentencepiece.(*TrainerSpec_ModelType).Number,github.com/ollama/ollama/convert/sentencepiece.(*TrainerSpec_ModelType).Number,vocab,L7_126,0000000001673100
github.com/ollama/ollama/convert/sentencepiece.TrainerSpec_ModelType.Number,github.com/ollama/ollama/convert/sentencepiece.TrainerSpec_ModelType.Number,vocab,L7_139,000000000166f1c0
github.com/ollama/ollama/convert/sentencepiece.(*TrainerSpec_ModelType).String,github.com/ollama/ollama/convert/sentencepiece.(*TrainerSpec_ModelType).String,vocab,L7_127,0000000001673160
github.com/ollama/ollama/convert/sentencepiece.TrainerSpec_ModelType.String,github.com/ollama/ollama/convert/sentencepiece.TrainerSpec_ModelType.String,vocab,L7_140,000000000166f060
github.com/ollama/ollama/convert/sentencepiece.(*TrainerSpec_ModelType).Type,github.com/ollama/ollama/convert/sentencepiece.(*TrainerSpec_ModelType).Type,vocab,L7_128,00000000016731e0
github.com/ollama/ollama/convert/sentencepiece.TrainerSpec_ModelType.Type,github.com/ollama/ollama/convert/sentencepiece.TrainerSpec_ModelType.Type,vocab,L7_141,000000000166f160
github.com/ollama/ollama/convert/sentencepiece.(*TrainerSpec_ModelType).UnmarshalJSON,github.com/ollama/ollama/convert/sentencepiece.(*TrainerSpec_ModelType).UnmarshalJSON,vocab,L7_129,000000000166f1e0
github.com/ollama/ollama/convert/sentencepiece.(*TrainerSpec).ProtoMessage,github.com/ollama/ollama/convert/sentencepiece.(*TrainerSpec).ProtoMessage,vocab,L7_119,000000000166f920
github.com/ollama/ollama/convert/sentencepiece.(*TrainerSpec).ProtoReflect,github.com/ollama/ollama/convert/sentencepiece.(*TrainerSpec).ProtoReflect,vocab,L7_120,000000000166f940
github.com/ollama/ollama/convert/sentencepiece.(*TrainerSpec).Reset,github.com/ollama/ollama/convert/sentencepiece.(*TrainerSpec).Reset,vocab,L7_121,000000000166f7e0
github.com/ollama/ollama/convert/sentencepiece.(*TrainerSpec).String,github.com/ollama/ollama/convert/sentencepiece.(*TrainerSpec).String,vocab,L7_122,000000000166f8c0
github.com/ollama/ollama/convert.(*SpecialVocabulary).Key,github.com/ollama/ollama/convert.(*SpecialVocabulary).Key,vocab,L7_011,0000000001695140
github.com/ollama/ollama/convert.SpecialVocabulary.Key,github.com/ollama/ollama/convert.SpecialVocabulary.Key,vocab,L7_012,000000000168d580
github.com/ollama/ollama/convert.(*tensorBase).Kind,github.com/ollama/ollama/convert.(*tensorBase).Kind,ggml_ops,L6_913,0000000001698180
github.com/ollama/ollama/convert.tensorBase.Kind,github.com/ollama/ollama/convert.tensorBase.Kind,ggml_ops,L6_965,0000000001686900
github.com/ollama/ollama/convert.(*tensorBase).Name,github.com/ollama/ollama/convert.(*tensorBase).Name,ggml_ops,L6_914,0000000001698220
github.com/ollama/ollama/convert.tensorBase.Name,github.com/ollama/ollama/convert.tensorBase.Name,ggml_ops,L6_966,0000000001686840
github.com/ollama/ollama/convert.(*tensorBase).SetRepacker,github.com/ollama/ollama/convert.(*tensorBase).SetRepacker,ggml_ops,L6_915,0000000001686a80
github.com/ollama/ollama/convert.(*tensorBase).Shape,github.com/ollama/ollama/convert.(*tensorBase).Shape,ggml_ops,L6_916,00000000016982e0
github.com/ollama/ollama/convert.tensorBase.Shape,github.com/ollama/ollama/convert.tensorBase.Shape,ggml_ops,L6_967,00000000016868a0
github.com/ollama/ollama/convert.(*torch).Kind,github.com/ollama/ollama/convert.(*torch).Kind,ggml_ops,L6_917,0000000001698d00
github.com/ollama/ollama/convert.torch.Kind,github.com/ollama/ollama/convert.torch.Kind,ggml_ops,L6_968,0000000001698c40
github.com/ollama/ollama/convert.(*torch).Name,github.com/ollama/ollama/convert.(*torch).Name,ggml_ops,L6_918,0000000001698e80
github.com/ollama/ollama/convert.torch.Name,github.com/ollama/ollama/convert.torch.Name,ggml_ops,L6_969,0000000001698da0
github.com/ollama/ollama/convert.(*torch).SetRepacker,github.com/ollama/ollama/convert.(*torch).SetRepacker,ggml_ops,L6_919,0000000001698fc0
github.com/ollama/ollama/convert.torch.SetRepacker,github.com/ollama/ollama/convert.torch.SetRepacker,ggml_ops,L6_970,0000000001698f40
github.com/ollama/ollama/convert.(*torch).Shape,github.com/ollama/ollama/convert.(*torch).Shape,ggml_ops,L6_920,00000000016990e0
github.com/ollama/ollama/convert.torch.Shape,github.com/ollama/ollama/convert.torch.Shape,ggml_ops,L6_971,0000000001698fe0
github.com/ollama/ollama/convert.(*torch).WriteTo,github.com/ollama/ollama/convert.(*torch).WriteTo,ggml_ops,L6_921,00000000016991c0
github.com/ollama/ollama/convert.torch.WriteTo,github.com/ollama/ollama/convert.torch.WriteTo,ggml_ops,L6_972,0000000001689fa0
github.com/ollama/ollama/discover.AMDDetected,github.com/ollama/ollama/discover.AMDDetected,ggml_ops,L6_981,0000000000abd700
github.com/ollama/ollama/discover.AMDDriverVersion,github.com/ollama/ollama/discover.AMDDriverVersion,ggml_ops,L6_982,0000000000abdc00
github.com/ollama/ollama/discover.AMDDriverVersion.deferwrap1,github.com/ollama/ollama/discover.AMDDriverVersion.deferwrap1,ggml_ops,L6_983,0000000000abe500
github.com/ollama/ollama/discover.AMDGetGPUInfo,github.com/ollama/ollama/discover.AMDGetGPUInfo,ggml_ops,L6_984,0000000000ab6ca0
github.com/ollama/ollama/discover.AMDGetGPUInfo.deferwrap1,github.com/ollama/ollama/discover.AMDGetGPUInfo.deferwrap1,ggml_ops,L6_985,0000000000abd0c0
github.com/ollama/ollama/discover.AMDGetGPUInfo.func1,github.com/ollama/ollama/discover.AMDGetGPUInfo.func1,ggml_ops,L6_986,0000000000abd100
github.com/ollama/ollama/discover.AMDValidateLibDir,github.com/ollama/ollama/discover.AMDValidateLibDir,ggml_ops,L6_987,0000000000abda00
github.com/ollama/ollama/discover.(*ByFreeMemory).Len,github.com/ollama/ollama/discover.(*ByFreeMemory).Len,ggml_ops,L6_973,0000000000ad1aa0
github.com/ollama/ollama/discover.ByFreeMemory.Len,github.com/ollama/ollama/discover.ByFreeMemory.Len,ggml_ops,L6_988,0000000000ac3ba0
github.com/ollama/ollama/discover.(*ByFreeMemory).Less,github.com/ollama/ollama/discover.(*ByFreeMemory).Less,ggml_ops,L6_974,0000000000ad1b20
github.com/ollama/ollama/discover.ByFreeMemory.Less,github.com/ollama/ollama/discover.ByFreeMemory.Less,ggml_ops,L6_989,0000000000ac3f40
github.com/ollama/ollama/discover.(*ByFreeMemory).Swap,github.com/ollama/ollama/discover.(*ByFreeMemory).Swap,ggml_ops,L6_975,0000000000ad1bc0
github.com/ollama/ollama/discover.ByFreeMemory.Swap,github.com/ollama/ollama/discover.ByFreeMemory.Swap,ggml_ops,L6_990,0000000000ac3be0
github.com/ollama/ollama/discover._Cfunc_CString,github.com/ollama/ollama/discover._Cfunc_CString,ggml_ops,L6_1030,0000000000ac4500
github.com/ollama/ollama/discover._Cfunc_cudart_bootstrap.abi0,github.com/ollama/ollama/discover._Cfunc_cudart_bootstrap.abi0,ggml_ops,L6_1032,0000000000ac4760
github.com/ollama/ollama/discover._Cfunc_cudart_init.abi0,github.com/ollama/ollama/discover._Cfunc_cudart_init.abi0,ggml_ops,L6_1033,0000000000ac4860
github.com/ollama/ollama/discover._Cfunc_cudart_release.abi0,github.com/ollama/ollama/discover._Cfunc_cudart_release.abi0,ggml_ops,L6_1034,0000000000ac4900
github.com/ollama/ollama/discover._Cfunc_free.abi0,github.com/ollama/ollama/discover._Cfunc_free.abi0,ggml_ops,L6_1035,0000000000ac49a0
github.com/ollama/ollama/discover._Cfunc_GoString,github.com/ollama/ollama/discover._Cfunc_GoString,ggml_ops,L6_1031,0000000000ac4700
github.com/ollama/ollama/discover._Cfunc_nvcuda_bootstrap.abi0,github.com/ollama/ollama/discover._Cfunc_nvcuda_bootstrap.abi0,ggml_ops,L6_1036,0000000000ac4a20
github.com/ollama/ollama/discover._Cfunc_nvcuda_get_free.abi0,github.com/ollama/ollama/discover._Cfunc_nvcuda_get_free.abi0,ggml_ops,L6_1037,0000000000ac4b20
github.com/ollama/ollama/discover._Cfunc_nvcuda_init.abi0,github.com/ollama/ollama/discover._Cfunc_nvcuda_init.abi0,ggml_ops,L6_1038,0000000000ac4c40
github.com/ollama/ollama/discover._Cfunc_nvcuda_release.abi0,github.com/ollama/ollama/discover._Cfunc_nvcuda_release.abi0,ggml_ops,L6_1039,0000000000ac4ce0
github.com/ollama/ollama/discover._Cfunc_nvml_get_free.abi0,github.com/ollama/ollama/discover._Cfunc_nvml_get_free.abi0,ggml_ops,L6_1040,0000000000ac4d80
github.com/ollama/ollama/discover._Cfunc_nvml_init.abi0,github.com/ollama/ollama/discover._Cfunc_nvml_init.abi0,ggml_ops,L6_1041,0000000000ac4ea0
github.com/ollama/ollama/discover._Cfunc_nvml_release.abi0,github.com/ollama/ollama/discover._Cfunc_nvml_release.abi0,ggml_ops,L6_1042,0000000000ac4f40
github.com/ollama/ollama/discover._Cfunc_oneapi_check_vram.abi0,github.com/ollama/ollama/discover._Cfunc_oneapi_check_vram.abi0,ggml_ops,L6_1043,0000000000ac4fe0
github.com/ollama/ollama/discover._Cfunc_oneapi_get_device_count.abi0,github.com/ollama/ollama/discover._Cfunc_oneapi_get_device_count.abi0,ggml_ops,L6_1044,0000000000ac5120
github.com/ollama/ollama/discover._Cfunc_oneapi_init.abi0,github.com/ollama/ollama/discover._Cfunc_oneapi_init.abi0,ggml_ops,L6_1045,0000000000ac5220
github.com/ollama/ollama/discover._Cfunc_oneapi_release.abi0,github.com/ollama/ollama/discover._Cfunc_oneapi_release.abi0,ggml_ops,L6_1046,0000000000ac52c0
github.com/ollama/ollama/discover._cgo_cmalloc.abi0,github.com/ollama/ollama/discover._cgo_cmalloc.abi0,go_cgo_bridge,L1_214,0000000000ac5360
github.com/ollama/ollama/discover.commonAMDValidateLibDir,github.com/ollama/ollama/discover.commonAMDValidateLibDir,ggml_ops,L6_1047,0000000000ab66a0
github.com/ollama/ollama/discover.cudaGetVisibleDevicesEnv,github.com/ollama/ollama/discover.cudaGetVisibleDevicesEnv,ggml_ops,L6_1048,0000000000abfa20
github.com/ollama/ollama/discover.cudaVariant,github.com/ollama/ollama/discover.cudaVariant,ggml_ops,L6_1049,0000000000abfec0
github.com/ollama/ollama/discover.FindGPULibs,github.com/ollama/ollama/discover.FindGPULibs,ggml_ops,L6_991,0000000000acd720
github.com/ollama/ollama/discover.GetCPUDetails,github.com/ollama/ollama/discover.GetCPUDetails,ggml_ops,L6_992,0000000000ac0bc0
github.com/ollama/ollama/discover.GetCPUDetails.deferwrap1,github.com/ollama/ollama/discover.GetCPUDetails.deferwrap1,ggml_ops,L6_993,0000000000ac0ea0
github.com/ollama/ollama/discover.GetCPUInfo,github.com/ollama/ollama/discover.GetCPUInfo,ggml_ops,L6_994,0000000000ac6c60
github.com/ollama/ollama/discover.GetCPUMem,github.com/ollama/ollama/discover.GetCPUMem,ggml_ops,L6_995,0000000000abff60
github.com/ollama/ollama/discover.GetCPUMem.deferwrap1,github.com/ollama/ollama/discover.GetCPUMem.deferwrap1,ggml_ops,L6_996,0000000000ac0b80
github.com/ollama/ollama/discover.getFreeMemory,github.com/ollama/ollama/discover.getFreeMemory,ggml_ops,L6_1050,0000000000abeb40
github.com/ollama/ollama/discover.GetGPUInfo,github.com/ollama/ollama/discover.GetGPUInfo,ggml_ops,L6_997,0000000000ac6e00
github.com/ollama/ollama/discover.GetGPUInfo.deferwrap1,github.com/ollama/ollama/discover.GetGPUInfo.deferwrap1,ggml_ops,L6_998,0000000000acd6e0
github.com/ollama/ollama/discover.GetGPUInfo.func1,github.com/ollama/ollama/discover.GetGPUInfo.func1,ggml_ops,L6_999,0000000000acd140
github.com/ollama/ollama/discover.GetGPUInfo.func10,github.com/ollama/ollama/discover.GetGPUInfo.func10,ggml_ops,L6_1004,0000000000acc540
github.com/ollama/ollama/discover.GetGPUInfo.func10.1,github.com/ollama/ollama/discover.GetGPUInfo.func10.1,ggml_ops,L6_1005,0000000000acc5e0
github.com/ollama/ollama/discover.GetGPUInfo.func1.1,github.com/ollama/ollama/discover.GetGPUInfo.func1.1,ggml_ops,L6_1000,0000000000acd5c0
github.com/ollama/ollama/discover.GetGPUInfo.func11,github.com/ollama/ollama/discover.GetGPUInfo.func11,ggml_ops,L6_1006,0000000000acc3c0
github.com/ollama/ollama/discover.GetGPUInfo.func1.2,github.com/ollama/ollama/discover.GetGPUInfo.func1.2,ggml_ops,L6_1001,0000000000acd440
github.com/ollama/ollama/discover.GetGPUInfo.func12,github.com/ollama/ollama/discover.GetGPUInfo.func12,ggml_ops,L6_1007,0000000000acc200
github.com/ollama/ollama/discover.GetGPUInfo.func1.3,github.com/ollama/ollama/discover.GetGPUInfo.func1.3,ggml_ops,L6_1002,0000000000acd360
github.com/ollama/ollama/discover.GetGPUInfo.func13,github.com/ollama/ollama/discover.GetGPUInfo.func13,ggml_ops,L6_1008,0000000000acc000
github.com/ollama/ollama/discover.GetGPUInfo.func1.4,github.com/ollama/ollama/discover.GetGPUInfo.func1.4,ggml_ops,L6_1003,0000000000acd220
github.com/ollama/ollama/discover.GetGPUInfo.func14,github.com/ollama/ollama/discover.GetGPUInfo.func14,ggml_ops,L6_1009,0000000000acbf80
github.com/ollama/ollama/discover.GetGPUInfo.func15,github.com/ollama/ollama/discover.GetGPUInfo.func15,ggml_ops,L6_1010,0000000000acbd60
github.com/ollama/ollama/discover.GetGPUInfo.func2,github.com/ollama/ollama/discover.GetGPUInfo.func2,ggml_ops,L6_1011,0000000000accf80
github.com/ollama/ollama/discover.GetGPUInfo.func3,github.com/ollama/ollama/discover.GetGPUInfo.func3,ggml_ops,L6_1012,0000000000accd60
github.com/ollama/ollama/discover.GetGPUInfo.func4,github.com/ollama/ollama/discover.GetGPUInfo.func4,ggml_ops,L6_1013,0000000000accce0
github.com/ollama/ollama/discover.GetGPUInfo.func5,github.com/ollama/ollama/discover.GetGPUInfo.func5,ggml_ops,L6_1014,0000000000accbe0
github.com/ollama/ollama/discover.GetGPUInfo.func5.1,github.com/ollama/ollama/discover.GetGPUInfo.func5.1,ggml_ops,L6_1015,0000000000accc80
github.com/ollama/ollama/discover.GetGPUInfo.func6,github.com/ollama/ollama/discover.GetGPUInfo.func6,ggml_ops,L6_1016,0000000000acca60
github.com/ollama/ollama/discover.GetGPUInfo.func7,github.com/ollama/ollama/discover.GetGPUInfo.func7,ggml_ops,L6_1017,0000000000acc9e0
github.com/ollama/ollama/discover.GetGPUInfo.func8,github.com/ollama/ollama/discover.GetGPUInfo.func8,ggml_ops,L6_1018,0000000000acc860
github.com/ollama/ollama/discover.GetGPUInfo.func9,github.com/ollama/ollama/discover.GetGPUInfo.func9,ggml_ops,L6_1019,0000000000acc640
github.com/ollama/ollama/discover.GetSupportedGFX,github.com/ollama/ollama/discover.GetSupportedGFX,ggml_ops,L6_1020,0000000000ab61e0
github.com/ollama/ollama/discover.GetSystemInfo,github.com/ollama/ollama/discover.GetSystemInfo,ggml_ops,L6_1021,0000000000ad10e0
github.com/ollama/ollama/discover.GetSystemInfo.deferwrap1,github.com/ollama/ollama/discover.GetSystemInfo.deferwrap1,ggml_ops,L6_1022,0000000000ad1600
github.com/ollama/ollama/discover.getVerboseState,github.com/ollama/ollama/discover.getVerboseState,ggml_ops,L6_1051,0000000000ad0aa0
github.com/ollama/ollama/discover.(*GpuInfoList).ByLibrary,github.com/ollama/ollama/discover.(*GpuInfoList).ByLibrary,ggml_ops,L6_977,0000000000ad1800
github.com/ollama/ollama/discover.GpuInfoList.ByLibrary,github.com/ollama/ollama/discover.GpuInfoList.ByLibrary,ggml_ops,L6_1024,0000000000ac2c00
github.com/ollama/ollama/discover.(*GpuInfoList).FlashAttentionSupported,github.com/ollama/ollama/discover.(*GpuInfoList).FlashAttentionSupported,ggml_ops,L6_978,0000000000ad18a0
github.com/ollama/ollama/discover.GpuInfoList.FlashAttentionSupported,github.com/ollama/ollama/discover.GpuInfoList.FlashAttentionSupported,ggml_ops,L6_1025,0000000000ac4100
github.com/ollama/ollama/discover.(*GpuInfoList).GetVisibleDevicesEnv,github.com/ollama/ollama/discover.(*GpuInfoList).GetVisibleDevicesEnv,ggml_ops,L6_979,0000000000ad1920
github.com/ollama/ollama/discover.GpuInfoList.GetVisibleDevicesEnv,github.com/ollama/ollama/discover.GpuInfoList.GetVisibleDevicesEnv,ggml_ops,L6_1026,0000000000ad0b00
github.com/ollama/ollama/discover.(*GpuInfoList).LogDetails,github.com/ollama/ollama/discover.(*GpuInfoList).LogDetails,ggml_ops,L6_980,0000000000ad1a40
github.com/ollama/ollama/discover.GpuInfoList.LogDetails,github.com/ollama/ollama/discover.GpuInfoList.LogDetails,ggml_ops,L6_1027,0000000000ac33c0
github.com/ollama/ollama/discover.(*GpuInfo).RunnerName,github.com/ollama/ollama/discover.(*GpuInfo).RunnerName,ggml_ops,L6_976,0000000000ad1640
github.com/ollama/ollama/discover.GpuInfo.RunnerName,github.com/ollama/ollama/discover.GpuInfo.RunnerName,ggml_ops,L6_1023,0000000000ac2b60
github.com/ollama/ollama/discover.init,github.com/ollama/ollama/discover.init,ggml_ops,L6_1052,0000000000ab55c0
github.com/ollama/ollama/discover.initCudaHandles,github.com/ollama/ollama/discover.initCudaHandles,ggml_ops,L6_1054,0000000000ac53e0
github.com/ollama/ollama/discover.init.func1,github.com/ollama/ollama/discover.init.func1,ggml_ops,L6_1053,0000000000ab5660
github.com/ollama/ollama/discover.initOneAPIHandles,github.com/ollama/ollama/discover.initOneAPIHandles,ggml_ops,L6_1055,0000000000ac67e0
github.com/ollama/ollama/discover.linuxCPUDetails,github.com/ollama/ollama/discover.linuxCPUDetails,ggml_ops,L6_1056,0000000000ac0ee0
github.com/ollama/ollama/discover.loadCUDARTMgmt,github.com/ollama/ollama/discover.loadCUDARTMgmt,ggml_ops,L6_1057,0000000000ace6c0
github.com/ollama/ollama/discover.loadCUDARTMgmt.func1,github.com/ollama/ollama/discover.loadCUDARTMgmt.func1,ggml_ops,L6_1058,0000000000aced20
github.com/ollama/ollama/discover.loadCUDARTMgmt.func1.1,github.com/ollama/ollama/discover.loadCUDARTMgmt.func1.1,ggml_ops,L6_1059,0000000000acedc0
github.com/ollama/ollama/discover.loadCUDARTMgmt.func2,github.com/ollama/ollama/discover.loadCUDARTMgmt.func2,ggml_ops,L6_1060,0000000000acec60
github.com/ollama/ollama/discover.loadCUDARTMgmt.func3,github.com/ollama/ollama/discover.loadCUDARTMgmt.func3,ggml_ops,L6_1061,0000000000acebe0
github.com/ollama/ollama/discover.loadNVCUDAMgmt,github.com/ollama/ollama/discover.loadNVCUDAMgmt,ggml_ops,L6_1062,0000000000acee20
github.com/ollama/ollama/discover.loadNVCUDAMgmt.func1,github.com/ollama/ollama/discover.loadNVCUDAMgmt.func1,ggml_ops,L6_1063,0000000000acf960
github.com/ollama/ollama/discover.loadNVCUDAMgmt.func1.1,github.com/ollama/ollama/discover.loadNVCUDAMgmt.func1.1,ggml_ops,L6_1064,0000000000acfa00
github.com/ollama/ollama/discover.loadNVCUDAMgmt.func2,github.com/ollama/ollama/discover.loadNVCUDAMgmt.func2,ggml_ops,L6_1065,0000000000acf8a0
github.com/ollama/ollama/discover.loadNVCUDAMgmt.func3,github.com/ollama/ollama/discover.loadNVCUDAMgmt.func3,ggml_ops,L6_1066,0000000000acf820
github.com/ollama/ollama/discover.loadNVMLMgmt,github.com/ollama/ollama/discover.loadNVMLMgmt,ggml_ops,L6_1067,0000000000acfa60
github.com/ollama/ollama/discover.loadNVMLMgmt.func1,github.com/ollama/ollama/discover.loadNVMLMgmt.func1,ggml_ops,L6_1068,0000000000ad0040
github.com/ollama/ollama/discover.loadNVMLMgmt.func1.1,github.com/ollama/ollama/discover.loadNVMLMgmt.func1.1,ggml_ops,L6_1069,0000000000ad00e0
github.com/ollama/ollama/discover.loadNVMLMgmt.func2,github.com/ollama/ollama/discover.loadNVMLMgmt.func2,ggml_ops,L6_1070,0000000000acff80
github.com/ollama/ollama/discover.loadNVMLMgmt.func3,github.com/ollama/ollama/discover.loadNVMLMgmt.func3,ggml_ops,L6_1071,0000000000acff00
github.com/ollama/ollama/discover.loadOneapiMgmt,github.com/ollama/ollama/discover.loadOneapiMgmt,ggml_ops,L6_1072,0000000000ad0140
github.com/ollama/ollama/discover.loadOneapiMgmt.func1,github.com/ollama/ollama/discover.loadOneapiMgmt.func1,ggml_ops,L6_1073,0000000000ad09a0
github.com/ollama/ollama/discover.loadOneapiMgmt.func1.1,github.com/ollama/ollama/discover.loadOneapiMgmt.func1.1,ggml_ops,L6_1074,0000000000ad0a40
github.com/ollama/ollama/discover.loadOneapiMgmt.func2,github.com/ollama/ollama/discover.loadOneapiMgmt.func2,ggml_ops,L6_1075,0000000000ad08e0
github.com/ollama/ollama/discover.loadOneapiMgmt.func3,github.com/ollama/ollama/discover.loadOneapiMgmt.func3,ggml_ops,L6_1076,0000000000ad0860
github.com/ollama/ollama/discover.loadOneapiMgmt.func4,github.com/ollama/ollama/discover.loadOneapiMgmt.func4,ggml_ops,L6_1077,0000000000ad06e0
github.com/ollama/ollama/discover.oneapiGetVisibleDevicesEnv,github.com/ollama/ollama/discover.oneapiGetVisibleDevicesEnv,ggml_ops,L6_1078,0000000000ac2640
github.com/ollama/ollama/discover.rocmGetVisibleDevicesEnv,github.com/ollama/ollama/discover.rocmGetVisibleDevicesEnv,ggml_ops,L6_1079,0000000000abf580
github.com/ollama/ollama/discover.RocmGPUInfoList.RefreshFreeMemory,github.com/ollama/ollama/discover.RocmGPUInfoList.RefreshFreeMemory,ggml_ops,L6_1028,0000000000abe540
github.com/ollama/ollama/discover.rocmLibUsable,github.com/ollama/ollama/discover.rocmLibUsable,ggml_ops,L6_1080,0000000000ab5f20
github.com/ollama/ollama/discover.SystemInfo.GetOptimalThreadCount,github.com/ollama/ollama/discover.SystemInfo.GetOptimalThreadCount,ggml_ops,L6_1029,0000000000ac3fc0
github.com/ollama/ollama/discover.verifyKFDDriverAccess,github.com/ollama/ollama/discover.verifyKFDDriverAccess,ggml_ops,L6_1081,0000000000abf220
github.com/ollama/ollama/envconfig.AllowedOrigins,github.com/ollama/ollama/envconfig.AllowedOrigins,ggml_ops,L6_1082,0000000000a74280
github.com/ollama/ollama/envconfig.AsMap,github.com/ollama/ollama/envconfig.AsMap,ggml_ops,L6_1083,0000000000a75b00
github.com/ollama/ollama/envconfig.Bool,github.com/ollama/ollama/envconfig.Bool,ggml_ops,L6_1084,0000000000a75080
github.com/ollama/ollama/envconfig.Bool.func1,github.com/ollama/ollama/envconfig.Bool.func1,ggml_ops,L6_1085,0000000000a75140
github.com/ollama/ollama/envconfig.Host,github.com/ollama/ollama/envconfig.Host,ggml_ops,L6_1086,0000000000a73880
github.com/ollama/ollama/envconfig.init,github.com/ollama/ollama/envconfig.init,ggml_ops,L6_1098,0000000000a73360
github.com/ollama/ollama/envconfig.KeepAlive,github.com/ollama/ollama/envconfig.KeepAlive,ggml_ops,L6_1087,0000000000a74d40
github.com/ollama/ollama/envconfig.LoadTimeout,github.com/ollama/ollama/envconfig.LoadTimeout,ggml_ops,L6_1088,0000000000a74ee0
github.com/ollama/ollama/envconfig.Models,github.com/ollama/ollama/envconfig.Models,ggml_ops,L6_1089,0000000000a74b00
github.com/ollama/ollama/envconfig.String,github.com/ollama/ollama/envconfig.String,ggml_ops,L6_1090,0000000000a75220
github.com/ollama/ollama/envconfig.String.func1,github.com/ollama/ollama/envconfig.String.func1,ggml_ops,L6_1091,0000000000a752e0
github.com/ollama/ollama/envconfig.Uint,github.com/ollama/ollama/envconfig.Uint,ggml_ops,L6_1092,0000000000a75340
github.com/ollama/ollama/envconfig.Uint64,github.com/ollama/ollama/envconfig.Uint64,ggml_ops,L6_1094,0000000000a75720
github.com/ollama/ollama/envconfig.Uint64.func1,github.com/ollama/ollama/envconfig.Uint64.func1,ggml_ops,L6_1095,0000000000a75800
github.com/ollama/ollama/envconfig.Uint.func1,github.com/ollama/ollama/envconfig.Uint.func1,ggml_ops,L6_1093,0000000000a75420
github.com/ollama/ollama/envconfig.Values,github.com/ollama/ollama/envconfig.Values,ggml_ops,L6_1096,0000000000a77d00
github.com/ollama/ollama/envconfig.Var,github.com/ollama/ollama/envconfig.Var,ggml_ops,L6_1097,0000000000a77f00
github.com/ollama/ollama/format.HumanBytes,github.com/ollama/ollama/format.HumanBytes,ggml_ops,L6_1099,0000000000a78140
github.com/ollama/ollama/format.HumanBytes2,github.com/ollama/ollama/format.HumanBytes2,ggml_ops,L6_1100,0000000000a787a0
github.com/ollama/ollama/format.humanDuration,github.com/ollama/ollama/format.humanDuration,ggml_ops,L6_1103,0000000000a792c0
github.com/ollama/ollama/format.HumanNumber,github.com/ollama/ollama/format.HumanNumber,ggml_ops,L6_1101,0000000000a78c40
github.com/ollama/ollama/format.humanTime,github.com/ollama/ollama/format.humanTime,ggml_ops,L6_1104,0000000000a79be0
github.com/ollama/ollama/format.HumanTime,github.com/ollama/ollama/format.HumanTime,ggml_ops,L6_1102,0000000000a79b20
github.com/ollama/ollama/fs/ggml.(*array).MarshalJSON,github.com/ollama/ollama/fs/ggml.(*array).MarshalJSON,ggml_ops,L6_1141,0000000000add3c0
github.com/ollama/ollama/fs/ggml.(*containerGGUF).canCollectArray,github.com/ollama/ollama/fs/ggml.(*containerGGUF).canCollectArray,ggml_ops,L6_1144,0000000000ad97c0
github.com/ollama/ollama/fs/ggml.(*containerGGUF).Decode,github.com/ollama/ollama/fs/ggml.(*containerGGUF).Decode,ggml_ops,L6_1142,0000000000ad9860
github.com/ollama/ollama/fs/ggml.(*containerGGUF).Name,github.com/ollama/ollama/fs/ggml.(*containerGGUF).Name,ggml_ops,L6_1143,0000000000ad9820
github.com/ollama/ollama/fs/ggml.Decode,github.com/ollama/ollama/fs/ggml.Decode,ggml_ops,L6_1153,0000000000ad5c60
github.com/ollama/ollama/fs/ggml.DetectContentType,github.com/ollama/ollama/fs/ggml.DetectContentType,ggml_ops,L6_1154,0000000000ad5aa0
github.com/ollama/ollama/fs/ggml.discardGGUFString,github.com/ollama/ollama/fs/ggml.discardGGUFString,ggml_ops,L6_1199,0000000000adcae0
github.com/ollama/ollama/fs/ggml.(*fileType).String,github.com/ollama/ollama/fs/ggml.(*fileType).String,ggml_ops,L6_1145,0000000000ae9a20
github.com/ollama/ollama/fs/ggml.fileType.String,github.com/ollama/ollama/fs/ggml.fileType.String,ggml_ops,L6_1200,0000000000ae35a0
github.com/ollama/ollama/fs/ggml.(*fileType).Value,github.com/ollama/ollama/fs/ggml.(*fileType).Value,ggml_ops,L6_1146,0000000000ae9aa0
github.com/ollama/ollama/fs/ggml.fileType.Value,github.com/ollama/ollama/fs/ggml.fileType.Value,ggml_ops,L6_1201,0000000000ae3be0
github.com/ollama/ollama/fs/ggml.(*GGML).Decode,github.com/ollama/ollama/fs/ggml.(*GGML).Decode,ggml_ops,L6_1105,0000000000aea240
github.com/ollama/ollama/fs/ggml.GGML.Decode,github.com/ollama/ollama/fs/ggml.GGML.Decode,ggml_ops,L6_1155,0000000000aea100
github.com/ollama/ollama/fs/ggml.(*GGML).GraphSize,github.com/ollama/ollama/fs/ggml.(*GGML).GraphSize,ggml_ops,L6_1106,0000000000aea360
github.com/ollama/ollama/fs/ggml.GGML.GraphSize,github.com/ollama/ollama/fs/ggml.GGML.GraphSize,ggml_ops,L6_1156,0000000000ad6340
github.com/ollama/ollama/fs/ggml.(*GGML).KV,github.com/ollama/ollama/fs/ggml.(*GGML).KV,ggml_ops,L6_1107,0000000000aea5c0
github.com/ollama/ollama/fs/ggml.GGML.KV,github.com/ollama/ollama/fs/ggml.GGML.KV,ggml_ops,L6_1157,0000000000aea540
github.com/ollama/ollama/fs/ggml.(*GGML).Name,github.com/ollama/ollama/fs/ggml.(*GGML).Name,ggml_ops,L6_1108,0000000000aea6c0
github.com/ollama/ollama/fs/ggml.GGML.Name,github.com/ollama/ollama/fs/ggml.GGML.Name,ggml_ops,L6_1158,0000000000aea620
github.com/ollama/ollama/fs/ggml.(*GGML).SupportsFlashAttention,github.com/ollama/ollama/fs/ggml.(*GGML).SupportsFlashAttention,ggml_ops,L6_1109,0000000000aea720
github.com/ollama/ollama/fs/ggml.GGML.SupportsFlashAttention,github.com/ollama/ollama/fs/ggml.GGML.SupportsFlashAttention,ggml_ops,L6_1159,0000000000ad9380
github.com/ollama/ollama/fs/ggml.(*GGML).SupportsKVCacheType,github.com/ollama/ollama/fs/ggml.(*GGML).SupportsKVCacheType,ggml_ops,L6_1110,0000000000aea7a0
github.com/ollama/ollama/fs/ggml.GGML.SupportsKVCacheType,github.com/ollama/ollama/fs/ggml.GGML.SupportsKVCacheType,ggml_ops,L6_1160,0000000000ad9200
github.com/ollama/ollama/fs/ggml.(*GGML).Tensors,github.com/ollama/ollama/fs/ggml.(*GGML).Tensors,ggml_ops,L6_1111,0000000000aea920
github.com/ollama/ollama/fs/ggml.GGML.Tensors,github.com/ollama/ollama/fs/ggml.GGML.Tensors,ggml_ops,L6_1161,0000000000aea860
github.com/ollama/ollama/fs/ggml.(*GGML).VisionGraphSize,github.com/ollama/ollama/fs/ggml.(*GGML).VisionGraphSize,ggml_ops,L6_1112,0000000000aea9a0
github.com/ollama/ollama/fs/ggml.GGML.VisionGraphSize,github.com/ollama/ollama/fs/ggml.GGML.VisionGraphSize,ggml_ops,L6_1162,0000000000ad8880
github.com/ollama/ollama/fs/ggml.(*gguf).Decode,github.com/ollama/ollama/fs/ggml.(*gguf).Decode,ggml_ops,L6_1147,0000000000ada000
github.com/ollama/ollama/fs/ggml.(*gguf).KV,github.com/ollama/ollama/fs/ggml.(*gguf).KV,ggml_ops,L6_1148,0000000000ad9e60
github.com/ollama/ollama/fs/ggml.(*gguf).Name,github.com/ollama/ollama/fs/ggml.(*gguf).Name,ggml_ops,L6_1149,0000000000aeaaa0
github.com/ollama/ollama/fs/ggml.gguf.Name,github.com/ollama/ollama/fs/ggml.gguf.Name,ggml_ops,L6_1202,0000000000aeaa60
github.com/ollama/ollama/fs/ggml.(*gguf).numKV,github.com/ollama/ollama/fs/ggml.(*gguf).numKV,ggml_ops,L6_1151,0000000000ad9f80
github.com/ollama/ollama/fs/ggml.(*gguf).numTensor,github.com/ollama/ollama/fs/ggml.(*gguf).numTensor,ggml_ops,L6_1152,0000000000ad9f00
github.com/ollama/ollama/fs/ggml.ggufPadding,github.com/ollama/ollama/fs/ggml.ggufPadding,ggml_ops,L6_1203,0000000000ae1960
github.com/ollama/ollama/fs/ggml.(*gguf).Tensors,github.com/ollama/ollama/fs/ggml.(*gguf).Tensors,ggml_ops,L6_1150,0000000000ad9ea0
github.com/ollama/ollama/fs/ggml.ggufWriteKV,github.com/ollama/ollama/fs/ggml.ggufWriteKV,ggml_ops,L6_1204,0000000000adfd40
github.com/ollama/ollama/fs/ggml.ggufWriteTensor,github.com/ollama/ollama/fs/ggml.ggufWriteTensor,ggml_ops,L6_1205,0000000000ae1620
github.com/ollama/ollama/fs/ggml.ggufWriteTensorInfo,github.com/ollama/ollama/fs/ggml.ggufWriteTensorInfo,ggml_ops,L6_1206,0000000000ae0e60
github.com/ollama/ollama/fs/ggml.init,github.com/ollama/ollama/fs/ggml.init,ggml_ops,L6_1207,0000000000ad2c80
github.com/ollama/ollama/fs/ggml.keyValue[go.shape.bool],github.com/ollama/ollama/fs/ggml.keyValue[go.shape.bool],ggml_ops,L6_1209,0000000000ae7980
github.com/ollama/ollama/fs/ggml.keyValue[go.shape.float32],github.com/ollama/ollama/fs/ggml.keyValue[go.shape.float32],ggml_ops,L6_1210,0000000000ae7d60
github.com/ollama/ollama/fs/ggml.keyValue[go.shape.*github.com/ollama/ollama/fs/ggml.array],github.com/ollama/ollama/fs/ggml.keyValue[go.shape.*github.com/ollama/ollama/fs/ggml.array],ggml_ops,L6_1208,0000000000ae75a0
github.com/ollama/ollama/fs/ggml.keyValue[go.shape.string],github.com/ollama/ollama/fs/ggml.keyValue[go.shape.string],ggml_ops,L6_1211,0000000000ae8540
github.com/ollama/ollama/fs/ggml.keyValue[go.shape.uint32],github.com/ollama/ollama/fs/ggml.keyValue[go.shape.uint32],ggml_ops,L6_1212,0000000000ae8160
github.com/ollama/ollama/fs/ggml.keyValue[go.shape.uint64],github.com/ollama/ollama/fs/ggml.keyValue[go.shape.uint64],ggml_ops,L6_1213,0000000000ae8960
github.com/ollama/ollama/fs/ggml.(*KV).Architecture,github.com/ollama/ollama/fs/ggml.(*KV).Architecture,ggml_ops,L6_1113,0000000000ae8d60
github.com/ollama/ollama/fs/ggml.KV.Architecture,github.com/ollama/ollama/fs/ggml.KV.Architecture,ggml_ops,L6_1163,0000000000ad2ce0
github.com/ollama/ollama/fs/ggml.(*KV).BlockCount,github.com/ollama/ollama/fs/ggml.(*KV).BlockCount,ggml_ops,L6_1114,0000000000ae8de0
github.com/ollama/ollama/fs/ggml.KV.BlockCount,github.com/ollama/ollama/fs/ggml.KV.BlockCount,ggml_ops,L6_1164,0000000000ad2f60
github.com/ollama/ollama/fs/ggml.(*KV).Bool,github.com/ollama/ollama/fs/ggml.(*KV).Bool,ggml_ops,L6_1115,0000000000ae8e40
github.com/ollama/ollama/fs/ggml.KV.Bool,github.com/ollama/ollama/fs/ggml.KV.Bool,ggml_ops,L6_1165,0000000000ad3840
github.com/ollama/ollama/fs/ggml.kvCacheBytesPerElement,github.com/ollama/ollama/fs/ggml.kvCacheBytesPerElement,ggml_ops,L6_1214,0000000000ad9620
github.com/ollama/ollama/fs/ggml.(*KV).ChatTemplate,github.com/ollama/ollama/fs/ggml.(*KV).ChatTemplate,ggml_ops,L6_1116,0000000000ae8f00
github.com/ollama/ollama/fs/ggml.KV.ChatTemplate,github.com/ollama/ollama/fs/ggml.KV.ChatTemplate,ggml_ops,L6_1166,0000000000ad3420
github.com/ollama/ollama/fs/ggml.(*KV).ContextLength,github.com/ollama/ollama/fs/ggml.(*KV).ContextLength,ggml_ops,L6_1117,0000000000ae8f80
github.com/ollama/ollama/fs/ggml.KV.ContextLength,github.com/ollama/ollama/fs/ggml.KV.ContextLength,ggml_ops,L6_1167,0000000000ad33c0
github.com/ollama/ollama/fs/ggml.(*KV).EmbeddingHeadCount,github.com/ollama/ollama/fs/ggml.(*KV).EmbeddingHeadCount,ggml_ops,L6_1118,0000000000ae8fe0
github.com/ollama/ollama/fs/ggml.KV.EmbeddingHeadCount,github.com/ollama/ollama/fs/ggml.KV.EmbeddingHeadCount,ggml_ops,L6_1168,0000000000ad3120
github.com/ollama/ollama/fs/ggml.(*KV).EmbeddingHeadCountK,github.com/ollama/ollama/fs/ggml.(*KV).EmbeddingHeadCountK,ggml_ops,L6_1119,0000000000ae9040
github.com/ollama/ollama/fs/ggml.KV.EmbeddingHeadCountK,github.com/ollama/ollama/fs/ggml.KV.EmbeddingHeadCountK,ggml_ops,L6_1169,0000000000ad31c0
github.com/ollama/ollama/fs/ggml.(*KV).EmbeddingHeadCountV,github.com/ollama/ollama/fs/ggml.(*KV).EmbeddingHeadCountV,ggml_ops,L6_1120,0000000000ae90a0
github.com/ollama/ollama/fs/ggml.KV.EmbeddingHeadCountV,github.com/ollama/ollama/fs/ggml.KV.EmbeddingHeadCountV,ggml_ops,L6_1170,0000000000ad3280
github.com/ollama/ollama/fs/ggml.(*KV).EmbeddingLength,github.com/ollama/ollama/fs/ggml.(*KV).EmbeddingLength,ggml_ops,L6_1121,0000000000ae9100
github.com/ollama/ollama/fs/ggml.KV.EmbeddingLength,github.com/ollama/ollama/fs/ggml.KV.EmbeddingLength,ggml_ops,L6_1171,0000000000ad2fc0
github.com/ollama/ollama/fs/ggml.(*KV).FileType,github.com/ollama/ollama/fs/ggml.(*KV).FileType,ggml_ops,L6_1122,0000000000ae9160
github.com/ollama/ollama/fs/ggml.KV.FileType,github.com/ollama/ollama/fs/ggml.KV.FileType,ggml_ops,L6_1172,0000000000ad2ee0
github.com/ollama/ollama/fs/ggml.(*KV).Float,github.com/ollama/ollama/fs/ggml.(*KV).Float,ggml_ops,L6_1123,0000000000ae91c0
github.com/ollama/ollama/fs/ggml.KV.Float,github.com/ollama/ollama/fs/ggml.KV.Float,ggml_ops,L6_1173,0000000000ad3720
github.com/ollama/ollama/fs/ggml.(*KV).Floats,github.com/ollama/ollama/fs/ggml.(*KV).Floats,ggml_ops,L6_1124,0000000000ae92a0
github.com/ollama/ollama/fs/ggml.KV.Floats,github.com/ollama/ollama/fs/ggml.KV.Floats,ggml_ops,L6_1174,0000000000ad3fa0
github.com/ollama/ollama/fs/ggml.(*KV).GQA,github.com/ollama/ollama/fs/ggml.(*KV).GQA,ggml_ops,L6_1125,0000000000ae93c0
github.com/ollama/ollama/fs/ggml.KV.GQA,github.com/ollama/ollama/fs/ggml.KV.GQA,ggml_ops,L6_1175,0000000000ad3340
github.com/ollama/ollama/fs/ggml.(*KV).HeadCount,github.com/ollama/ollama/fs/ggml.(*KV).HeadCount,ggml_ops,L6_1126,0000000000ae9420
github.com/ollama/ollama/fs/ggml.KV.HeadCount,github.com/ollama/ollama/fs/ggml.KV.HeadCount,ggml_ops,L6_1176,0000000000ad3020
github.com/ollama/ollama/fs/ggml.(*KV).HeadCountKV,github.com/ollama/ollama/fs/ggml.(*KV).HeadCountKV,ggml_ops,L6_1127,0000000000ae9480
github.com/ollama/ollama/fs/ggml.KV.HeadCountKV,github.com/ollama/ollama/fs/ggml.KV.HeadCountKV,ggml_ops,L6_1177,0000000000ad3080
github.com/ollama/ollama/fs/ggml.(*KV).Kind,github.com/ollama/ollama/fs/ggml.(*KV).Kind,ggml_ops,L6_1128,0000000000ae94e0
github.com/ollama/ollama/fs/ggml.KV.Kind,github.com/ollama/ollama/fs/ggml.KV.Kind,ggml_ops,L6_1178,0000000000ad2da0
github.com/ollama/ollama/fs/ggml.(*KV).OllamaEngineRequired,github.com/ollama/ollama/fs/ggml.(*KV).OllamaEngineRequired,ggml_ops,L6_1129,0000000000ae9560
github.com/ollama/ollama/fs/ggml.KV.OllamaEngineRequired,github.com/ollama/ollama/fs/ggml.KV.OllamaEngineRequired,ggml_ops,L6_1179,0000000000ad42a0
github.com/ollama/ollama/fs/ggml.(*KV).ParameterCount,github.com/ollama/ollama/fs/ggml.(*KV).ParameterCount,ggml_ops,L6_1130,0000000000ae95c0
github.com/ollama/ollama/fs/ggml.KV.ParameterCount,github.com/ollama/ollama/fs/ggml.KV.ParameterCount,ggml_ops,L6_1180,0000000000ad2e60
github.com/ollama/ollama/fs/ggml.(*KV).String,github.com/ollama/ollama/fs/ggml.(*KV).String,ggml_ops,L6_1131,0000000000ae9620
github.com/ollama/ollama/fs/ggml.KV.String,github.com/ollama/ollama/fs/ggml.KV.String,ggml_ops,L6_1181,0000000000ad34a0
github.com/ollama/ollama/fs/ggml.(*KV).Strings,github.com/ollama/ollama/fs/ggml.(*KV).Strings,ggml_ops,L6_1132,0000000000ae9720
github.com/ollama/ollama/fs/ggml.KV.Strings,github.com/ollama/ollama/fs/ggml.KV.Strings,ggml_ops,L6_1182,0000000000ad3960
github.com/ollama/ollama/fs/ggml.(*KV).Uint,github.com/ollama/ollama/fs/ggml.(*KV).Uint,ggml_ops,L6_1133,0000000000ae9840
github.com/ollama/ollama/fs/ggml.KV.Uint,github.com/ollama/ollama/fs/ggml.KV.Uint,ggml_ops,L6_1183,0000000000ad3600
github.com/ollama/ollama/fs/ggml.(*KV).Uints,github.com/ollama/ollama/fs/ggml.(*KV).Uints,ggml_ops,L6_1134,0000000000ae9900
github.com/ollama/ollama/fs/ggml.KV.Uints,github.com/ollama/ollama/fs/ggml.KV.Uints,ggml_ops,L6_1184,0000000000ad3ca0
github.com/ollama/ollama/fs/ggml.(*Layer).Size,github.com/ollama/ollama/fs/ggml.(*Layer).Size,ggml_ops,L6_1135,0000000000aea0a0
github.com/ollama/ollama/fs/ggml.Layer.Size,github.com/ollama/ollama/fs/ggml.Layer.Size,ggml_ops,L6_1185,0000000000ad4c80
github.com/ollama/ollama/fs/ggml.newGGUF,github.com/ollama/ollama/fs/ggml.newGGUF,ggml_ops,L6_1215,0000000000ad9d60
github.com/ollama/ollama/fs/ggml.ParseFileType,github.com/ollama/ollama/fs/ggml.ParseFileType,ggml_ops,L6_1186,0000000000ae19e0
github.com/ollama/ollama/fs/ggml.readGGUFArray,github.com/ollama/ollama/fs/ggml.readGGUFArray,ggml_ops,L6_1216,0000000000ade400
github.com/ollama/ollama/fs/ggml.readGGUF[go.shape.bool],github.com/ollama/ollama/fs/ggml.readGGUF[go.shape.bool],ggml_ops,L6_1220,0000000000ae6680
github.com/ollama/ollama/fs/ggml.readGGUF[go.shape.float32],github.com/ollama/ollama/fs/ggml.readGGUF[go.shape.float32],ggml_ops,L6_1221,0000000000ae68e0
github.com/ollama/ollama/fs/ggml.readGGUF[go.shape.float64],github.com/ollama/ollama/fs/ggml.readGGUF[go.shape.float64],ggml_ops,L6_1222,0000000000ae67a0
github.com/ollama/ollama/fs/ggml.readGGUF[go.shape.int16],github.com/ollama/ollama/fs/ggml.readGGUF[go.shape.int16],ggml_ops,L6_1223,0000000000ae6c60
github.com/ollama/ollama/fs/ggml.readGGUF[go.shape.int32],github.com/ollama/ollama/fs/ggml.readGGUF[go.shape.int32],ggml_ops,L6_1224,0000000000ae6b40
github.com/ollama/ollama/fs/ggml.readGGUF[go.shape.int64],github.com/ollama/ollama/fs/ggml.readGGUF[go.shape.int64],ggml_ops,L6_1225,0000000000ae6a00
github.com/ollama/ollama/fs/ggml.readGGUF[go.shape.int8],github.com/ollama/ollama/fs/ggml.readGGUF[go.shape.int8],ggml_ops,L6_1226,0000000000ae6ea0
github.com/ollama/ollama/fs/ggml.readGGUF[go.shape.uint16],github.com/ollama/ollama/fs/ggml.readGGUF[go.shape.uint16],ggml_ops,L6_1227,0000000000ae6d80
github.com/ollama/ollama/fs/ggml.readGGUF[go.shape.uint32],github.com/ollama/ollama/fs/ggml.readGGUF[go.shape.uint32],ggml_ops,L6_1228,0000000000ae7220
github.com/ollama/ollama/fs/ggml.readGGUF[go.shape.uint64],github.com/ollama/ollama/fs/ggml.readGGUF[go.shape.uint64],ggml_ops,L6_1229,0000000000ae70e0
github.com/ollama/ollama/fs/ggml.readGGUF[go.shape.uint8],github.com/ollama/ollama/fs/ggml.readGGUF[go.shape.uint8],ggml_ops,L6_1230,0000000000ae6fc0
github.com/ollama/ollama/fs/ggml.readGGUFString,github.com/ollama/ollama/fs/ggml.readGGUFString,ggml_ops,L6_1217,0000000000adcda0
github.com/ollama/ollama/fs/ggml.readGGUFV1Array,github.com/ollama/ollama/fs/ggml.readGGUFV1Array,ggml_ops,L6_1218,0000000000add520
github.com/ollama/ollama/fs/ggml.readGGUFV1String,github.com/ollama/ollama/fs/ggml.readGGUFV1String,ggml_ops,L6_1219,0000000000adc860
github.com/ollama/ollama/fs/ggml.Tensor.block,github.com/ollama/ollama/fs/ggml.Tensor.block,ggml_ops,L6_1190,0000000000ad4e00
github.com/ollama/ollama/fs/ggml.Tensor.blockSize,github.com/ollama/ollama/fs/ggml.Tensor.blockSize,ggml_ops,L6_1191,0000000000ad5020
github.com/ollama/ollama/fs/ggml.Tensor.parameters,github.com/ollama/ollama/fs/ggml.Tensor.parameters,ggml_ops,L6_1192,0000000000ad5700
github.com/ollama/ollama/fs/ggml.(*Tensors).GroupLayers,github.com/ollama/ollama/fs/ggml.(*Tensors).GroupLayers,ggml_ops,L6_1139,0000000000ae9f00
github.com/ollama/ollama/fs/ggml.Tensors.GroupLayers,github.com/ollama/ollama/fs/ggml.Tensors.GroupLayers,ggml_ops,L6_1194,0000000000ad4660
github.com/ollama/ollama/fs/ggml.Tensors.GroupLayers.func1,github.com/ollama/ollama/fs/ggml.Tensors.GroupLayers.func1,ggml_ops,L6_1195,0000000000ae3e20
github.com/ollama/ollama/fs/ggml.(*Tensors).Items,github.com/ollama/ollama/fs/ggml.(*Tensors).Items,ggml_ops,L6_1140,0000000000ae9f80
github.com/ollama/ollama/fs/ggml.Tensors.Items,github.com/ollama/ollama/fs/ggml.Tensors.Items,ggml_ops,L6_1196,0000000000ad43a0
github.com/ollama/ollama/fs/ggml.(*Tensor).Size,github.com/ollama/ollama/fs/ggml.(*Tensor).Size,ggml_ops,L6_1136,0000000000ae9b00
github.com/ollama/ollama/fs/ggml.Tensor.Size,github.com/ollama/ollama/fs/ggml.Tensor.Size,ggml_ops,L6_1187,0000000000ad57e0
github.com/ollama/ollama/fs/ggml.(*Tensor).Type,github.com/ollama/ollama/fs/ggml.(*Tensor).Type,ggml_ops,L6_1137,0000000000ae9be0
github.com/ollama/ollama/fs/ggml.Tensor.Type,github.com/ollama/ollama/fs/ggml.Tensor.Type,ggml_ops,L6_1188,0000000000ad59c0
github.com/ollama/ollama/fs/ggml.Tensor.typeSize,github.com/ollama/ollama/fs/ggml.Tensor.typeSize,ggml_ops,L6_1193,0000000000ad5120
github.com/ollama/ollama/fs/ggml.(*Tensor).WriteTo,github.com/ollama/ollama/fs/ggml.(*Tensor).WriteTo,ggml_ops,L6_1138,0000000000ae9e20
github.com/ollama/ollama/fs/ggml.Tensor.WriteTo,github.com/ollama/ollama/fs/ggml.Tensor.WriteTo,ggml_ops,L6_1189,0000000000ae9ce0
github.com/ollama/ollama/fs/ggml.WriteGGUF,github.com/ollama/ollama/fs/ggml.WriteGGUF,ggml_ops,L6_1197,0000000000adf400
"github.com/ollama/ollama/fs/ggml.writeGGUFArray[go.shape.[]float32,go.shape.float32]","github.com/ollama/ollama/fs/ggml.writeGGUFArray[go.shape.[]float32,go.shape.float32]",ggml_ops,L6_1231,0000000000ae3f00
"github.com/ollama/ollama/fs/ggml.writeGGUFArray[go.shape.[]int32,go.shape.int32]","github.com/ollama/ollama/fs/ggml.writeGGUFArray[go.shape.[]int32,go.shape.int32]",ggml_ops,L6_1232,0000000000ae43c0
"github.com/ollama/ollama/fs/ggml.writeGGUFArray[go.shape.[]uint32,go.shape.uint32]","github.com/ollama/ollama/fs/ggml.writeGGUFArray[go.shape.[]uint32,go.shape.uint32]",ggml_ops,L6_1233,0000000000ae4160
github.com/ollama/ollama/fs/ggml.WriteGGUF.func1,github.com/ollama/ollama/fs/ggml.WriteGGUF.func1,ggml_ops,L6_1198,0000000000ae3c00
github.com/ollama/ollama/fs/ggml.writeGGUF[go.shape.bool],github.com/ollama/ollama/fs/ggml.writeGGUF[go.shape.bool],ggml_ops,L6_1235,0000000000ae4620
github.com/ollama/ollama/fs/ggml.writeGGUF[go.shape.float32],github.com/ollama/ollama/fs/ggml.writeGGUF[go.shape.float32],ggml_ops,L6_1236,0000000000ae4780
github.com/ollama/ollama/fs/ggml.writeGGUF[go.shape.uint32],github.com/ollama/ollama/fs/ggml.writeGGUF[go.shape.uint32],ggml_ops,L6_1237,0000000000ae48e0
github.com/ollama/ollama/fs/ggml.writeGGUFString,github.com/ollama/ollama/fs/ggml.writeGGUFString,ggml_ops,L6_1234,0000000000add1e0
github.com/ollama/ollama/fs/util/bufioutil.(*BufferedSeeker).Read,github.com/ollama/ollama/fs/util/bufioutil.(*BufferedSeeker).Read,memory,L8_003,0000000000ad28e0
github.com/ollama/ollama/fs/util/bufioutil.(*BufferedSeeker).Seek,github.com/ollama/ollama/fs/util/bufioutil.(*BufferedSeeker).Seek,memory,L8_004,0000000000ad29e0
github.com/ollama/ollama/fs/util/bufioutil.NewBufferedSeeker,github.com/ollama/ollama/fs/util/bufioutil.NewBufferedSeeker,memory,L8_005,0000000000ad27a0
github.com/ollama/ollama/kvcache.(*Causal).buildMask,github.com/ollama/ollama/kvcache.(*Causal).buildMask,ggml_ops,L6_1252,0000000000b4f7e0
github.com/ollama/ollama/kvcache.(*Causal).CanResume,github.com/ollama/ollama/kvcache.(*Causal).CanResume,ggml_ops,L6_1238,0000000000b533a0
github.com/ollama/ollama/kvcache.(*Causal).Close,github.com/ollama/ollama/kvcache.(*Causal).Close,ggml_ops,L6_1239,0000000000b4e4a0
github.com/ollama/ollama/kvcache.(*Causal).CopyPrefix,github.com/ollama/ollama/kvcache.(*Causal).CopyPrefix,ggml_ops,L6_1240,0000000000b52e80
github.com/ollama/ollama/kvcache.(*Causal).CopyPrefix.func1,github.com/ollama/ollama/kvcache.(*Causal).CopyPrefix.func1,ggml_ops,L6_1241,0000000000b53360
github.com/ollama/ollama/kvcache.(*Causal).defrag,github.com/ollama/ollama/kvcache.(*Causal).defrag,ggml_ops,L6_1253,0000000000b509c0
github.com/ollama/ollama/kvcache.(*Causal).findStartLoc,github.com/ollama/ollama/kvcache.(*Causal).findStartLoc,ggml_ops,L6_1254,0000000000b4ed40
github.com/ollama/ollama/kvcache.(*Causal).Get,github.com/ollama/ollama/kvcache.(*Causal).Get,ggml_ops,L6_1242,0000000000b515a0
github.com/ollama/ollama/kvcache.(*Causal).Init,github.com/ollama/ollama/kvcache.(*Causal).Init,ggml_ops,L6_1243,0000000000b4df60
github.com/ollama/ollama/kvcache.(*Causal).moveCells,github.com/ollama/ollama/kvcache.(*Causal).moveCells,ggml_ops,L6_1255,0000000000b50140
github.com/ollama/ollama/kvcache.(*Causal).Put,github.com/ollama/ollama/kvcache.(*Causal).Put,ggml_ops,L6_1244,0000000000b51c20
github.com/ollama/ollama/kvcache.(*Causal).Remove,github.com/ollama/ollama/kvcache.(*Causal).Remove,ggml_ops,L6_1245,0000000000b54020
github.com/ollama/ollama/kvcache.(*Causal).Remove.func1,github.com/ollama/ollama/kvcache.(*Causal).Remove.func1,ggml_ops,L6_1246,0000000000b54700
github.com/ollama/ollama/kvcache.(*Causal).Remove.func2,github.com/ollama/ollama/kvcache.(*Causal).Remove.func2,ggml_ops,L6_1247,0000000000b546c0
github.com/ollama/ollama/kvcache.(*Causal).SetCausal,github.com/ollama/ollama/kvcache.(*Causal).SetCausal,ggml_ops,L6_1248,0000000000b51220
github.com/ollama/ollama/kvcache.(*Causal).SetConfig,github.com/ollama/ollama/kvcache.(*Causal).SetConfig,ggml_ops,L6_1249,0000000000b4e3a0
github.com/ollama/ollama/kvcache.(*Causal).SetLayer,github.com/ollama/ollama/kvcache.(*Causal).SetLayer,ggml_ops,L6_1250,0000000000b51200
github.com/ollama/ollama/kvcache.(*Causal).shift,github.com/ollama/ollama/kvcache.(*Causal).shift,ggml_ops,L6_1256,0000000000b53620
github.com/ollama/ollama/kvcache.(*Causal).shift.deferwrap1,github.com/ollama/ollama/kvcache.(*Causal).shift.deferwrap1,ggml_ops,L6_1257,0000000000b53fe0
github.com/ollama/ollama/kvcache.(*Causal).StartForward,github.com/ollama/ollama/kvcache.(*Causal).StartForward,ggml_ops,L6_1251,0000000000b4e580
github.com/ollama/ollama/kvcache.(*Causal).updateSlidingWindow,github.com/ollama/ollama/kvcache.(*Causal).updateSlidingWindow,ggml_ops,L6_1258,0000000000b4f000
github.com/ollama/ollama/kvcache.(*Causal).updateSlidingWindow.func1,github.com/ollama/ollama/kvcache.(*Causal).updateSlidingWindow.func1,ggml_ops,L6_1259,0000000000b4f6e0
github.com/ollama/ollama/kvcache.(*EncoderCache).CanResume,github.com/ollama/ollama/kvcache.(*EncoderCache).CanResume,ggml_ops,L6_1260,0000000000b55a20
github.com/ollama/ollama/kvcache.(*EncoderCache).Close,github.com/ollama/ollama/kvcache.(*EncoderCache).Close,ggml_ops,L6_1261,0000000000b54e00
github.com/ollama/ollama/kvcache.(*EncoderCache).CopyPrefix,github.com/ollama/ollama/kvcache.(*EncoderCache).CopyPrefix,ggml_ops,L6_1262,0000000000b559a0
github.com/ollama/ollama/kvcache.(*EncoderCache).EncoderCached,github.com/ollama/ollama/kvcache.(*EncoderCache).EncoderCached,ggml_ops,L6_1263,0000000000b54fc0
github.com/ollama/ollama/kvcache.(*EncoderCache).Get,github.com/ollama/ollama/kvcache.(*EncoderCache).Get,ggml_ops,L6_1264,0000000000b55000
github.com/ollama/ollama/kvcache.(*EncoderCache).Init,github.com/ollama/ollama/kvcache.(*EncoderCache).Init,ggml_ops,L6_1265,0000000000b54880
github.com/ollama/ollama/kvcache.(*EncoderCache).Put,github.com/ollama/ollama/kvcache.(*EncoderCache).Put,ggml_ops,L6_1266,0000000000b55120
github.com/ollama/ollama/kvcache.(*EncoderCache).Remove,github.com/ollama/ollama/kvcache.(*EncoderCache).Remove,ggml_ops,L6_1267,0000000000b55a60
github.com/ollama/ollama/kvcache.(*EncoderCache).SetConfig,github.com/ollama/ollama/kvcache.(*EncoderCache).SetConfig,ggml_ops,L6_1268,0000000000b54d00
github.com/ollama/ollama/kvcache.(*EncoderCache).SetLayer,github.com/ollama/ollama/kvcache.(*EncoderCache).SetLayer,ggml_ops,L6_1269,0000000000b54fa0
github.com/ollama/ollama/kvcache.(*EncoderCache).StartForward,github.com/ollama/ollama/kvcache.(*EncoderCache).StartForward,ggml_ops,L6_1270,0000000000b54ee0
github.com/ollama/ollama/kvcache.init,github.com/ollama/ollama/kvcache.init,ggml_ops,L6_1287,0000000000b4db20
github.com/ollama/ollama/kvcache.NewCausalCache,github.com/ollama/ollama/kvcache.NewCausalCache,ggml_ops,L6_1283,0000000000b4dbe0
github.com/ollama/ollama/kvcache.NewEncoderCache,github.com/ollama/ollama/kvcache.NewEncoderCache,ggml_ops,L6_1284,0000000000b54740
github.com/ollama/ollama/kvcache.newRange,github.com/ollama/ollama/kvcache.newRange,ggml_ops,L6_1288,0000000000b4ed00
github.com/ollama/ollama/kvcache.NewSWACache,github.com/ollama/ollama/kvcache.NewSWACache,ggml_ops,L6_1285,0000000000b4dda0
github.com/ollama/ollama/kvcache.NewWrapperCache,github.com/ollama/ollama/kvcache.NewWrapperCache,ggml_ops,L6_1286,0000000000b55ae0
github.com/ollama/ollama/kvcache.roundDown,github.com/ollama/ollama/kvcache.roundDown,ggml_ops,L6_1289,0000000000b4f720
github.com/ollama/ollama/kvcache.roundUp,github.com/ollama/ollama/kvcache.roundUp,ggml_ops,L6_1290,0000000000b4f780
github.com/ollama/ollama/kvcache.(*WrapperCache).CanResume,github.com/ollama/ollama/kvcache.(*WrapperCache).CanResume,ggml_ops,L6_1271,0000000000b56720
github.com/ollama/ollama/kvcache.(*WrapperCache).Close,github.com/ollama/ollama/kvcache.(*WrapperCache).Close,ggml_ops,L6_1272,0000000000b55e60
github.com/ollama/ollama/kvcache.(*WrapperCache).CopyPrefix,github.com/ollama/ollama/kvcache.(*WrapperCache).CopyPrefix,ggml_ops,L6_1273,0000000000b56620
github.com/ollama/ollama/kvcache.(*WrapperCache).Get,github.com/ollama/ollama/kvcache.(*WrapperCache).Get,ggml_ops,L6_1274,0000000000b563a0
github.com/ollama/ollama/kvcache.(*WrapperCache).Init,github.com/ollama/ollama/kvcache.(*WrapperCache).Init,ggml_ops,L6_1275,0000000000b55be0
github.com/ollama/ollama/kvcache.(*WrapperCache).Put,github.com/ollama/ollama/kvcache.(*WrapperCache).Put,ggml_ops,L6_1276,0000000000b56560
github.com/ollama/ollama/kvcache.(*WrapperCache).Remove,github.com/ollama/ollama/kvcache.(*WrapperCache).Remove,ggml_ops,L6_1277,0000000000b56840
github.com/ollama/ollama/kvcache.(*WrapperCache).SetConfig,github.com/ollama/ollama/kvcache.(*WrapperCache).SetConfig,ggml_ops,L6_1278,0000000000b55d40
github.com/ollama/ollama/kvcache.(*WrapperCache).SetLayer,github.com/ollama/ollama/kvcache.(*WrapperCache).SetLayer,ggml_ops,L6_1279,0000000000b56260
github.com/ollama/ollama/kvcache.(*WrapperCache).SetLayerType,github.com/ollama/ollama/kvcache.(*WrapperCache).SetLayerType,ggml_ops,L6_1280,0000000000b56320
github.com/ollama/ollama/kvcache.(*WrapperCache).StartForward,github.com/ollama/ollama/kvcache.(*WrapperCache).StartForward,ggml_ops,L6_1281,0000000000b55f20
github.com/ollama/ollama/kvcache.(*WrapperCache).UnderlyingCache,github.com/ollama/ollama/kvcache.(*WrapperCache).UnderlyingCache,ggml_ops,L6_1282,0000000000b56340
github.com/ollama/ollama/llama.BackendInit,github.com/ollama/ollama/llama.BackendInit,ggml_backend,L5_155,0000000000aa9b60
github.com/ollama/ollama/llama.(*Batch).Add,github.com/ollama/ollama/llama.(*Batch).Add,ggml_ops,L6_1291,0000000000aadb20
github.com/ollama/ollama/llama.(*Batch).allocSize,github.com/ollama/ollama/llama.(*Batch).allocSize,ggml_ops,L6_1298,0000000000aada60
github.com/ollama/ollama/llama.(*Batch).Clear,github.com/ollama/ollama/llama.(*Batch).Clear,ggml_ops,L6_1292,0000000000aae500
github.com/ollama/ollama/llama.(*Batch).Free,github.com/ollama/ollama/llama.(*Batch).Free,ggml_ops,L6_1293,0000000000aae520
github.com/ollama/ollama/llama.(*Batch).Free.func1,github.com/ollama/ollama/llama.(*Batch).Free.func1,ggml_ops,L6_1294,0000000000aae560
github.com/ollama/ollama/llama.(*Batch).IsEmbedding,github.com/ollama/ollama/llama.(*Batch).IsEmbedding,ggml_ops,L6_1295,0000000000aadae0
github.com/ollama/ollama/llama.(*Batch).NumTokens,github.com/ollama/ollama/llama.(*Batch).NumTokens,ggml_ops,L6_1296,0000000000aadaa0
github.com/ollama/ollama/llama.(*Batch).Size,github.com/ollama/ollama/llama.(*Batch).Size,ggml_ops,L6_1297,0000000000aada20
github.com/ollama/ollama/llama._Cfunc_clip_model_load.abi0,github.com/ollama/ollama/llama._Cfunc_clip_model_load.abi0,ggml_ops,L6_1409,0000000000aa6580
github.com/ollama/ollama/llama._Cfunc_clip_n_mmproj_embd.abi0,github.com/ollama/ollama/llama._Cfunc_clip_n_mmproj_embd.abi0,ggml_ops,L6_1410,0000000000aa6640
github.com/ollama/ollama/llama._Cfunc_common_sampler_caccept.abi0,github.com/ollama/ollama/llama._Cfunc_common_sampler_caccept.abi0,ggml_ops,L6_1411,0000000000aa6700
github.com/ollama/ollama/llama._Cfunc_common_sampler_cfree.abi0,github.com/ollama/ollama/llama._Cfunc_common_sampler_cfree.abi0,ggml_ops,L6_1412,0000000000aa6820
github.com/ollama/ollama/llama._Cfunc_common_sampler_cinit.abi0,github.com/ollama/ollama/llama._Cfunc_common_sampler_cinit.abi0,ggml_ops,L6_1413,0000000000aa68c0
github.com/ollama/ollama/llama._Cfunc_common_sampler_creset.abi0,github.com/ollama/ollama/llama._Cfunc_common_sampler_creset.abi0,ggml_ops,L6_1414,0000000000aa69a0
github.com/ollama/ollama/llama._Cfunc_common_sampler_csample.abi0,github.com/ollama/ollama/llama._Cfunc_common_sampler_csample.abi0,ggml_ops,L6_1415,0000000000aa6a40
github.com/ollama/ollama/llama._Cfunc_CString,github.com/ollama/ollama/llama._Cfunc_CString,ggml_ops,L6_1407,0000000000aa62c0
github.com/ollama/ollama/llama._Cfunc_free.abi0,github.com/ollama/ollama/llama._Cfunc_free.abi0,ggml_ops,L6_1416,0000000000aa6b80
github.com/ollama/ollama/llama._Cfunc_gguf_find_key.abi0,github.com/ollama/ollama/llama._Cfunc_gguf_find_key.abi0,ggml_ops,L6_1417,0000000000aa6c00
github.com/ollama/ollama/llama._Cfunc_gguf_free.abi0,github.com/ollama/ollama/llama._Cfunc_gguf_free.abi0,ggml_ops,L6_1418,0000000000aa6ce0
github.com/ollama/ollama/llama._Cfunc_gguf_get_val_str.abi0,github.com/ollama/ollama/llama._Cfunc_gguf_get_val_str.abi0,ggml_ops,L6_1419,0000000000aa6d80
github.com/ollama/ollama/llama._Cfunc_gguf_init_from_file.abi0,github.com/ollama/ollama/llama._Cfunc_gguf_init_from_file.abi0,ggml_ops,L6_1420,0000000000aa6e80
github.com/ollama/ollama/llama._Cfunc_GoString,github.com/ollama/ollama/llama._Cfunc_GoString,ggml_ops,L6_1408,0000000000aa64c0
github.com/ollama/ollama/llama._Cfunc_llama_adapter_lora_init.abi0,github.com/ollama/ollama/llama._Cfunc_llama_adapter_lora_init.abi0,ggml_ops,L6_1421,0000000000aa6f60
github.com/ollama/ollama/llama._Cfunc_llama_backend_init.abi0,github.com/ollama/ollama/llama._Cfunc_llama_backend_init.abi0,ggml_backend,L5_156,0000000000aa7040
github.com/ollama/ollama/llama._Cfunc_llama_batch_free.abi0,github.com/ollama/ollama/llama._Cfunc_llama_batch_free.abi0,ggml_ops,L6_1422,0000000000aa70a0
github.com/ollama/ollama/llama._Cfunc_llama_batch_init.abi0,github.com/ollama/ollama/llama._Cfunc_llama_batch_init.abi0,ggml_ops,L6_1423,0000000000aa7140
github.com/ollama/ollama/llama._Cfunc_llama_context_default_params.abi0,github.com/ollama/ollama/llama._Cfunc_llama_context_default_params.abi0,ggml_ops,L6_1424,0000000000aa7280
github.com/ollama/ollama/llama._Cfunc_llama_decode.abi0,github.com/ollama/ollama/llama._Cfunc_llama_decode.abi0,ggml_ops,L6_1425,0000000000aa7300
github.com/ollama/ollama/llama._Cfunc_llama_get_embeddings_ith.abi0,github.com/ollama/ollama/llama._Cfunc_llama_get_embeddings_ith.abi0,ggml_ops,L6_1426,0000000000aa7400
github.com/ollama/ollama/llama._Cfunc_llama_get_embeddings_seq.abi0,github.com/ollama/ollama/llama._Cfunc_llama_get_embeddings_seq.abi0,ggml_ops,L6_1427,0000000000aa74e0
github.com/ollama/ollama/llama._Cfunc_llama_get_model.abi0,github.com/ollama/ollama/llama._Cfunc_llama_get_model.abi0,ggml_ops,L6_1428,0000000000aa75c0
github.com/ollama/ollama/llama._Cfunc_llama_init_from_model.abi0,github.com/ollama/ollama/llama._Cfunc_llama_init_from_model.abi0,ggml_ops,L6_1429,0000000000aa7680
github.com/ollama/ollama/llama._Cfunc_llama_kv_cache_can_shift.abi0,github.com/ollama/ollama/llama._Cfunc_llama_kv_cache_can_shift.abi0,ggml_ops,L6_1430,0000000000aa7780
github.com/ollama/ollama/llama._Cfunc_llama_kv_cache_clear.abi0,github.com/ollama/ollama/llama._Cfunc_llama_kv_cache_clear.abi0,ggml_ops,L6_1431,0000000000aa7840
github.com/ollama/ollama/llama._Cfunc_llama_kv_cache_defrag.abi0,github.com/ollama/ollama/llama._Cfunc_llama_kv_cache_defrag.abi0,ggml_ops,L6_1432,0000000000aa78e0
github.com/ollama/ollama/llama._Cfunc_llama_kv_cache_seq_add.abi0,github.com/ollama/ollama/llama._Cfunc_llama_kv_cache_seq_add.abi0,ggml_ops,L6_1433,0000000000aa7980
github.com/ollama/ollama/llama._Cfunc_llama_kv_cache_seq_cp.abi0,github.com/ollama/ollama/llama._Cfunc_llama_kv_cache_seq_cp.abi0,ggml_ops,L6_1434,0000000000aa7b00
github.com/ollama/ollama/llama._Cfunc_llama_kv_cache_seq_rm.abi0,github.com/ollama/ollama/llama._Cfunc_llama_kv_cache_seq_rm.abi0,ggml_ops,L6_1435,0000000000aa7c80
github.com/ollama/ollama/llama._Cfunc_llama_load_vocab_from_file.abi0,github.com/ollama/ollama/llama._Cfunc_llama_load_vocab_from_file.abi0,vocab,L7_162,0000000000aa7de0
github.com/ollama/ollama/llama._Cfunc_llama_log_set.abi0,github.com/ollama/ollama/llama._Cfunc_llama_log_set.abi0,ggml_ops,L6_1436,0000000000aa7e60
github.com/ollama/ollama/llama._Cfunc_llama_model_default_params.abi0,github.com/ollama/ollama/llama._Cfunc_llama_model_default_params.abi0,ggml_ops,L6_1437,0000000000aa7f00
github.com/ollama/ollama/llama._Cfunc_llama_model_free.abi0,github.com/ollama/ollama/llama._Cfunc_llama_model_free.abi0,ggml_ops,L6_1438,0000000000aa7f80
github.com/ollama/ollama/llama._Cfunc_llama_model_get_vocab.abi0,github.com/ollama/ollama/llama._Cfunc_llama_model_get_vocab.abi0,vocab,L7_163,0000000000aa8020
github.com/ollama/ollama/llama._Cfunc_llama_model_load_from_file.abi0,github.com/ollama/ollama/llama._Cfunc_llama_model_load_from_file.abi0,ggml_ops,L6_1439,0000000000aa80e0
github.com/ollama/ollama/llama._Cfunc_llama_model_n_embd.abi0,github.com/ollama/ollama/llama._Cfunc_llama_model_n_embd.abi0,ggml_ops,L6_1440,0000000000aa81c0
github.com/ollama/ollama/llama._Cfunc_llama_model_quantize.abi0,github.com/ollama/ollama/llama._Cfunc_llama_model_quantize.abi0,ggml_ops,L6_1441,0000000000aa8280
github.com/ollama/ollama/llama._Cfunc_llama_model_quantize_default_params.abi0,github.com/ollama/ollama/llama._Cfunc_llama_model_quantize_default_params.abi0,ggml_ops,L6_1442,0000000000aa8340
github.com/ollama/ollama/llama._Cfunc_llama_sampler_accept.abi0,github.com/ollama/ollama/llama._Cfunc_llama_sampler_accept.abi0,ggml_ops,L6_1443,0000000000aa83a0
github.com/ollama/ollama/llama._Cfunc_llama_sampler_apply.abi0,github.com/ollama/ollama/llama._Cfunc_llama_sampler_apply.abi0,ggml_ops,L6_1444,0000000000aa8460
github.com/ollama/ollama/llama._Cfunc_llama_sampler_init_grammar.abi0,github.com/ollama/ollama/llama._Cfunc_llama_sampler_init_grammar.abi0,ggml_ops,L6_1445,0000000000aa8500
github.com/ollama/ollama/llama._Cfunc_llama_set_adapter_lora.abi0,github.com/ollama/ollama/llama._Cfunc_llama_set_adapter_lora.abi0,ggml_ops,L6_1446,0000000000aa8600
github.com/ollama/ollama/llama._Cfunc_llama_set_cross_attention.abi0,github.com/ollama/ollama/llama._Cfunc_llama_set_cross_attention.abi0,ggml_ops,L6_1447,0000000000aa8740
github.com/ollama/ollama/llama._Cfunc_llama_synchronize.abi0,github.com/ollama/ollama/llama._Cfunc_llama_synchronize.abi0,ggml_ops,L6_1448,0000000000aa8820
github.com/ollama/ollama/llama._Cfunc_llama_tokenize.abi0,github.com/ollama/ollama/llama._Cfunc_llama_tokenize.abi0,vocab,L7_165,0000000000aa8a80
github.com/ollama/ollama/llama._Cfunc_llama_token_to_piece.abi0,github.com/ollama/ollama/llama._Cfunc_llama_token_to_piece.abi0,vocab,L7_164,0000000000aa88c0
github.com/ollama/ollama/llama._Cfunc_llama_vocab_get_add_bos.abi0,github.com/ollama/ollama/llama._Cfunc_llama_vocab_get_add_bos.abi0,vocab,L7_166,0000000000aa8c60
github.com/ollama/ollama/llama._Cfunc_llama_vocab_is_eog.abi0,github.com/ollama/ollama/llama._Cfunc_llama_vocab_is_eog.abi0,vocab,L7_167,0000000000aa8d20
github.com/ollama/ollama/llama._Cfunc_llama_vocab_n_tokens.abi0,github.com/ollama/ollama/llama._Cfunc_llama_vocab_n_tokens.abi0,vocab,L7_168,0000000000aa8e00
github.com/ollama/ollama/llama._Cfunc_llava_image_embed_free.abi0,github.com/ollama/ollama/llama._Cfunc_llava_image_embed_free.abi0,ggml_ops,L6_1449,0000000000aa8ec0
github.com/ollama/ollama/llama._Cfunc_llava_image_embed_make_with_bytes.abi0,github.com/ollama/ollama/llama._Cfunc_llava_image_embed_make_with_bytes.abi0,ggml_ops,L6_1450,0000000000aa8f40
github.com/ollama/ollama/llama._Cfunc_mllama_image_encode.abi0,github.com/ollama/ollama/llama._Cfunc_mllama_image_encode.abi0,ggml_ops,L6_1451,0000000000aa9080
github.com/ollama/ollama/llama._Cfunc_mllama_image_free.abi0,github.com/ollama/ollama/llama._Cfunc_mllama_image_free.abi0,ggml_ops,L6_1452,0000000000aa91e0
github.com/ollama/ollama/llama._Cfunc_mllama_image_init.abi0,github.com/ollama/ollama/llama._Cfunc_mllama_image_init.abi0,ggml_ops,L6_1453,0000000000aa9280
github.com/ollama/ollama/llama._Cfunc_mllama_image_load_from_data.abi0,github.com/ollama/ollama/llama._Cfunc_mllama_image_load_from_data.abi0,ggml_ops,L6_1454,0000000000aa92e0
github.com/ollama/ollama/llama._Cfunc_mllama_model_load.abi0,github.com/ollama/ollama/llama._Cfunc_mllama_model_load.abi0,ggml_ops,L6_1455,0000000000aa9520
github.com/ollama/ollama/llama._Cfunc_mllama_n_embd.abi0,github.com/ollama/ollama/llama._Cfunc_mllama_n_embd.abi0,ggml_ops,L6_1456,0000000000aa95e0
github.com/ollama/ollama/llama._Cfunc_mllama_n_positions.abi0,github.com/ollama/ollama/llama._Cfunc_mllama_n_positions.abi0,ggml_ops,L6_1457,0000000000aa96a0
github.com/ollama/ollama/llama._Cfunc_mllama_n_tiles.abi0,github.com/ollama/ollama/llama._Cfunc_mllama_n_tiles.abi0,ggml_ops,L6_1458,0000000000aa9760
github.com/ollama/ollama/llama._Cfunc_schema_to_grammar.abi0,github.com/ollama/ollama/llama._Cfunc_schema_to_grammar.abi0,ggml_ops,L6_1459,0000000000aa9820
github.com/ollama/ollama/llama._cgo_cmalloc.abi0,github.com/ollama/ollama/llama._cgo_cmalloc.abi0,go_cgo_bridge,L1_216,0000000000aa9900
github.com/ollama/ollama/llama._Cgo_ptr,github.com/ollama/ollama/llama._Cgo_ptr,go_cgo_bridge,L1_215,0000000000aa6280
github.com/ollama/ollama/llama.(*ClipContext).NewEmbed,github.com/ollama/ollama/llama.(*ClipContext).NewEmbed,ggml_ops,L6_1299,0000000000ab00e0
github.com/ollama/ollama/llama.(*ClipContext).NewEmbed.func1,github.com/ollama/ollama/llama.(*ClipContext).NewEmbed.func1,ggml_ops,L6_1300,0000000000ab06a0
github.com/ollama/ollama/llama.(*ClipContext).NewEmbed.func2,github.com/ollama/ollama/llama.(*ClipContext).NewEmbed.func2,ggml_ops,L6_1301,0000000000ab0620
github.com/ollama/ollama/llama._Cmacro_NULL.abi0,github.com/ollama/ollama/llama._Cmacro_NULL.abi0,ggml_ops,L6_1460,0000000000aa6520
github.com/ollama/ollama/llama.(*Context).Decode,github.com/ollama/ollama/llama.(*Context).Decode,ggml_ops,L6_1302,0000000000aaa8a0
github.com/ollama/ollama/llama.(*Context).Decode.func1,github.com/ollama/ollama/llama.(*Context).Decode.func1,ggml_ops,L6_1303,0000000000aaaa20
github.com/ollama/ollama/llama.(*Context).GetEmbeddingsIth,github.com/ollama/ollama/llama.(*Context).GetEmbeddingsIth,ggml_ops,L6_1304,0000000000aab700
github.com/ollama/ollama/llama.(*Context).GetEmbeddingsIth.func1,github.com/ollama/ollama/llama.(*Context).GetEmbeddingsIth.func1,ggml_ops,L6_1305,0000000000aab9a0
github.com/ollama/ollama/llama.(*Context).GetEmbeddingsSeq,github.com/ollama/ollama/llama.(*Context).GetEmbeddingsSeq,ggml_ops,L6_1306,0000000000aab3a0
github.com/ollama/ollama/llama.(*Context).GetEmbeddingsSeq.func1,github.com/ollama/ollama/llama.(*Context).GetEmbeddingsSeq.func1,ggml_ops,L6_1307,0000000000aab640
github.com/ollama/ollama/llama.(*Context).KvCacheCanShift,github.com/ollama/ollama/llama.(*Context).KvCacheCanShift,ggml_ops,L6_1308,0000000000aab2e0
github.com/ollama/ollama/llama.(*Context).KvCacheCanShift.func1,github.com/ollama/ollama/llama.(*Context).KvCacheCanShift.func1,ggml_ops,L6_1309,0000000000aab320
github.com/ollama/ollama/llama.(*Context).KvCacheClear,github.com/ollama/ollama/llama.(*Context).KvCacheClear,ggml_ops,L6_1310,0000000000aab160
github.com/ollama/ollama/llama.(*Context).KvCacheClear.func1,github.com/ollama/ollama/llama.(*Context).KvCacheClear.func1,ggml_ops,L6_1311,0000000000aab1a0
github.com/ollama/ollama/llama.(*Context).KvCacheDefrag,github.com/ollama/ollama/llama.(*Context).KvCacheDefrag,ggml_ops,L6_1312,0000000000aab220
github.com/ollama/ollama/llama.(*Context).KvCacheDefrag.func1,github.com/ollama/ollama/llama.(*Context).KvCacheDefrag.func1,ggml_ops,L6_1313,0000000000aab260
github.com/ollama/ollama/llama.(*Context).KvCacheSeqAdd,github.com/ollama/ollama/llama.(*Context).KvCacheSeqAdd,ggml_ops,L6_1314,0000000000aaaca0
github.com/ollama/ollama/llama.(*Context).KvCacheSeqAdd.func1,github.com/ollama/ollama/llama.(*Context).KvCacheSeqAdd.func1,ggml_ops,L6_1315,0000000000aaad20
github.com/ollama/ollama/llama.(*Context).KvCacheSeqCp,github.com/ollama/ollama/llama.(*Context).KvCacheSeqCp,ggml_ops,L6_1316,0000000000aaafc0
github.com/ollama/ollama/llama.(*Context).KvCacheSeqCp.func1,github.com/ollama/ollama/llama.(*Context).KvCacheSeqCp.func1,ggml_ops,L6_1317,0000000000aab040
github.com/ollama/ollama/llama.(*Context).KvCacheSeqRm,github.com/ollama/ollama/llama.(*Context).KvCacheSeqRm,ggml_ops,L6_1318,0000000000aaae40
github.com/ollama/ollama/llama.(*Context).KvCacheSeqRm.func1,github.com/ollama/ollama/llama.(*Context).KvCacheSeqRm.func1,ggml_ops,L6_1319,0000000000aaaec0
github.com/ollama/ollama/llama.(*Context).Model,github.com/ollama/ollama/llama.(*Context).Model,ggml_ops,L6_1320,0000000000aaab80
github.com/ollama/ollama/llama.(*Context).Model.func1,github.com/ollama/ollama/llama.(*Context).Model.func1,ggml_ops,L6_1321,0000000000aaac00
github.com/ollama/ollama/llama.(*Context).SetCrossAttention,github.com/ollama/ollama/llama.(*Context).SetCrossAttention,ggml_ops,L6_1322,0000000000ab17a0
github.com/ollama/ollama/llama.(*Context).SetCrossAttention.func1,github.com/ollama/ollama/llama.(*Context).SetCrossAttention.func1,ggml_ops,L6_1323,0000000000ab17e0
github.com/ollama/ollama/llama.(*Context).Synchronize,github.com/ollama/ollama/llama.(*Context).Synchronize,ggml_ops,L6_1324,0000000000ab1880
github.com/ollama/ollama/llama.(*Context).Synchronize.func1,github.com/ollama/ollama/llama.(*Context).Synchronize.func1,ggml_ops,L6_1325,0000000000ab18c0
github.com/ollama/ollama/llama.FreeModel,github.com/ollama/ollama/llama.FreeModel,ggml_ops,L6_1356,0000000000aac620
github.com/ollama/ollama/llama.FreeModel.func1,github.com/ollama/ollama/llama.FreeModel.func1,ggml_ops,L6_1357,0000000000aac660
github.com/ollama/ollama/llama.GetModelArch,github.com/ollama/ollama/llama.GetModelArch,ggml_ops,L6_1358,0000000000aa9ba0
github.com/ollama/ollama/llama.GetModelArch.func1,github.com/ollama/ollama/llama.GetModelArch.func1,ggml_ops,L6_1359,0000000000aaa340
github.com/ollama/ollama/llama.GetModelArch.func1.1,github.com/ollama/ollama/llama.GetModelArch.func1.1,ggml_ops,L6_1360,0000000000aaa3e0
github.com/ollama/ollama/llama.GetModelArch.func2,github.com/ollama/ollama/llama.GetModelArch.func2,ggml_ops,L6_1361,0000000000aaa240
github.com/ollama/ollama/llama.GetModelArch.func3,github.com/ollama/ollama/llama.GetModelArch.func3,ggml_ops,L6_1362,0000000000aaa160
github.com/ollama/ollama/llama.GetModelArch.func3.1,github.com/ollama/ollama/llama.GetModelArch.func3.1,ggml_ops,L6_1363,0000000000aaa1e0
github.com/ollama/ollama/llama.GetModelArch.func4,github.com/ollama/ollama/llama.GetModelArch.func4,ggml_ops,L6_1364,0000000000aaa060
github.com/ollama/ollama/llama.GetModelArch.func4.1,github.com/ollama/ollama/llama.GetModelArch.func4.1,ggml_ops,L6_1365,0000000000aaa100
github.com/ollama/ollama/llama.GetModelArch.func5,github.com/ollama/ollama/llama.GetModelArch.func5,ggml_ops,L6_1366,0000000000aa9fa0
github.com/ollama/ollama/llama.GetModelArch.func6,github.com/ollama/ollama/llama.GetModelArch.func6,ggml_ops,L6_1367,0000000000aa9ee0
github.com/ollama/ollama/llama.init,github.com/ollama/ollama/llama.init,ggml_ops,L6_1461,0000000000aa6220
github.com/ollama/ollama/llama.init.0,github.com/ollama/ollama/llama.init.0,ggml_ops,L6_1462,0000000000aa9980
github.com/ollama/ollama/llama.kvCacheTypeFromStr,github.com/ollama/ollama/llama.kvCacheTypeFromStr,ggml_ops,L6_1463,0000000000aaa720
github.com/ollama/ollama/llama.llamaLog,github.com/ollama/ollama/llama.llamaLog,ggml_ops,L6_1464,0000000000aa99e0
github.com/ollama/ollama/llama.llamaProgressCallback,github.com/ollama/ollama/llama.llamaProgressCallback,ggml_ops,L6_1465,0000000000aaba60
github.com/ollama/ollama/llama.LoadModelFromFile,github.com/ollama/ollama/llama.LoadModelFromFile,ggml_ops,L6_1368,0000000000aabb00
github.com/ollama/ollama/llama.LoadModelFromFile.deferwrap1,github.com/ollama/ollama/llama.LoadModelFromFile.deferwrap1,ggml_ops,L6_1369,0000000000aac260
github.com/ollama/ollama/llama.LoadModelFromFile.deferwrap2,github.com/ollama/ollama/llama.LoadModelFromFile.deferwrap2,ggml_ops,L6_1370,0000000000aac220
github.com/ollama/ollama/llama.LoadModelFromFile.deferwrap3,github.com/ollama/ollama/llama.LoadModelFromFile.deferwrap3,ggml_ops,L6_1371,0000000000aac1e0
github.com/ollama/ollama/llama.LoadModelFromFile.func1,github.com/ollama/ollama/llama.LoadModelFromFile.func1,ggml_ops,L6_1372,0000000000aac0a0
github.com/ollama/ollama/llama.LoadVocabFromFile,github.com/ollama/ollama/llama.LoadVocabFromFile,vocab,L7_159,0000000000aac2a0
github.com/ollama/ollama/llama.LoadVocabFromFile.func1,github.com/ollama/ollama/llama.LoadVocabFromFile.func1,vocab,L7_160,0000000000aac520
github.com/ollama/ollama/llama.LoadVocabFromFile.func1.1,github.com/ollama/ollama/llama.LoadVocabFromFile.func1.1,vocab,L7_161,0000000000aac5c0
github.com/ollama/ollama/llama.(*MllamaContext).EmbedSize,github.com/ollama/ollama/llama.(*MllamaContext).EmbedSize,ggml_ops,L6_1326,0000000000ab1600
github.com/ollama/ollama/llama.(*MllamaContext).EmbedSize.func1,github.com/ollama/ollama/llama.(*MllamaContext).EmbedSize.func1,ggml_ops,L6_1327,0000000000ab1720
github.com/ollama/ollama/llama.(*MllamaContext).EmbedSize.func2,github.com/ollama/ollama/llama.(*MllamaContext).EmbedSize.func2,ggml_ops,L6_1328,0000000000ab16a0
github.com/ollama/ollama/llama.(*MllamaContext).NewEmbed,github.com/ollama/ollama/llama.(*MllamaContext).NewEmbed,ggml_ops,L6_1329,0000000000ab0dc0
github.com/ollama/ollama/llama.(*MllamaContext).NewEmbed.func1,github.com/ollama/ollama/llama.(*MllamaContext).NewEmbed.func1,ggml_ops,L6_1330,0000000000ab1520
github.com/ollama/ollama/llama.(*MllamaContext).NewEmbed.func1.1,github.com/ollama/ollama/llama.(*MllamaContext).NewEmbed.func1.1,ggml_ops,L6_1331,0000000000ab15a0
github.com/ollama/ollama/llama.(*MllamaContext).NewEmbed.func2,github.com/ollama/ollama/llama.(*MllamaContext).NewEmbed.func2,ggml_ops,L6_1332,0000000000ab1360
github.com/ollama/ollama/llama.(*MllamaContext).NewEmbed.func3,github.com/ollama/ollama/llama.(*MllamaContext).NewEmbed.func3,ggml_ops,L6_1333,0000000000ab1200
github.com/ollama/ollama/llama.(*Model).AddBOSToken,github.com/ollama/ollama/llama.(*Model).AddBOSToken,ggml_ops,L6_1334,0000000000aaccc0
github.com/ollama/ollama/llama.(*Model).AddBOSToken.func1,github.com/ollama/ollama/llama.(*Model).AddBOSToken.func1,ggml_ops,L6_1335,0000000000aacd00
github.com/ollama/ollama/llama.(*Model).ApplyLoraFromFile,github.com/ollama/ollama/llama.(*Model).ApplyLoraFromFile,ggml_ops,L6_1336,0000000000aacd80
github.com/ollama/ollama/llama.(*Model).ApplyLoraFromFile.func1,github.com/ollama/ollama/llama.(*Model).ApplyLoraFromFile.func1,ggml_ops,L6_1337,0000000000aad160
github.com/ollama/ollama/llama.(*Model).ApplyLoraFromFile.func1.1,github.com/ollama/ollama/llama.(*Model).ApplyLoraFromFile.func1.1,ggml_ops,L6_1338,0000000000aad200
github.com/ollama/ollama/llama.(*Model).ApplyLoraFromFile.func2,github.com/ollama/ollama/llama.(*Model).ApplyLoraFromFile.func2,ggml_ops,L6_1339,0000000000aad0a0
github.com/ollama/ollama/llama.(*Model).ApplyLoraFromFile.func3,github.com/ollama/ollama/llama.(*Model).ApplyLoraFromFile.func3,ggml_ops,L6_1340,0000000000aacfa0
github.com/ollama/ollama/llama.(*Model).NEmbd,github.com/ollama/ollama/llama.(*Model).NEmbd,ggml_ops,L6_1341,0000000000aaf420
github.com/ollama/ollama/llama.(*Model).NEmbd.func1,github.com/ollama/ollama/llama.(*Model).NEmbd.func1,ggml_ops,L6_1342,0000000000aaf480
github.com/ollama/ollama/llama.(*Model).NumVocab,github.com/ollama/ollama/llama.(*Model).NumVocab,vocab,L7_147,0000000000aacaa0
github.com/ollama/ollama/llama.(*Model).NumVocab.func1,github.com/ollama/ollama/llama.(*Model).NumVocab.func1,vocab,L7_148,0000000000aacb00
github.com/ollama/ollama/llama.(*Model).TokenIsEog,github.com/ollama/ollama/llama.(*Model).TokenIsEog,ggml_ops,L6_1343,0000000000aacba0
github.com/ollama/ollama/llama.(*Model).TokenIsEog.func1,github.com/ollama/ollama/llama.(*Model).TokenIsEog.func1,ggml_ops,L6_1344,0000000000aacc00
github.com/ollama/ollama/llama.(*Model).Tokenize,github.com/ollama/ollama/llama.(*Model).Tokenize,vocab,L7_152,0000000000aaea80
github.com/ollama/ollama/llama.(*Model).Tokenize.func1,github.com/ollama/ollama/llama.(*Model).Tokenize.func1,vocab,L7_153,0000000000aaf320
github.com/ollama/ollama/llama.(*Model).Tokenize.func1.1,github.com/ollama/ollama/llama.(*Model).Tokenize.func1.1,vocab,L7_154,0000000000aaf3c0
github.com/ollama/ollama/llama.(*Model).Tokenize.func2,github.com/ollama/ollama/llama.(*Model).Tokenize.func2,vocab,L7_155,0000000000aaf160
github.com/ollama/ollama/llama.(*Model).Tokenize.func3,github.com/ollama/ollama/llama.(*Model).Tokenize.func3,vocab,L7_156,0000000000aaefa0
github.com/ollama/ollama/llama.(*Model).TokenToPiece,github.com/ollama/ollama/llama.(*Model).TokenToPiece,vocab,L7_149,0000000000aae660
github.com/ollama/ollama/llama.(*Model).TokenToPiece.func1,github.com/ollama/ollama/llama.(*Model).TokenToPiece.func1,vocab,L7_150,0000000000aae940
github.com/ollama/ollama/llama.(*Model).TokenToPiece.func2,github.com/ollama/ollama/llama.(*Model).TokenToPiece.func2,vocab,L7_151,0000000000aae800
github.com/ollama/ollama/llama.(*Model).Vocab,github.com/ollama/ollama/llama.(*Model).Vocab,vocab,L7_157,0000000000aad260
github.com/ollama/ollama/llama.(*Model).Vocab.func1,github.com/ollama/ollama/llama.(*Model).Vocab.func1,vocab,L7_158,0000000000aad2c0
github.com/ollama/ollama/llama.NewBatch,github.com/ollama/ollama/llama.NewBatch,ggml_ops,L6_1373,0000000000aad360
github.com/ollama/ollama/llama.NewBatch.func1,github.com/ollama/ollama/llama.NewBatch.func1,ggml_ops,L6_1374,0000000000aad920
github.com/ollama/ollama/llama.NewClipContext,github.com/ollama/ollama/llama.NewClipContext,ggml_ops,L6_1375,0000000000aafb00
github.com/ollama/ollama/llama.NewClipContext.func1,github.com/ollama/ollama/llama.NewClipContext.func1,ggml_ops,L6_1376,0000000000aaffe0
github.com/ollama/ollama/llama.NewClipContext.func1.1,github.com/ollama/ollama/llama.NewClipContext.func1.1,ggml_ops,L6_1377,0000000000ab0080
github.com/ollama/ollama/llama.NewClipContext.func2,github.com/ollama/ollama/llama.NewClipContext.func2,ggml_ops,L6_1378,0000000000aaff60
github.com/ollama/ollama/llama.NewContextParams,github.com/ollama/ollama/llama.NewContextParams,ggml_ops,L6_1379,0000000000aaa440
github.com/ollama/ollama/llama.NewContextWithModel,github.com/ollama/ollama/llama.NewContextWithModel,ggml_ops,L6_1380,0000000000aac6e0
github.com/ollama/ollama/llama.NewContextWithModel.func1,github.com/ollama/ollama/llama.NewContextWithModel.func1,ggml_ops,L6_1381,0000000000aac8a0
github.com/ollama/ollama/llama.NewGrammarSampler,github.com/ollama/ollama/llama.NewGrammarSampler,ggml_ops,L6_1382,0000000000ab26a0
github.com/ollama/ollama/llama.NewGrammarSampler.func1,github.com/ollama/ollama/llama.NewGrammarSampler.func1,ggml_ops,L6_1383,0000000000ab2a20
github.com/ollama/ollama/llama.NewGrammarSampler.func1.1,github.com/ollama/ollama/llama.NewGrammarSampler.func1.1,ggml_ops,L6_1384,0000000000ab2ac0
github.com/ollama/ollama/llama.NewGrammarSampler.func2,github.com/ollama/ollama/llama.NewGrammarSampler.func2,ggml_ops,L6_1385,0000000000ab2920
github.com/ollama/ollama/llama.NewGrammarSampler.func2.1,github.com/ollama/ollama/llama.NewGrammarSampler.func2.1,ggml_ops,L6_1386,0000000000ab29c0
github.com/ollama/ollama/llama.NewGrammarSampler.func3,github.com/ollama/ollama/llama.NewGrammarSampler.func3,ggml_ops,L6_1387,0000000000ab2840
github.com/ollama/ollama/llama.NewMllamaContext,github.com/ollama/ollama/llama.NewMllamaContext,ggml_ops,L6_1388,0000000000ab07e0
github.com/ollama/ollama/llama.NewMllamaContext.func1,github.com/ollama/ollama/llama.NewMllamaContext.func1,ggml_ops,L6_1389,0000000000ab0cc0
github.com/ollama/ollama/llama.NewMllamaContext.func1.1,github.com/ollama/ollama/llama.NewMllamaContext.func1.1,ggml_ops,L6_1390,0000000000ab0d60
github.com/ollama/ollama/llama.NewMllamaContext.func2,github.com/ollama/ollama/llama.NewMllamaContext.func2,ggml_ops,L6_1391,0000000000ab0c40
github.com/ollama/ollama/llama.NewSamplingContext,github.com/ollama/ollama/llama.NewSamplingContext,ggml_ops,L6_1392,0000000000ab1940
github.com/ollama/ollama/llama.NewSamplingContext.func1,github.com/ollama/ollama/llama.NewSamplingContext.func1,ggml_ops,L6_1393,0000000000ab1f00
github.com/ollama/ollama/llama.NewSamplingContext.func1.1,github.com/ollama/ollama/llama.NewSamplingContext.func1.1,ggml_ops,L6_1394,0000000000ab1fa0
github.com/ollama/ollama/llama.NewSamplingContext.func2,github.com/ollama/ollama/llama.NewSamplingContext.func2,ggml_ops,L6_1395,0000000000ab1e00
github.com/ollama/ollama/llama.NewSamplingContext.func3,github.com/ollama/ollama/llama.NewSamplingContext.func3,ggml_ops,L6_1396,0000000000ab3140
github.com/ollama/ollama/llama.NewSamplingContext.func3.1,github.com/ollama/ollama/llama.NewSamplingContext.func3.1,ggml_ops,L6_1397,0000000000ab3180
github.com/ollama/ollama/llama.Quantize,github.com/ollama/ollama/llama.Quantize,ggml_ops,L6_1398,0000000000aaf500
github.com/ollama/ollama/llama.Quantize.func1,github.com/ollama/ollama/llama.Quantize.func1,ggml_ops,L6_1399,0000000000aafa00
github.com/ollama/ollama/llama.Quantize.func1.1,github.com/ollama/ollama/llama.Quantize.func1.1,ggml_ops,L6_1400,0000000000aafaa0
github.com/ollama/ollama/llama.Quantize.func2,github.com/ollama/ollama/llama.Quantize.func2,ggml_ops,L6_1401,0000000000aaf900
github.com/ollama/ollama/llama.Quantize.func2.1,github.com/ollama/ollama/llama.Quantize.func2.1,ggml_ops,L6_1402,0000000000aaf9a0
github.com/ollama/ollama/llama.Quantize.func3,github.com/ollama/ollama/llama.Quantize.func3,ggml_ops,L6_1403,0000000000aaf800
github.com/ollama/ollama/llama.(*Sampler).Accept,github.com/ollama/ollama/llama.(*Sampler).Accept,ggml_ops,L6_1345,0000000000ab2b20
github.com/ollama/ollama/llama.(*Sampler).Accept.func1,github.com/ollama/ollama/llama.(*Sampler).Accept.func1,ggml_ops,L6_1346,0000000000ab2b60
github.com/ollama/ollama/llama.(*Sampler).Apply,github.com/ollama/ollama/llama.(*Sampler).Apply,ggml_ops,L6_1347,0000000000ab2c00
github.com/ollama/ollama/llama.(*Sampler).Apply.deferwrap1,github.com/ollama/ollama/llama.(*Sampler).Apply.deferwrap1,ggml_ops,L6_1348,0000000000ab3100
github.com/ollama/ollama/llama.(*Sampler).Apply.func1,github.com/ollama/ollama/llama.(*Sampler).Apply.func1,ggml_ops,L6_1349,0000000000ab3040
github.com/ollama/ollama/llama.(*SamplingContext).Accept,github.com/ollama/ollama/llama.(*SamplingContext).Accept,ggml_ops,L6_1350,0000000000ab2240
github.com/ollama/ollama/llama.(*SamplingContext).Accept.func1,github.com/ollama/ollama/llama.(*SamplingContext).Accept.func1,ggml_ops,L6_1351,0000000000ab22a0
github.com/ollama/ollama/llama.(*SamplingContext).Reset,github.com/ollama/ollama/llama.(*SamplingContext).Reset,ggml_ops,L6_1352,0000000000ab2000
github.com/ollama/ollama/llama.(*SamplingContext).Reset.func1,github.com/ollama/ollama/llama.(*SamplingContext).Reset.func1,ggml_ops,L6_1353,0000000000ab2040
github.com/ollama/ollama/llama.(*SamplingContext).Sample,github.com/ollama/ollama/llama.(*SamplingContext).Sample,ggml_ops,L6_1354,0000000000ab20c0
github.com/ollama/ollama/llama.(*SamplingContext).Sample.func1,github.com/ollama/ollama/llama.(*SamplingContext).Sample.func1,ggml_ops,L6_1355,0000000000ab2140
github.com/ollama/ollama/llama.SchemaToGrammar,github.com/ollama/ollama/llama.SchemaToGrammar,ggml_ops,L6_1404,0000000000ab2360
github.com/ollama/ollama/llama.SchemaToGrammar.func1,github.com/ollama/ollama/llama.SchemaToGrammar.func1,ggml_ops,L6_1405,0000000000ab25a0
github.com/ollama/ollama/llama.SchemaToGrammar.func1.1,github.com/ollama/ollama/llama.SchemaToGrammar.func1.1,ggml_ops,L6_1406,0000000000ab2640
github.com/ollama/ollama/llm.EstimateGPULayers,github.com/ollama/ollama/llm.EstimateGPULayers,ggml_ops,L6_1484,0000000000bb47e0
github.com/ollama/ollama/llm.LlamaServer.Tokenize-fm,github.com/ollama/ollama/llm.LlamaServer.Tokenize-fm,vocab,L7_173,00000000017311e0
github.com/ollama/ollama/llm.(*llmServer).Close,github.com/ollama/ollama/llm.(*llmServer).Close,ggml_ops,L6_1469,0000000000bc7120
github.com/ollama/ollama/llm.(*llmServer).Completion,github.com/ollama/ollama/llm.(*llmServer).Completion,ggml_ops,L6_1470,0000000000bc2c20
github.com/ollama/ollama/llm.(*llmServer).Completion.deferwrap1,github.com/ollama/ollama/llm.(*llmServer).Completion.deferwrap1,ggml_ops,L6_1471,0000000000bc4ce0
github.com/ollama/ollama/llm.(*llmServer).Completion.deferwrap2,github.com/ollama/ollama/llm.(*llmServer).Completion.deferwrap2,ggml_ops,L6_1472,0000000000bc4ca0
github.com/ollama/ollama/llm.(*llmServer).Detokenize,github.com/ollama/ollama/llm.(*llmServer).Detokenize,vocab,L7_169,0000000000bc6a60
github.com/ollama/ollama/llm.(*llmServer).Detokenize.deferwrap1,github.com/ollama/ollama/llm.(*llmServer).Detokenize.deferwrap1,vocab,L7_170,0000000000bc70e0
github.com/ollama/ollama/llm.(*llmServer).Embedding,github.com/ollama/ollama/llm.(*llmServer).Embedding,ggml_ops,L6_1473,0000000000bc4d20
github.com/ollama/ollama/llm.(*llmServer).Embedding.deferwrap1,github.com/ollama/ollama/llm.(*llmServer).Embedding.deferwrap1,ggml_ops,L6_1474,0000000000bc6320
github.com/ollama/ollama/llm.(*llmServer).Embedding.deferwrap2,github.com/ollama/ollama/llm.(*llmServer).Embedding.deferwrap2,ggml_ops,L6_1475,0000000000bc62e0
github.com/ollama/ollama/llm.(*llmServer).EstimatedTotal,github.com/ollama/ollama/llm.(*llmServer).EstimatedTotal,ggml_ops,L6_1476,0000000000bc7340
github.com/ollama/ollama/llm.(*llmServer).EstimatedVRAM,github.com/ollama/ollama/llm.(*llmServer).EstimatedVRAM,ggml_ops,L6_1477,0000000000bc7300
github.com/ollama/ollama/llm.(*llmServer).EstimatedVRAMByGPU,github.com/ollama/ollama/llm.(*llmServer).EstimatedVRAMByGPU,ggml_ops,L6_1478,0000000000bc7380
github.com/ollama/ollama/llm.(*llmServer).getServerStatus,github.com/ollama/ollama/llm.(*llmServer).getServerStatus,ggml_ops,L6_1481,0000000000bc07e0
github.com/ollama/ollama/llm.(*llmServer).getServerStatus.deferwrap1,github.com/ollama/ollama/llm.(*llmServer).getServerStatus.deferwrap1,ggml_ops,L6_1482,0000000000bc1860
github.com/ollama/ollama/llm.(*llmServer).getServerStatusRetry,github.com/ollama/ollama/llm.(*llmServer).getServerStatusRetry,ggml_ops,L6_1483,0000000000bc18a0
github.com/ollama/ollama/llm.(*llmServer).Ping,github.com/ollama/ollama/llm.(*llmServer).Ping,ggml_ops,L6_1479,0000000000bc1ae0
github.com/ollama/ollama/llm.(*llmServer).Tokenize,github.com/ollama/ollama/llm.(*llmServer).Tokenize,vocab,L7_171,0000000000bc6360
github.com/ollama/ollama/llm.(*llmServer).Tokenize.deferwrap1,github.com/ollama/ollama/llm.(*llmServer).Tokenize.deferwrap1,vocab,L7_172,0000000000bc6a20
github.com/ollama/ollama/llm.(*llmServer).WaitUntilRunning,github.com/ollama/ollama/llm.(*llmServer).WaitUntilRunning,ggml_ops,L6_1480,0000000000bc1ce0
github.com/ollama/ollama/llm.LoadModel,github.com/ollama/ollama/llm.LoadModel,ggml_ops,L6_1485,0000000000bb9a20
github.com/ollama/ollama/llm.LoadModel.deferwrap1,github.com/ollama/ollama/llm.LoadModel.deferwrap1,ggml_ops,L6_1486,0000000000bb9e00
github.com/ollama/ollama/llm.(*MemoryEstimate).LogValue,github.com/ollama/ollama/llm.(*MemoryEstimate).LogValue,ggml_ops,L6_1466,0000000000bc7d00
github.com/ollama/ollama/llm.MemoryEstimate.LogValue,github.com/ollama/ollama/llm.MemoryEstimate.LogValue,ggml_ops,L6_1487,0000000000bb7d20
github.com/ollama/ollama/llm.NewLlamaServer,github.com/ollama/ollama/llm.NewLlamaServer,ggml_ops,L6_1488,0000000000bb9e40
github.com/ollama/ollama/llm.NewLlamaServer.func1,github.com/ollama/ollama/llm.NewLlamaServer.func1,ggml_ops,L6_1489,0000000000bc0420
github.com/ollama/ollama/llm.NewStatusWriter,github.com/ollama/ollama/llm.NewStatusWriter,ggml_ops,L6_1490,0000000000bc75e0
github.com/ollama/ollama/llm.PredictServerFit,github.com/ollama/ollama/llm.PredictServerFit,ggml_ops,L6_1491,0000000000bb43a0
github.com/ollama/ollama/llm.projectorMemoryRequirements,github.com/ollama/ollama/llm.projectorMemoryRequirements,ggml_ops,L6_1493,0000000000bb90a0
github.com/ollama/ollama/llm.projectorMemoryRequirements.deferwrap1,github.com/ollama/ollama/llm.projectorMemoryRequirements.deferwrap1,ggml_ops,L6_1494,0000000000bb99e0
github.com/ollama/ollama/llm.projectorMemoryRequirements.func1,github.com/ollama/ollama/llm.projectorMemoryRequirements.func1,ggml_ops,L6_1495,0000000000bb9880
github.com/ollama/ollama/llm.(*ServerStatus).String,github.com/ollama/ollama/llm.(*ServerStatus).String,ggml_ops,L6_1467,0000000000bc7e40
github.com/ollama/ollama/llm.ServerStatus.String,github.com/ollama/ollama/llm.ServerStatus.String,ggml_ops,L6_1492,0000000000bc06e0
github.com/ollama/ollama/llm.(*StatusWriter).Write,github.com/ollama/ollama/llm.(*StatusWriter).Write,ggml_ops,L6_1468,0000000000bc76a0
github.com/ollama/ollama/ml/backend/ggml.(*Backend).CacheConfig,github.com/ollama/ollama/ml/backend/ggml.(*Backend).CacheConfig,ggml_backend,L5_159,0000000000b64220
github.com/ollama/ollama/ml/backend/ggml.(*Backend).Config,github.com/ollama/ollama/ml/backend/ggml.(*Backend).Config,ggml_backend,L5_160,0000000000b63ba0
github.com/ollama/ollama/ml/backend/ggml.(*Backend).Get,github.com/ollama/ollama/ml/backend/ggml.(*Backend).Get,ggml_backend,L5_161,0000000000b63c20
github.com/ollama/ollama/ml/backend/ggml.(*Backend).NewContext,github.com/ollama/ollama/ml/backend/ggml.(*Backend).NewContext,ggml_backend,L5_162,0000000000b63de0
github.com/ollama/ollama/ml/backend/ggml.(*Backend).NewContextSize,github.com/ollama/ollama/ml/backend/ggml.(*Backend).NewContextSize,ggml_backend,L5_163,0000000000b63e40
github.com/ollama/ollama/ml/backend/ggml.(*Backend).NewContextSize.func1,github.com/ollama/ollama/ml/backend/ggml.(*Backend).NewContextSize.func1,ggml_backend,L5_164,0000000000b64100
github.com/ollama/ollama/ml/backend/ggml._Cfunc_CString,github.com/ollama/ollama/ml/backend/ggml._Cfunc_CString,ggml_backend,L5_324,0000000000b57800
github.com/ollama/ollama/ml/backend/ggml._Cfunc_free.abi0,github.com/ollama/ollama/ml/backend/ggml._Cfunc_free.abi0,ggml_backend,L5_326,0000000000b57a60
github.com/ollama/ollama/ml/backend/ggml._Cfunc_ggml_add.abi0,github.com/ollama/ollama/ml/backend/ggml._Cfunc_ggml_add.abi0,ggml_backend,L5_327,0000000000b57ae0
github.com/ollama/ollama/ml/backend/ggml._Cfunc_ggml_backend_alloc_ctx_tensors_from_buft.abi0,github.com/ollama/ollama/ml/backend/ggml._Cfunc_ggml_backend_alloc_ctx_tensors_from_buft.abi0,ggml_backend,L5_328,0000000000b57be0
github.com/ollama/ollama/ml/backend/ggml._Cfunc_ggml_backend_buffer_get_base.abi0,github.com/ollama/ollama/ml/backend/ggml._Cfunc_ggml_backend_buffer_get_base.abi0,ggml_backend,L5_329,0000000000b57ce0
github.com/ollama/ollama/ml/backend/ggml._Cfunc_ggml_backend_buffer_get_size.abi0,github.com/ollama/ollama/ml/backend/ggml._Cfunc_ggml_backend_buffer_get_size.abi0,ggml_backend,L5_330,0000000000b57da0
github.com/ollama/ollama/ml/backend/ggml._Cfunc_ggml_backend_buffer_name.abi0,github.com/ollama/ollama/ml/backend/ggml._Cfunc_ggml_backend_buffer_name.abi0,ggml_backend,L5_331,0000000000b57e60
github.com/ollama/ollama/ml/backend/ggml._Cfunc_ggml_backend_buffer_set_usage.abi0,github.com/ollama/ollama/ml/backend/ggml._Cfunc_ggml_backend_buffer_set_usage.abi0,ggml_backend,L5_332,0000000000b57f20
github.com/ollama/ollama/ml/backend/ggml._Cfunc_ggml_backend_buft_alloc_buffer.abi0,github.com/ollama/ollama/ml/backend/ggml._Cfunc_ggml_backend_buft_alloc_buffer.abi0,ggml_backend,L5_333,0000000000b58000
github.com/ollama/ollama/ml/backend/ggml._Cfunc_ggml_backend_buft_get_alignment.abi0,github.com/ollama/ollama/ml/backend/ggml._Cfunc_ggml_backend_buft_get_alignment.abi0,ggml_backend,L5_334,0000000000b58100
github.com/ollama/ollama/ml/backend/ggml._Cfunc_ggml_backend_buft_get_alloc_size.abi0,github.com/ollama/ollama/ml/backend/ggml._Cfunc_ggml_backend_buft_get_alloc_size.abi0,ggml_backend,L5_335,0000000000b581c0
github.com/ollama/ollama/ml/backend/ggml._Cfunc_ggml_backend_buft_name.abi0,github.com/ollama/ollama/ml/backend/ggml._Cfunc_ggml_backend_buft_name.abi0,ggml_backend,L5_336,0000000000b582a0
github.com/ollama/ollama/ml/backend/ggml._Cfunc_ggml_backend_cpu_set_n_threads.abi0,github.com/ollama/ollama/ml/backend/ggml._Cfunc_ggml_backend_cpu_set_n_threads.abi0,ggml_backend,L5_337,0000000000b58360
github.com/ollama/ollama/ml/backend/ggml._Cfunc_ggml_backend_dev_buffer_type.abi0,github.com/ollama/ollama/ml/backend/ggml._Cfunc_ggml_backend_dev_buffer_type.abi0,ggml_backend,L5_338,0000000000b58440
github.com/ollama/ollama/ml/backend/ggml._Cfunc_ggml_backend_dev_by_type.abi0,github.com/ollama/ollama/ml/backend/ggml._Cfunc_ggml_backend_dev_by_type.abi0,ggml_backend,L5_339,0000000000b58500
github.com/ollama/ollama/ml/backend/ggml._Cfunc_ggml_backend_dev_count.abi0,github.com/ollama/ollama/ml/backend/ggml._Cfunc_ggml_backend_dev_count.abi0,ggml_backend,L5_340,0000000000b585a0
github.com/ollama/ollama/ml/backend/ggml._Cfunc_ggml_backend_dev_get.abi0,github.com/ollama/ollama/ml/backend/ggml._Cfunc_ggml_backend_dev_get.abi0,ggml_backend,L5_341,0000000000b58600
github.com/ollama/ollama/ml/backend/ggml._Cfunc_ggml_backend_dev_host_buffer_type.abi0,github.com/ollama/ollama/ml/backend/ggml._Cfunc_ggml_backend_dev_host_buffer_type.abi0,ggml_backend,L5_342,0000000000b586a0
github.com/ollama/ollama/ml/backend/ggml._Cfunc_ggml_backend_dev_init.abi0,github.com/ollama/ollama/ml/backend/ggml._Cfunc_ggml_backend_dev_init.abi0,ggml_backend,L5_343,0000000000b58760
github.com/ollama/ollama/ml/backend/ggml._Cfunc_ggml_backend_dev_memory.abi0,github.com/ollama/ollama/ml/backend/ggml._Cfunc_ggml_backend_dev_memory.abi0,ggml_backend,L5_344,0000000000b58840
github.com/ollama/ollama/ml/backend/ggml._Cfunc_ggml_backend_dev_type.abi0,github.com/ollama/ollama/ml/backend/ggml._Cfunc_ggml_backend_dev_type.abi0,ggml_backend,L5_345,0000000000b58920
github.com/ollama/ollama/ml/backend/ggml._Cfunc_ggml_backend_get_default_buffer_type.abi0,github.com/ollama/ollama/ml/backend/ggml._Cfunc_ggml_backend_get_default_buffer_type.abi0,ggml_backend,L5_346,0000000000b589e0
github.com/ollama/ollama/ml/backend/ggml._Cfunc_ggml_backend_get_device.abi0,github.com/ollama/ollama/ml/backend/ggml._Cfunc_ggml_backend_get_device.abi0,ggml_backend,L5_347,0000000000b58aa0
github.com/ollama/ollama/ml/backend/ggml._Cfunc_ggml_backend_is_cpu.abi0,github.com/ollama/ollama/ml/backend/ggml._Cfunc_ggml_backend_is_cpu.abi0,ggml_backend,L5_348,0000000000b58b60
github.com/ollama/ollama/ml/backend/ggml._Cfunc_ggml_backend_name.abi0,github.com/ollama/ollama/ml/backend/ggml._Cfunc_ggml_backend_name.abi0,ggml_backend,L5_349,0000000000b58c20
github.com/ollama/ollama/ml/backend/ggml._Cfunc_ggml_backend_sched_graph_compute_async.abi0,github.com/ollama/ollama/ml/backend/ggml._Cfunc_ggml_backend_sched_graph_compute_async.abi0,sched_compute,L4_036,0000000000b58ce0
github.com/ollama/ollama/ml/backend/ggml._Cfunc_ggml_backend_sched_new.abi0,github.com/ollama/ollama/ml/backend/ggml._Cfunc_ggml_backend_sched_new.abi0,sched_compute,L4_037,0000000000b58de0
github.com/ollama/ollama/ml/backend/ggml._Cfunc_ggml_backend_sched_reset.abi0,github.com/ollama/ollama/ml/backend/ggml._Cfunc_ggml_backend_sched_reset.abi0,sched_compute,L4_038,0000000000b58f40
github.com/ollama/ollama/ml/backend/ggml._Cfunc_ggml_backend_sched_synchronize.abi0,github.com/ollama/ollama/ml/backend/ggml._Cfunc_ggml_backend_sched_synchronize.abi0,sched_compute,L4_039,0000000000b58fe0
github.com/ollama/ollama/ml/backend/ggml._Cfunc_ggml_backend_tensor_alloc.abi0,github.com/ollama/ollama/ml/backend/ggml._Cfunc_ggml_backend_tensor_alloc.abi0,ggml_backend,L5_350,0000000000b59080
github.com/ollama/ollama/ml/backend/ggml._Cfunc_ggml_backend_tensor_get.abi0,github.com/ollama/ollama/ml/backend/ggml._Cfunc_ggml_backend_tensor_get.abi0,ggml_backend,L5_351,0000000000b59160
github.com/ollama/ollama/ml/backend/ggml._Cfunc_ggml_backend_tensor_set.abi0,github.com/ollama/ollama/ml/backend/ggml._Cfunc_ggml_backend_tensor_set.abi0,ggml_backend,L5_352,0000000000b59280
github.com/ollama/ollama/ml/backend/ggml._Cfunc_ggml_build_forward_expand.abi0,github.com/ollama/ollama/ml/backend/ggml._Cfunc_ggml_build_forward_expand.abi0,ggml_backend,L5_353,0000000000b593a0
github.com/ollama/ollama/ml/backend/ggml._Cfunc_ggml_cast.abi0,github.com/ollama/ollama/ml/backend/ggml._Cfunc_ggml_cast.abi0,ggml_backend,L5_354,0000000000b59460
github.com/ollama/ollama/ml/backend/ggml._Cfunc_ggml_concat.abi0,github.com/ollama/ollama/ml/backend/ggml._Cfunc_ggml_concat.abi0,ggml_backend,L5_355,0000000000b59580
github.com/ollama/ollama/ml/backend/ggml._Cfunc_ggml_cont.abi0,github.com/ollama/ollama/ml/backend/ggml._Cfunc_ggml_cont.abi0,ggml_backend,L5_356,0000000000b596a0
github.com/ollama/ollama/ml/backend/ggml._Cfunc_ggml_conv_2d.abi0,github.com/ollama/ollama/ml/backend/ggml._Cfunc_ggml_conv_2d.abi0,ggml_backend,L5_357,0000000000b59780
github.com/ollama/ollama/ml/backend/ggml._Cfunc_ggml_cpy.abi0,github.com/ollama/ollama/ml/backend/ggml._Cfunc_ggml_cpy.abi0,ggml_backend,L5_358,0000000000b599e0
github.com/ollama/ollama/ml/backend/ggml._Cfunc_ggml_flash_attn_ext.abi0,github.com/ollama/ollama/ml/backend/ggml._Cfunc_ggml_flash_attn_ext.abi0,ggml_backend,L5_359,0000000000b59ae0
github.com/ollama/ollama/ml/backend/ggml._Cfunc_ggml_flash_attn_ext_set_prec.abi0,github.com/ollama/ollama/ml/backend/ggml._Cfunc_ggml_flash_attn_ext_set_prec.abi0,ggml_backend,L5_360,0000000000b59d00
github.com/ollama/ollama/ml/backend/ggml._Cfunc_ggml_free.abi0,github.com/ollama/ollama/ml/backend/ggml._Cfunc_ggml_free.abi0,ggml_backend,L5_361,0000000000b59dc0
github.com/ollama/ollama/ml/backend/ggml._Cfunc_ggml_gelu_inplace.abi0,github.com/ollama/ollama/ml/backend/ggml._Cfunc_ggml_gelu_inplace.abi0,ggml_backend,L5_362,0000000000b59e60
github.com/ollama/ollama/ml/backend/ggml._Cfunc_ggml_get_first_tensor.abi0,github.com/ollama/ollama/ml/backend/ggml._Cfunc_ggml_get_first_tensor.abi0,ggml_backend,L5_363,0000000000b59f40
github.com/ollama/ollama/ml/backend/ggml._Cfunc_ggml_get_name.abi0,github.com/ollama/ollama/ml/backend/ggml._Cfunc_ggml_get_name.abi0,ggml_backend,L5_364,0000000000b5a000
github.com/ollama/ollama/ml/backend/ggml._Cfunc_ggml_get_next_tensor.abi0,github.com/ollama/ollama/ml/backend/ggml._Cfunc_ggml_get_next_tensor.abi0,ggml_backend,L5_365,0000000000b5a080
github.com/ollama/ollama/ml/backend/ggml._Cfunc_ggml_get_rows.abi0,github.com/ollama/ollama/ml/backend/ggml._Cfunc_ggml_get_rows.abi0,ggml_backend,L5_366,0000000000b5a160
github.com/ollama/ollama/ml/backend/ggml._Cfunc_ggml_get_tensor.abi0,github.com/ollama/ollama/ml/backend/ggml._Cfunc_ggml_get_tensor.abi0,ggml_backend,L5_367,0000000000b5a260
github.com/ollama/ollama/ml/backend/ggml._Cfunc_ggml_graph_overhead_custom.abi0,github.com/ollama/ollama/ml/backend/ggml._Cfunc_ggml_graph_overhead_custom.abi0,ggml_backend,L5_368,0000000000b5a340
github.com/ollama/ollama/ml/backend/ggml._Cfunc_ggml_init.abi0,github.com/ollama/ollama/ml/backend/ggml._Cfunc_ggml_init.abi0,ggml_backend,L5_369,0000000000b5a420
github.com/ollama/ollama/ml/backend/ggml._Cfunc_ggml_is_quantized.abi0,github.com/ollama/ollama/ml/backend/ggml._Cfunc_ggml_is_quantized.abi0,ggml_backend,L5_370,0000000000b5a4e0
github.com/ollama/ollama/ml/backend/ggml._Cfunc_ggml_mul.abi0,github.com/ollama/ollama/ml/backend/ggml._Cfunc_ggml_mul.abi0,ggml_backend,L5_371,0000000000b5a580
github.com/ollama/ollama/ml/backend/ggml._Cfunc_ggml_mul_mat.abi0,github.com/ollama/ollama/ml/backend/ggml._Cfunc_ggml_mul_mat.abi0,ggml_backend,L5_372,0000000000b5a680
github.com/ollama/ollama/ml/backend/ggml._Cfunc_ggml_mul_mat_set_prec.abi0,github.com/ollama/ollama/ml/backend/ggml._Cfunc_ggml_mul_mat_set_prec.abi0,ggml_backend,L5_373,0000000000b5a780
github.com/ollama/ollama/ml/backend/ggml._Cfunc_ggml_nbytes.abi0,github.com/ollama/ollama/ml/backend/ggml._Cfunc_ggml_nbytes.abi0,ggml_backend,L5_375,0000000000b5a8c0
github.com/ollama/ollama/ml/backend/ggml._Cfunc_ggml_n_dims.abi0,github.com/ollama/ollama/ml/backend/ggml._Cfunc_ggml_n_dims.abi0,ggml_backend,L5_374,0000000000b5a840
github.com/ollama/ollama/ml/backend/ggml._Cfunc_ggml_nelements.abi0,github.com/ollama/ollama/ml/backend/ggml._Cfunc_ggml_nelements.abi0,ggml_backend,L5_376,0000000000b5a940
github.com/ollama/ollama/ml/backend/ggml._Cfunc_ggml_new_graph_custom.abi0,github.com/ollama/ollama/ml/backend/ggml._Cfunc_ggml_new_graph_custom.abi0,ggml_backend,L5_377,0000000000b5a9c0
github.com/ollama/ollama/ml/backend/ggml._Cfunc_ggml_new_tensor.abi0,github.com/ollama/ollama/ml/backend/ggml._Cfunc_ggml_new_tensor.abi0,ggml_backend,L5_378,0000000000b5aae0
github.com/ollama/ollama/ml/backend/ggml._Cfunc_ggml_norm.abi0,github.com/ollama/ollama/ml/backend/ggml._Cfunc_ggml_norm.abi0,ggml_backend,L5_379,0000000000b5ac20
github.com/ollama/ollama/ml/backend/ggml._Cfunc_ggml_pad.abi0,github.com/ollama/ollama/ml/backend/ggml._Cfunc_ggml_pad.abi0,ggml_backend,L5_380,0000000000b5ad40
github.com/ollama/ollama/ml/backend/ggml._Cfunc_ggml_permute.abi0,github.com/ollama/ollama/ml/backend/ggml._Cfunc_ggml_permute.abi0,ggml_backend,L5_381,0000000000b5af00
github.com/ollama/ollama/ml/backend/ggml._Cfunc_ggml_pool_2d.abi0,github.com/ollama/ollama/ml/backend/ggml._Cfunc_ggml_pool_2d.abi0,ggml_backend,L5_382,0000000000b5b0c0
github.com/ollama/ollama/ml/backend/ggml._Cfunc_ggml_reshape_1d.abi0,github.com/ollama/ollama/ml/backend/ggml._Cfunc_ggml_reshape_1d.abi0,ggml_backend,L5_383,0000000000b5b360
github.com/ollama/ollama/ml/backend/ggml._Cfunc_ggml_reshape_2d.abi0,github.com/ollama/ollama/ml/backend/ggml._Cfunc_ggml_reshape_2d.abi0,ggml_backend,L5_384,0000000000b5b480
github.com/ollama/ollama/ml/backend/ggml._Cfunc_ggml_reshape_3d.abi0,github.com/ollama/ollama/ml/backend/ggml._Cfunc_ggml_reshape_3d.abi0,ggml_backend,L5_385,0000000000b5b5c0
github.com/ollama/ollama/ml/backend/ggml._Cfunc_ggml_reshape_4d.abi0,github.com/ollama/ollama/ml/backend/ggml._Cfunc_ggml_reshape_4d.abi0,ggml_backend,L5_386,0000000000b5b740
github.com/ollama/ollama/ml/backend/ggml._Cfunc_ggml_rms_norm.abi0,github.com/ollama/ollama/ml/backend/ggml._Cfunc_ggml_rms_norm.abi0,ggml_backend,L5_387,0000000000b5b900
github.com/ollama/ollama/ml/backend/ggml._Cfunc_ggml_rope_ext.abi0,github.com/ollama/ollama/ml/backend/ggml._Cfunc_ggml_rope_ext.abi0,ggml_backend,L5_388,0000000000b5ba20
github.com/ollama/ollama/ml/backend/ggml._Cfunc_ggml_scale.abi0,github.com/ollama/ollama/ml/backend/ggml._Cfunc_ggml_scale.abi0,ggml_backend,L5_389,0000000000b5bde0
github.com/ollama/ollama/ml/backend/ggml._Cfunc_ggml_set_1d.abi0,github.com/ollama/ollama/ml/backend/ggml._Cfunc_ggml_set_1d.abi0,ggml_backend,L5_390,0000000000b5bf00
github.com/ollama/ollama/ml/backend/ggml._Cfunc_ggml_set_2d.abi0,github.com/ollama/ollama/ml/backend/ggml._Cfunc_ggml_set_2d.abi0,ggml_backend,L5_391,0000000000b5c020
github.com/ollama/ollama/ml/backend/ggml._Cfunc_ggml_set_name.abi0,github.com/ollama/ollama/ml/backend/ggml._Cfunc_ggml_set_name.abi0,ggml_backend,L5_392,0000000000b5c180
github.com/ollama/ollama/ml/backend/ggml._Cfunc_ggml_set_zero.abi0,github.com/ollama/ollama/ml/backend/ggml._Cfunc_ggml_set_zero.abi0,ggml_backend,L5_393,0000000000b5c240
github.com/ollama/ollama/ml/backend/ggml._Cfunc_ggml_silu_inplace.abi0,github.com/ollama/ollama/ml/backend/ggml._Cfunc_ggml_silu_inplace.abi0,ggml_backend,L5_394,0000000000b5c2c0
github.com/ollama/ollama/ml/backend/ggml._Cfunc_ggml_soft_max.abi0,github.com/ollama/ollama/ml/backend/ggml._Cfunc_ggml_soft_max.abi0,ggml_backend,L5_395,0000000000b5c3a0
github.com/ollama/ollama/ml/backend/ggml._Cfunc_ggml_soft_max_ext.abi0,github.com/ollama/ollama/ml/backend/ggml._Cfunc_ggml_soft_max_ext.abi0,ggml_backend,L5_396,0000000000b5c480
github.com/ollama/ollama/ml/backend/ggml._Cfunc_ggml_tanh_inplace.abi0,github.com/ollama/ollama/ml/backend/ggml._Cfunc_ggml_tanh_inplace.abi0,ggml_backend,L5_397,0000000000b5c600
github.com/ollama/ollama/ml/backend/ggml._Cfunc_ggml_tensor_overhead.abi0,github.com/ollama/ollama/ml/backend/ggml._Cfunc_ggml_tensor_overhead.abi0,ggml_backend,L5_398,0000000000b5c6e0
github.com/ollama/ollama/ml/backend/ggml._Cfunc_ggml_type_name.abi0,github.com/ollama/ollama/ml/backend/ggml._Cfunc_ggml_type_name.abi0,ggml_backend,L5_399,0000000000b5c740
github.com/ollama/ollama/ml/backend/ggml._Cfunc_ggml_unpad.abi0,github.com/ollama/ollama/ml/backend/ggml._Cfunc_ggml_unpad.abi0,ggml_backend,L5_400,0000000000b5c7e0
github.com/ollama/ollama/ml/backend/ggml._Cfunc_ggml_view_1d.abi0,github.com/ollama/ollama/ml/backend/ggml._Cfunc_ggml_view_1d.abi0,ggml_backend,L5_401,0000000000b5c9a0
github.com/ollama/ollama/ml/backend/ggml._Cfunc_ggml_view_2d.abi0,github.com/ollama/ollama/ml/backend/ggml._Cfunc_ggml_view_2d.abi0,ggml_backend,L5_402,0000000000b5cae0
github.com/ollama/ollama/ml/backend/ggml._Cfunc_ggml_view_3d.abi0,github.com/ollama/ollama/ml/backend/ggml._Cfunc_ggml_view_3d.abi0,ggml_backend,L5_403,0000000000b5cca0
github.com/ollama/ollama/ml/backend/ggml._Cfunc_ggml_view_4d.abi0,github.com/ollama/ollama/ml/backend/ggml._Cfunc_ggml_view_4d.abi0,ggml_backend,L5_404,0000000000b5cee0
github.com/ollama/ollama/ml/backend/ggml._Cfunc_GoString,github.com/ollama/ollama/ml/backend/ggml._Cfunc_GoString,ggml_backend,L5_325,0000000000b57a00
github.com/ollama/ollama/ml/backend/ggml._cgo_cmalloc.abi0,github.com/ollama/ollama/ml/backend/ggml._cgo_cmalloc.abi0,go_cgo_bridge,L1_217,0000000000b5d1c0
"github.com/ollama/ollama/ml/backend/ggml.checkShape[go.shape.[]float32,go.shape.float32]","github.com/ollama/ollama/ml/backend/ggml.checkShape[go.shape.[]float32,go.shape.float32]",ggml_backend,L5_405,0000000000b6fa00
"github.com/ollama/ollama/ml/backend/ggml.checkShape[go.shape.[]int32,go.shape.int32]","github.com/ollama/ollama/ml/backend/ggml.checkShape[go.shape.[]int32,go.shape.int32]",ggml_backend,L5_406,0000000000b6f7a0
github.com/ollama/ollama/ml/backend/ggml.(*Context).Close,github.com/ollama/ollama/ml/backend/ggml.(*Context).Close,ggml_backend,L5_165,0000000000b66c60
github.com/ollama/ollama/ml/backend/ggml.(*Context).Close.func1,github.com/ollama/ollama/ml/backend/ggml.(*Context).Close.func1,ggml_backend,L5_166,0000000000b66ca0
github.com/ollama/ollama/ml/backend/ggml.(*Context).Compute,github.com/ollama/ollama/ml/backend/ggml.(*Context).Compute,ggml_backend,L5_167,0000000000b700e0
github.com/ollama/ollama/ml/backend/ggml.Context.Compute,github.com/ollama/ollama/ml/backend/ggml.Context.Compute,ggml_backend,L5_255,0000000000b64a80
github.com/ollama/ollama/ml/backend/ggml.Context.Compute.func1,github.com/ollama/ollama/ml/backend/ggml.Context.Compute.func1,ggml_backend,L5_256,0000000000b65020
github.com/ollama/ollama/ml/backend/ggml.Context.Compute.func2,github.com/ollama/ollama/ml/backend/ggml.Context.Compute.func2,ggml_backend,L5_257,0000000000b64f60
github.com/ollama/ollama/ml/backend/ggml.Context.Compute.func3,github.com/ollama/ollama/ml/backend/ggml.Context.Compute.func3,ggml_backend,L5_258,0000000000b64e40
github.com/ollama/ollama/ml/backend/ggml.Context.Compute.func3.1,github.com/ollama/ollama/ml/backend/ggml.Context.Compute.func3.1,ggml_backend,L5_259,0000000000b64ea0
github.com/ollama/ollama/ml/backend/ggml.Context.Compute.func4,github.com/ollama/ollama/ml/backend/ggml.Context.Compute.func4,ggml_backend,L5_260,0000000000b64d80
github.com/ollama/ollama/ml/backend/ggml.(*Context).Empty,github.com/ollama/ollama/ml/backend/ggml.(*Context).Empty,ggml_backend,L5_168,0000000000b701c0
github.com/ollama/ollama/ml/backend/ggml.Context.Empty,github.com/ollama/ollama/ml/backend/ggml.Context.Empty,ggml_backend,L5_261,0000000000b66080
github.com/ollama/ollama/ml/backend/ggml.(*Context).Forward,github.com/ollama/ollama/ml/backend/ggml.(*Context).Forward,ggml_backend,L5_169,0000000000b64740
github.com/ollama/ollama/ml/backend/ggml.(*Context).Forward.func1,github.com/ollama/ollama/ml/backend/ggml.(*Context).Forward.func1,ggml_backend,L5_170,0000000000b649c0
github.com/ollama/ollama/ml/backend/ggml.(*Context).Forward.func2,github.com/ollama/ollama/ml/backend/ggml.(*Context).Forward.func2,ggml_backend,L5_171,0000000000b648c0
github.com/ollama/ollama/ml/backend/ggml.(*Context).FromFloatSlice,github.com/ollama/ollama/ml/backend/ggml.(*Context).FromFloatSlice,ggml_backend,L5_172,0000000000b70300
github.com/ollama/ollama/ml/backend/ggml.Context.FromFloatSlice,github.com/ollama/ollama/ml/backend/ggml.Context.FromFloatSlice,ggml_backend,L5_262,0000000000b663e0
github.com/ollama/ollama/ml/backend/ggml.Context.FromFloatSlice.func1,github.com/ollama/ollama/ml/backend/ggml.Context.FromFloatSlice.func1,ggml_backend,L5_263,0000000000b665e0
github.com/ollama/ollama/ml/backend/ggml.Context.FromFloatSlice.func1.1,github.com/ollama/ollama/ml/backend/ggml.Context.FromFloatSlice.func1.1,ggml_backend,L5_264,0000000000b66760
github.com/ollama/ollama/ml/backend/ggml.(*Context).FromIntSlice,github.com/ollama/ollama/ml/backend/ggml.(*Context).FromIntSlice,ggml_backend,L5_173,0000000000b70520
github.com/ollama/ollama/ml/backend/ggml.Context.FromIntSlice,github.com/ollama/ollama/ml/backend/ggml.Context.FromIntSlice,ggml_backend,L5_265,0000000000b66820
github.com/ollama/ollama/ml/backend/ggml.Context.FromIntSlice.func1,github.com/ollama/ollama/ml/backend/ggml.Context.FromIntSlice.func1,ggml_backend,L5_266,0000000000b66a20
github.com/ollama/ollama/ml/backend/ggml.Context.FromIntSlice.func1.1,github.com/ollama/ollama/ml/backend/ggml.Context.FromIntSlice.func1.1,ggml_backend,L5_267,0000000000b66ba0
github.com/ollama/ollama/ml/backend/ggml.(*Context).Input,github.com/ollama/ollama/ml/backend/ggml.(*Context).Input,ggml_backend,L5_174,0000000000b70740
github.com/ollama/ollama/ml/backend/ggml.Context.Input,github.com/ollama/ollama/ml/backend/ggml.Context.Input,ggml_backend,L5_268,0000000000b642e0
github.com/ollama/ollama/ml/backend/ggml.(*Context).Layer,github.com/ollama/ollama/ml/backend/ggml.(*Context).Layer,ggml_backend,L5_175,0000000000b70800
github.com/ollama/ollama/ml/backend/ggml.Context.Layer,github.com/ollama/ollama/ml/backend/ggml.Context.Layer,ggml_backend,L5_269,0000000000b644e0
github.com/ollama/ollama/ml/backend/ggml.(*Context).MaxGraphNodes,github.com/ollama/ollama/ml/backend/ggml.(*Context).MaxGraphNodes,ggml_backend,L5_176,0000000000b708e0
github.com/ollama/ollama/ml/backend/ggml.Context.MaxGraphNodes,github.com/ollama/ollama/ml/backend/ggml.Context.MaxGraphNodes,ggml_backend,L5_270,0000000000b65120
github.com/ollama/ollama/ml/backend/ggml.Context.newTensor,github.com/ollama/ollama/ml/backend/ggml.Context.newTensor,ggml_backend,L5_273,0000000000b65320
github.com/ollama/ollama/ml/backend/ggml.Context.newTensor.func1,github.com/ollama/ollama/ml/backend/ggml.Context.newTensor.func1,ggml_backend,L5_274,0000000000b65f40
github.com/ollama/ollama/ml/backend/ggml.Context.newTensor.func2,github.com/ollama/ollama/ml/backend/ggml.Context.newTensor.func2,ggml_backend,L5_275,0000000000b65dc0
github.com/ollama/ollama/ml/backend/ggml.Context.newTensor.func3,github.com/ollama/ollama/ml/backend/ggml.Context.newTensor.func3,ggml_backend,L5_276,0000000000b65ca0
github.com/ollama/ollama/ml/backend/ggml.Context.newTensor.func4,github.com/ollama/ollama/ml/backend/ggml.Context.newTensor.func4,ggml_backend,L5_277,0000000000b65be0
github.com/ollama/ollama/ml/backend/ggml.Context.newTensor.func5,github.com/ollama/ollama/ml/backend/ggml.Context.newTensor.func5,ggml_backend,L5_278,0000000000b65ae0
github.com/ollama/ollama/ml/backend/ggml.Context.newTensor.func6,github.com/ollama/ollama/ml/backend/ggml.Context.newTensor.func6,ggml_backend,L5_279,0000000000b65960
github.com/ollama/ollama/ml/backend/ggml.Context.newTensor.func6.1,github.com/ollama/ollama/ml/backend/ggml.Context.newTensor.func6.1,ggml_backend,L5_280,0000000000b65a40
github.com/ollama/ollama/ml/backend/ggml.(*Context).Zeros,github.com/ollama/ollama/ml/backend/ggml.(*Context).Zeros,ggml_backend,L5_177,0000000000b70980
github.com/ollama/ollama/ml/backend/ggml.Context.Zeros,github.com/ollama/ollama/ml/backend/ggml.Context.Zeros,ggml_backend,L5_271,0000000000b661c0
github.com/ollama/ollama/ml/backend/ggml.Context.Zeros.func1,github.com/ollama/ollama/ml/backend/ggml.Context.Zeros.func1,ggml_backend,L5_272,0000000000b66300
github.com/ollama/ollama/ml/backend/ggml.devices,github.com/ollama/ollama/ml/backend/ggml.devices,ggml_backend,L5_407,0000000000b5d240
github.com/ollama/ollama/ml/backend/ggml/ggml/src._Cfunc_compiler_name.abi0,github.com/ollama/ollama/ml/backend/ggml/ggml/src._Cfunc_compiler_name.abi0,ggml_backend,L5_414,0000000000aa47c0
github.com/ollama/ollama/ml/backend/ggml/ggml/src._Cfunc_CString,github.com/ollama/ollama/ml/backend/ggml/ggml/src._Cfunc_CString,ggml_backend,L5_412,0000000000aa4560
github.com/ollama/ollama/ml/backend/ggml/ggml/src._Cfunc_first_feature.abi0,github.com/ollama/ollama/ml/backend/ggml/ggml/src._Cfunc_first_feature.abi0,ggml_backend,L5_415,0000000000aa4820
github.com/ollama/ollama/ml/backend/ggml/ggml/src._Cfunc_free.abi0,github.com/ollama/ollama/ml/backend/ggml/ggml/src._Cfunc_free.abi0,ggml_backend,L5_416,0000000000aa4900
github.com/ollama/ollama/ml/backend/ggml/ggml/src._Cfunc_ggml_backend_dev_backend_reg.abi0,github.com/ollama/ollama/ml/backend/ggml/ggml/src._Cfunc_ggml_backend_dev_backend_reg.abi0,ggml_backend,L5_417,0000000000aa4980
github.com/ollama/ollama/ml/backend/ggml/ggml/src._Cfunc_ggml_backend_dev_count.abi0,github.com/ollama/ollama/ml/backend/ggml/ggml/src._Cfunc_ggml_backend_dev_count.abi0,ggml_backend,L5_418,0000000000aa4a40
github.com/ollama/ollama/ml/backend/ggml/ggml/src._Cfunc_ggml_backend_dev_get.abi0,github.com/ollama/ollama/ml/backend/ggml/ggml/src._Cfunc_ggml_backend_dev_get.abi0,ggml_backend,L5_419,0000000000aa4aa0
github.com/ollama/ollama/ml/backend/ggml/ggml/src._Cfunc_ggml_backend_load_all_from_path.abi0,github.com/ollama/ollama/ml/backend/ggml/ggml/src._Cfunc_ggml_backend_load_all_from_path.abi0,ggml_backend,L5_420,0000000000aa4b40
github.com/ollama/ollama/ml/backend/ggml/ggml/src._Cfunc_ggml_backend_reg_get_proc_address.abi0,github.com/ollama/ollama/ml/backend/ggml/ggml/src._Cfunc_ggml_backend_reg_get_proc_address.abi0,ggml_backend,L5_421,0000000000aa4bc0
github.com/ollama/ollama/ml/backend/ggml/ggml/src._Cfunc_ggml_backend_reg_name.abi0,github.com/ollama/ollama/ml/backend/ggml/ggml/src._Cfunc_ggml_backend_reg_name.abi0,ggml_backend,L5_422,0000000000aa4ca0
github.com/ollama/ollama/ml/backend/ggml/ggml/src._Cfunc_ggml_log_set.abi0,github.com/ollama/ollama/ml/backend/ggml/ggml/src._Cfunc_ggml_log_set.abi0,ggml_backend,L5_423,0000000000aa4d60
github.com/ollama/ollama/ml/backend/ggml/ggml/src._Cfunc_GoString,github.com/ollama/ollama/ml/backend/ggml/ggml/src._Cfunc_GoString,ggml_backend,L5_413,0000000000aa4760
github.com/ollama/ollama/ml/backend/ggml/ggml/src._Cfunc_next_feature.abi0,github.com/ollama/ollama/ml/backend/ggml/ggml/src._Cfunc_next_feature.abi0,ggml_backend,L5_424,0000000000aa4e00
github.com/ollama/ollama/ml/backend/ggml/ggml/src._cgo_cmalloc.abi0,github.com/ollama/ollama/ml/backend/ggml/ggml/src._cgo_cmalloc.abi0,go_cgo_bridge,L1_219,0000000000aa4e80
github.com/ollama/ollama/ml/backend/ggml/ggml/src._Cgo_ptr,github.com/ollama/ollama/ml/backend/ggml/ggml/src._Cgo_ptr,go_cgo_bridge,L1_218,0000000000aa4520
github.com/ollama/ollama/ml/backend/ggml/ggml/src.init,github.com/ollama/ollama/ml/backend/ggml/ggml/src.init,ggml_backend,L5_425,0000000000aa3820
github.com/ollama/ollama/ml/backend/ggml/ggml/src.init.0,github.com/ollama/ollama/ml/backend/ggml/ggml/src.init.0,ggml_backend,L5_426,0000000000aa4f00
github.com/ollama/ollama/ml/backend/ggml/ggml/src.init.func1,github.com/ollama/ollama/ml/backend/ggml/ggml/src.init.func1,ggml_backend,L5_427,0000000000aa3880
github.com/ollama/ollama/ml/backend/ggml/ggml/src.init.func1.1,github.com/ollama/ollama/ml/backend/ggml/ggml/src.init.func1.1,ggml_backend,L5_428,0000000000aa42a0
github.com/ollama/ollama/ml/backend/ggml/ggml/src.init.func1.1.1,github.com/ollama/ollama/ml/backend/ggml/ggml/src.init.func1.1.1,ggml_backend,L5_429,0000000000aa4420
github.com/ollama/ollama/ml/backend/ggml/ggml/src.init.func1.1.1.1,github.com/ollama/ollama/ml/backend/ggml/ggml/src.init.func1.1.1.1,ggml_backend,L5_430,0000000000aa44c0
github.com/ollama/ollama/ml/backend/ggml/ggml/src.sink,github.com/ollama/ollama/ml/backend/ggml/ggml/src.sink,ggml_backend,L5_431,0000000000aa4f60
github.com/ollama/ollama/ml/backend/ggml/ggml/src.(*system).LogValue,github.com/ollama/ollama/ml/backend/ggml/ggml/src.(*system).LogValue,ggml_backend,L5_411,0000000000aa6120
github.com/ollama/ollama/ml/backend/ggml/ggml/src.system.LogValue,github.com/ollama/ollama/ml/backend/ggml/ggml/src.system.LogValue,ggml_backend,L5_432,0000000000aa50e0
github.com/ollama/ollama/ml/backend/ggml/ggml/src.system.LogValue.func1,github.com/ollama/ollama/ml/backend/ggml/ggml/src.system.LogValue.func1,ggml_backend,L5_433,0000000000aa6020
github.com/ollama/ollama/ml/backend/ggml/ggml/src.system.LogValue.func2,github.com/ollama/ollama/ml/backend/ggml/ggml/src.system.LogValue.func2,ggml_backend,L5_434,0000000000aa5700
github.com/ollama/ollama/ml/backend/ggml/ggml/src.system.LogValue.func2.1,github.com/ollama/ollama/ml/backend/ggml/ggml/src.system.LogValue.func2.1,ggml_backend,L5_435,0000000000aa5f20
github.com/ollama/ollama/ml/backend/ggml/ggml/src.system.LogValue.func2.1.1,github.com/ollama/ollama/ml/backend/ggml/ggml/src.system.LogValue.func2.1.1,ggml_backend,L5_436,0000000000aa5fc0
github.com/ollama/ollama/ml/backend/ggml/ggml/src.system.LogValue.func2.2,github.com/ollama/ollama/ml/backend/ggml/ggml/src.system.LogValue.func2.2,ggml_backend,L5_437,0000000000aa5e60
github.com/ollama/ollama/ml/backend/ggml/ggml/src.system.LogValue.func2.3,github.com/ollama/ollama/ml/backend/ggml/ggml/src.system.LogValue.func2.3,ggml_backend,L5_438,0000000000aa5da0
github.com/ollama/ollama/ml/backend/ggml/ggml/src.system.LogValue.func2.4,github.com/ollama/ollama/ml/backend/ggml/ggml/src.system.LogValue.func2.4,ggml_backend,L5_439,0000000000aa5d20
github.com/ollama/ollama/ml/backend/ggml/ggml/src.system.LogValue.func2.5,github.com/ollama/ollama/ml/backend/ggml/ggml/src.system.LogValue.func2.5,ggml_backend,L5_440,0000000000aa5c80
github.com/ollama/ollama/ml/backend/ggml.init.0,github.com/ollama/ollama/ml/backend/ggml.init.0,ggml_backend,L5_408,0000000000b63b60
github.com/ollama/ollama/ml/backend/ggml.New,github.com/ollama/ollama/ml/backend/ggml.New,ggml_backend,L5_281,0000000000b5d380
github.com/ollama/ollama/ml/backend/ggml.New.func1,github.com/ollama/ollama/ml/backend/ggml.New.func1,ggml_backend,L5_283,0000000000b63ae0
github.com/ollama/ollama/ml/backend/ggml.New.func10,github.com/ollama/ollama/ml/backend/ggml.New.func10,ggml_backend,L5_284,0000000000b627a0
github.com/ollama/ollama/ml/backend/ggml.New.func11,github.com/ollama/ollama/ml/backend/ggml.New.func11,ggml_backend,L5_285,0000000000b626c0
github.com/ollama/ollama/ml/backend/ggml.New.func12,github.com/ollama/ollama/ml/backend/ggml.New.func12,ggml_backend,L5_286,0000000000b62640
github.com/ollama/ollama/ml/backend/ggml.New.func13,github.com/ollama/ollama/ml/backend/ggml.New.func13,ggml_backend,L5_287,0000000000b625a0
github.com/ollama/ollama/ml/backend/ggml.New.func14,github.com/ollama/ollama/ml/backend/ggml.New.func14,ggml_backend,L5_288,0000000000b62520
github.com/ollama/ollama/ml/backend/ggml.New.func15,github.com/ollama/ollama/ml/backend/ggml.New.func15,ggml_backend,L5_289,0000000000b62220
github.com/ollama/ollama/ml/backend/ggml.New.func16,github.com/ollama/ollama/ml/backend/ggml.New.func16,ggml_backend,L5_290,0000000000b62140
github.com/ollama/ollama/ml/backend/ggml.New.func17,github.com/ollama/ollama/ml/backend/ggml.New.func17,ggml_backend,L5_291,0000000000b620c0
github.com/ollama/ollama/ml/backend/ggml.New.func18,github.com/ollama/ollama/ml/backend/ggml.New.func18,ggml_backend,L5_292,0000000000b61640
github.com/ollama/ollama/ml/backend/ggml.New.func18.1,github.com/ollama/ollama/ml/backend/ggml.New.func18.1,ggml_backend,L5_293,0000000000b61f60
github.com/ollama/ollama/ml/backend/ggml.New.func19,github.com/ollama/ollama/ml/backend/ggml.New.func19,ggml_backend,L5_294,0000000000b61520
github.com/ollama/ollama/ml/backend/ggml.New.func19.1,github.com/ollama/ollama/ml/backend/ggml.New.func19.1,ggml_backend,L5_295,0000000000b615e0
github.com/ollama/ollama/ml/backend/ggml.New.func2,github.com/ollama/ollama/ml/backend/ggml.New.func2,ggml_backend,L5_296,0000000000b63a60
github.com/ollama/ollama/ml/backend/ggml.New.func20,github.com/ollama/ollama/ml/backend/ggml.New.func20,ggml_backend,L5_297,0000000000b61480
github.com/ollama/ollama/ml/backend/ggml.New.func21,github.com/ollama/ollama/ml/backend/ggml.New.func21,ggml_backend,L5_298,0000000000b61400
github.com/ollama/ollama/ml/backend/ggml.New.func22,github.com/ollama/ollama/ml/backend/ggml.New.func22,ggml_backend,L5_299,0000000000b61380
github.com/ollama/ollama/ml/backend/ggml.New.func23,github.com/ollama/ollama/ml/backend/ggml.New.func23,ggml_backend,L5_300,0000000000b61300
github.com/ollama/ollama/ml/backend/ggml.New.func24,github.com/ollama/ollama/ml/backend/ggml.New.func24,ggml_backend,L5_301,0000000000b61260
github.com/ollama/ollama/ml/backend/ggml.New.func25,github.com/ollama/ollama/ml/backend/ggml.New.func25,ggml_backend,L5_302,0000000000b611c0
github.com/ollama/ollama/ml/backend/ggml.New.func26,github.com/ollama/ollama/ml/backend/ggml.New.func26,ggml_backend,L5_303,0000000000b61120
github.com/ollama/ollama/ml/backend/ggml.New.func27,github.com/ollama/ollama/ml/backend/ggml.New.func27,ggml_backend,L5_304,0000000000b610a0
github.com/ollama/ollama/ml/backend/ggml.New.func28,github.com/ollama/ollama/ml/backend/ggml.New.func28,ggml_backend,L5_305,0000000000b60f80
github.com/ollama/ollama/ml/backend/ggml.New.func29,github.com/ollama/ollama/ml/backend/ggml.New.func29,ggml_backend,L5_306,0000000000b60ce0
github.com/ollama/ollama/ml/backend/ggml.New.func3,github.com/ollama/ollama/ml/backend/ggml.New.func3,ggml_backend,L5_307,0000000000b639e0
github.com/ollama/ollama/ml/backend/ggml.New.func30,github.com/ollama/ollama/ml/backend/ggml.New.func30,ggml_backend,L5_308,0000000000b60b20
github.com/ollama/ollama/ml/backend/ggml.New.func4,github.com/ollama/ollama/ml/backend/ggml.New.func4,ggml_backend,L5_309,0000000000b63960
github.com/ollama/ollama/ml/backend/ggml.New.func5,github.com/ollama/ollama/ml/backend/ggml.New.func5,ggml_backend,L5_310,0000000000b63880
github.com/ollama/ollama/ml/backend/ggml.New.func6,github.com/ollama/ollama/ml/backend/ggml.New.func6,ggml_backend,L5_311,0000000000b63580
github.com/ollama/ollama/ml/backend/ggml.New.func6.1,github.com/ollama/ollama/ml/backend/ggml.New.func6.1,ggml_backend,L5_312,0000000000b63820
github.com/ollama/ollama/ml/backend/ggml.New.func7,github.com/ollama/ollama/ml/backend/ggml.New.func7,ggml_backend,L5_313,0000000000b62840
github.com/ollama/ollama/ml/backend/ggml.New.func7.1,github.com/ollama/ollama/ml/backend/ggml.New.func7.1,ggml_backend,L5_314,0000000000b63480
github.com/ollama/ollama/ml/backend/ggml.New.func7.2,github.com/ollama/ollama/ml/backend/ggml.New.func7.2,ggml_backend,L5_315,0000000000b63380
github.com/ollama/ollama/ml/backend/ggml.New.func7.2.1,github.com/ollama/ollama/ml/backend/ggml.New.func7.2.1,ggml_backend,L5_316,0000000000b63420
github.com/ollama/ollama/ml/backend/ggml.New.func7.3,github.com/ollama/ollama/ml/backend/ggml.New.func7.3,ggml_backend,L5_317,0000000000b63280
github.com/ollama/ollama/ml/backend/ggml.New.func7.4,github.com/ollama/ollama/ml/backend/ggml.New.func7.4,ggml_backend,L5_318,0000000000b63100
github.com/ollama/ollama/ml/backend/ggml.New.func7.5,github.com/ollama/ollama/ml/backend/ggml.New.func7.5,ggml_backend,L5_319,0000000000b63040
github.com/ollama/ollama/ml/backend/ggml.New.func7.6,github.com/ollama/ollama/ml/backend/ggml.New.func7.6,ggml_backend,L5_320,0000000000b62fa0
github.com/ollama/ollama/ml/backend/ggml.New.func8,github.com/ollama/ollama/ml/backend/ggml.New.func8,ggml_backend,L5_321,0000000000b6f400
github.com/ollama/ollama/ml/backend/ggml.New.func9,github.com/ollama/ollama/ml/backend/ggml.New.func9,ggml_backend,L5_322,0000000000b6f580
github.com/ollama/ollama/ml/backend/ggml.New-range1,github.com/ollama/ollama/ml/backend/ggml.New-range1,ggml_backend,L5_282,0000000000b622c0
github.com/ollama/ollama/ml/backend/ggml.pad,github.com/ollama/ollama/ml/backend/ggml.pad,ggml_backend,L5_409,0000000000b652c0
github.com/ollama/ollama/ml/backend/ggml.shapeToGGML,github.com/ollama/ollama/ml/backend/ggml.shapeToGGML,ggml_backend,L5_410,0000000000b65160
github.com/ollama/ollama/ml/backend/ggml.(*Tensor).Add,github.com/ollama/ollama/ml/backend/ggml.(*Tensor).Add,ggml_backend,L5_178,0000000000b67b40
github.com/ollama/ollama/ml/backend/ggml.(*Tensor).Add.func1,github.com/ollama/ollama/ml/backend/ggml.(*Tensor).Add.func1,ggml_backend,L5_179,0000000000b67cc0
github.com/ollama/ollama/ml/backend/ggml.(*Tensor).AvgPool2D,github.com/ollama/ollama/ml/backend/ggml.(*Tensor).AvgPool2D,ggml_backend,L5_180,0000000000b6dd00
github.com/ollama/ollama/ml/backend/ggml.(*Tensor).AvgPool2D.func1,github.com/ollama/ollama/ml/backend/ggml.(*Tensor).AvgPool2D.func1,ggml_backend,L5_181,0000000000b6dea0
github.com/ollama/ollama/ml/backend/ggml.(*Tensor).Bytes,github.com/ollama/ollama/ml/backend/ggml.(*Tensor).Bytes,ggml_backend,L5_182,0000000000b67420
github.com/ollama/ollama/ml/backend/ggml.(*Tensor).Bytes.func1,github.com/ollama/ollama/ml/backend/ggml.(*Tensor).Bytes.func1,ggml_backend,L5_183,0000000000b676c0
github.com/ollama/ollama/ml/backend/ggml.(*Tensor).Bytes.func2,github.com/ollama/ollama/ml/backend/ggml.(*Tensor).Bytes.func2,ggml_backend,L5_184,0000000000b67500
github.com/ollama/ollama/ml/backend/ggml.(*Tensor).Bytes.func2.1,github.com/ollama/ollama/ml/backend/ggml.(*Tensor).Bytes.func2.1,ggml_backend,L5_185,0000000000b67640
github.com/ollama/ollama/ml/backend/ggml.(*Tensor).Concat,github.com/ollama/ollama/ml/backend/ggml.(*Tensor).Concat,ggml_backend,L5_186,0000000000b68040
github.com/ollama/ollama/ml/backend/ggml.(*Tensor).Concat.func1,github.com/ollama/ollama/ml/backend/ggml.(*Tensor).Concat.func1,ggml_backend,L5_187,0000000000b681e0
github.com/ollama/ollama/ml/backend/ggml.(*Tensor).Contiguous,github.com/ollama/ollama/ml/backend/ggml.(*Tensor).Contiguous,ggml_backend,L5_188,0000000000b683c0
github.com/ollama/ollama/ml/backend/ggml.(*Tensor).Contiguous.func1,github.com/ollama/ollama/ml/backend/ggml.(*Tensor).Contiguous.func1,ggml_backend,L5_189,0000000000b68500
github.com/ollama/ollama/ml/backend/ggml.(*Tensor).Conv2D,github.com/ollama/ollama/ml/backend/ggml.(*Tensor).Conv2D,ggml_backend,L5_190,0000000000b6d860
github.com/ollama/ollama/ml/backend/ggml.(*Tensor).Conv2D.func1,github.com/ollama/ollama/ml/backend/ggml.(*Tensor).Conv2D.func1,ggml_backend,L5_191,0000000000b6da80
github.com/ollama/ollama/ml/backend/ggml.(*Tensor).Copy,github.com/ollama/ollama/ml/backend/ggml.(*Tensor).Copy,ggml_backend,L5_192,0000000000b6a0e0
github.com/ollama/ollama/ml/backend/ggml.(*Tensor).Copy.func1,github.com/ollama/ollama/ml/backend/ggml.(*Tensor).Copy.func1,ggml_backend,L5_193,0000000000b6a260
github.com/ollama/ollama/ml/backend/ggml.(*Tensor).Dim,github.com/ollama/ollama/ml/backend/ggml.(*Tensor).Dim,ggml_backend,L5_195,0000000000b671a0
github.com/ollama/ollama/ml/backend/ggml.(*Tensor).DType,github.com/ollama/ollama/ml/backend/ggml.(*Tensor).DType,ggml_backend,L5_194,0000000000b67a60
github.com/ollama/ollama/ml/backend/ggml.(*Tensor).Floats,github.com/ollama/ollama/ml/backend/ggml.(*Tensor).Floats,ggml_backend,L5_196,0000000000b67740
github.com/ollama/ollama/ml/backend/ggml.(*Tensor).Floats.func1,github.com/ollama/ollama/ml/backend/ggml.(*Tensor).Floats.func1,ggml_backend,L5_197,0000000000b679e0
github.com/ollama/ollama/ml/backend/ggml.(*Tensor).Floats.func2,github.com/ollama/ollama/ml/backend/ggml.(*Tensor).Floats.func2,ggml_backend,L5_198,0000000000b67820
github.com/ollama/ollama/ml/backend/ggml.(*Tensor).Floats.func2.1,github.com/ollama/ollama/ml/backend/ggml.(*Tensor).Floats.func2.1,ggml_backend,L5_199,0000000000b67960
github.com/ollama/ollama/ml/backend/ggml.(*Tensor).GELU,github.com/ollama/ollama/ml/backend/ggml.(*Tensor).GELU,ggml_backend,L5_200,0000000000b6d3a0
github.com/ollama/ollama/ml/backend/ggml.(*Tensor).GELU.func1,github.com/ollama/ollama/ml/backend/ggml.(*Tensor).GELU.func1,ggml_backend,L5_201,0000000000b6d4e0
github.com/ollama/ollama/ml/backend/ggml.(*Tensor).LayerNorm,github.com/ollama/ollama/ml/backend/ggml.(*Tensor).LayerNorm,ggml_backend,L5_202,0000000000b69000
github.com/ollama/ollama/ml/backend/ggml.(*Tensor).LayerNorm.func1,github.com/ollama/ollama/ml/backend/ggml.(*Tensor).LayerNorm.func1,ggml_backend,L5_203,0000000000b69200
github.com/ollama/ollama/ml/backend/ggml.(*Tensor).LogValue,github.com/ollama/ollama/ml/backend/ggml.(*Tensor).LogValue,ggml_backend,L5_204,0000000000b66d20
github.com/ollama/ollama/ml/backend/ggml.(*Tensor).LogValue.func1,github.com/ollama/ollama/ml/backend/ggml.(*Tensor).LogValue.func1,ggml_backend,L5_205,0000000000b67100
github.com/ollama/ollama/ml/backend/ggml.(*Tensor).Mul,github.com/ollama/ollama/ml/backend/ggml.(*Tensor).Mul,ggml_backend,L5_206,0000000000b68620
github.com/ollama/ollama/ml/backend/ggml.(*Tensor).Mul.func1,github.com/ollama/ollama/ml/backend/ggml.(*Tensor).Mul.func1,ggml_backend,L5_207,0000000000b687a0
github.com/ollama/ollama/ml/backend/ggml.(*Tensor).Mulmat,github.com/ollama/ollama/ml/backend/ggml.(*Tensor).Mulmat,ggml_backend,L5_208,0000000000b68940
github.com/ollama/ollama/ml/backend/ggml.(*Tensor).MulmatFullPrec,github.com/ollama/ollama/ml/backend/ggml.(*Tensor).MulmatFullPrec,ggml_backend,L5_210,0000000000b68c60
github.com/ollama/ollama/ml/backend/ggml.(*Tensor).MulmatFullPrec.func1,github.com/ollama/ollama/ml/backend/ggml.(*Tensor).MulmatFullPrec.func1,ggml_backend,L5_211,0000000000b68e60
github.com/ollama/ollama/ml/backend/ggml.(*Tensor).MulmatFullPrec.func2,github.com/ollama/ollama/ml/backend/ggml.(*Tensor).MulmatFullPrec.func2,ggml_backend,L5_212,0000000000b68de0
github.com/ollama/ollama/ml/backend/ggml.(*Tensor).Mulmat.func1,github.com/ollama/ollama/ml/backend/ggml.(*Tensor).Mulmat.func1,ggml_backend,L5_209,0000000000b68ac0
github.com/ollama/ollama/ml/backend/ggml.(*Tensor).Pad,github.com/ollama/ollama/ml/backend/ggml.(*Tensor).Pad,ggml_backend,L5_213,0000000000b69600
github.com/ollama/ollama/ml/backend/ggml.(*Tensor).Pad.func1,github.com/ollama/ollama/ml/backend/ggml.(*Tensor).Pad.func1,ggml_backend,L5_214,0000000000b697c0
github.com/ollama/ollama/ml/backend/ggml.(*Tensor).Permute,github.com/ollama/ollama/ml/backend/ggml.(*Tensor).Permute,ggml_backend,L5_215,0000000000b699e0
github.com/ollama/ollama/ml/backend/ggml.(*Tensor).Permute.func1,github.com/ollama/ollama/ml/backend/ggml.(*Tensor).Permute.func1,ggml_backend,L5_216,0000000000b69ba0
github.com/ollama/ollama/ml/backend/ggml.(*Tensor).Reshape,github.com/ollama/ollama/ml/backend/ggml.(*Tensor).Reshape,ggml_backend,L5_219,0000000000b6a400
github.com/ollama/ollama/ml/backend/ggml.(*Tensor).Reshape.func1,github.com/ollama/ollama/ml/backend/ggml.(*Tensor).Reshape.func1,ggml_backend,L5_220,0000000000b6af40
github.com/ollama/ollama/ml/backend/ggml.(*Tensor).Reshape.func2,github.com/ollama/ollama/ml/backend/ggml.(*Tensor).Reshape.func2,ggml_backend,L5_221,0000000000b6ad80
github.com/ollama/ollama/ml/backend/ggml.(*Tensor).Reshape.func3,github.com/ollama/ollama/ml/backend/ggml.(*Tensor).Reshape.func3,ggml_backend,L5_222,0000000000b6ab80
github.com/ollama/ollama/ml/backend/ggml.(*Tensor).Reshape.func4,github.com/ollama/ollama/ml/backend/ggml.(*Tensor).Reshape.func4,ggml_backend,L5_223,0000000000b6a940
github.com/ollama/ollama/ml/backend/ggml.(*Tensor).RMSNorm,github.com/ollama/ollama/ml/backend/ggml.(*Tensor).RMSNorm,ggml_backend,L5_217,0000000000b69340
github.com/ollama/ollama/ml/backend/ggml.(*Tensor).RMSNorm.func1,github.com/ollama/ollama/ml/backend/ggml.(*Tensor).RMSNorm.func1,ggml_backend,L5_218,0000000000b694c0
github.com/ollama/ollama/ml/backend/ggml.(*Tensor).RoPE,github.com/ollama/ollama/ml/backend/ggml.(*Tensor).RoPE,ggml_backend,L5_224,0000000000b6cb80
github.com/ollama/ollama/ml/backend/ggml.(*Tensor).RoPE.func1,github.com/ollama/ollama/ml/backend/ggml.(*Tensor).RoPE.func1,ggml_backend,L5_225,0000000000b6d260
github.com/ollama/ollama/ml/backend/ggml.(*Tensor).RoPE.func2,github.com/ollama/ollama/ml/backend/ggml.(*Tensor).RoPE.func2,ggml_backend,L5_226,0000000000b6cec0
github.com/ollama/ollama/ml/backend/ggml.(*Tensor).Rows,github.com/ollama/ollama/ml/backend/ggml.(*Tensor).Rows,ggml_backend,L5_227,0000000000b69dc0
github.com/ollama/ollama/ml/backend/ggml.(*Tensor).Rows.func1,github.com/ollama/ollama/ml/backend/ggml.(*Tensor).Rows.func1,ggml_backend,L5_228,0000000000b69f40
github.com/ollama/ollama/ml/backend/ggml.(*Tensor).Scale,github.com/ollama/ollama/ml/backend/ggml.(*Tensor).Scale,ggml_backend,L5_231,0000000000b6b0c0
github.com/ollama/ollama/ml/backend/ggml.(*Tensor).ScaledDotProductAttention,github.com/ollama/ollama/ml/backend/ggml.(*Tensor).ScaledDotProductAttention,ggml_backend,L5_233,0000000000b6e740
github.com/ollama/ollama/ml/backend/ggml.(*Tensor).ScaledDotProductAttention.func1,github.com/ollama/ollama/ml/backend/ggml.(*Tensor).ScaledDotProductAttention.func1,ggml_backend,L5_234,0000000000b6f0c0
github.com/ollama/ollama/ml/backend/ggml.(*Tensor).ScaledDotProductAttention.func2,github.com/ollama/ollama/ml/backend/ggml.(*Tensor).ScaledDotProductAttention.func2,ggml_backend,L5_235,0000000000b6f040
github.com/ollama/ollama/ml/backend/ggml.(*Tensor).ScaledDotProductAttention.func3,github.com/ollama/ollama/ml/backend/ggml.(*Tensor).ScaledDotProductAttention.func3,ggml_backend,L5_236,0000000000b6ee60
github.com/ollama/ollama/ml/backend/ggml.(*Tensor).Scale.func1,github.com/ollama/ollama/ml/backend/ggml.(*Tensor).Scale.func1,ggml_backend,L5_232,0000000000b6b220
github.com/ollama/ollama/ml/backend/ggml.(*Tensor).Set,github.com/ollama/ollama/ml/backend/ggml.(*Tensor).Set,ggml_backend,L5_237,0000000000b6e0a0
github.com/ollama/ollama/ml/backend/ggml.(*Tensor).Set.func1,github.com/ollama/ollama/ml/backend/ggml.(*Tensor).Set.func1,ggml_backend,L5_238,0000000000b6e560
github.com/ollama/ollama/ml/backend/ggml.(*Tensor).Set.func2,github.com/ollama/ollama/ml/backend/ggml.(*Tensor).Set.func2,ggml_backend,L5_239,0000000000b6e320
github.com/ollama/ollama/ml/backend/ggml.(*Tensor).Shape,github.com/ollama/ollama/ml/backend/ggml.(*Tensor).Shape,ggml_backend,L5_240,0000000000b67260
github.com/ollama/ollama/ml/backend/ggml.(*Tensor).Shape.func1,github.com/ollama/ollama/ml/backend/ggml.(*Tensor).Shape.func1,ggml_backend,L5_241,0000000000b673a0
github.com/ollama/ollama/ml/backend/ggml.(*Tensor).SILU,github.com/ollama/ollama/ml/backend/ggml.(*Tensor).SILU,ggml_backend,L5_229,0000000000b6d600
github.com/ollama/ollama/ml/backend/ggml.(*Tensor).SILU.func1,github.com/ollama/ollama/ml/backend/ggml.(*Tensor).SILU.func1,ggml_backend,L5_230,0000000000b6d740
github.com/ollama/ollama/ml/backend/ggml.(*Tensor).Softmax,github.com/ollama/ollama/ml/backend/ggml.(*Tensor).Softmax,ggml_backend,L5_242,0000000000b6b360
github.com/ollama/ollama/ml/backend/ggml.(*Tensor).Softmax.func1,github.com/ollama/ollama/ml/backend/ggml.(*Tensor).Softmax.func1,ggml_backend,L5_243,0000000000b6b4a0
github.com/ollama/ollama/ml/backend/ggml.(*Tensor).Stack,github.com/ollama/ollama/ml/backend/ggml.(*Tensor).Stack,ggml_backend,L5_244,0000000000b67e60
github.com/ollama/ollama/ml/backend/ggml.(*Tensor).Stride,github.com/ollama/ollama/ml/backend/ggml.(*Tensor).Stride,ggml_backend,L5_245,0000000000b67200
github.com/ollama/ollama/ml/backend/ggml.(*Tensor).Tanh,github.com/ollama/ollama/ml/backend/ggml.(*Tensor).Tanh,ggml_backend,L5_246,0000000000b6b5c0
github.com/ollama/ollama/ml/backend/ggml.(*Tensor).Tanh.func1,github.com/ollama/ollama/ml/backend/ggml.(*Tensor).Tanh.func1,ggml_backend,L5_247,0000000000b6b700
github.com/ollama/ollama/ml/backend/ggml.(*Tensor).Unpad,github.com/ollama/ollama/ml/backend/ggml.(*Tensor).Unpad,ggml_backend,L5_248,0000000000b6b820
github.com/ollama/ollama/ml/backend/ggml.(*Tensor).Unpad.func1,github.com/ollama/ollama/ml/backend/ggml.(*Tensor).Unpad.func1,ggml_backend,L5_249,0000000000b6b9e0
github.com/ollama/ollama/ml/backend/ggml.(*Tensor).View,github.com/ollama/ollama/ml/backend/ggml.(*Tensor).View,ggml_backend,L5_250,0000000000b6bc00
github.com/ollama/ollama/ml/backend/ggml.(*Tensor).View.func1,github.com/ollama/ollama/ml/backend/ggml.(*Tensor).View.func1,ggml_backend,L5_251,0000000000b6c9c0
github.com/ollama/ollama/ml/backend/ggml.(*Tensor).View.func2,github.com/ollama/ollama/ml/backend/ggml.(*Tensor).View.func2,ggml_backend,L5_252,0000000000b6c7a0
github.com/ollama/ollama/ml/backend/ggml.(*Tensor).View.func3,github.com/ollama/ollama/ml/backend/ggml.(*Tensor).View.func3,ggml_backend,L5_253,0000000000b6c4e0
github.com/ollama/ollama/ml/backend/ggml.(*Tensor).View.func4,github.com/ollama/ollama/ml/backend/ggml.(*Tensor).View.func4,ggml_backend,L5_254,0000000000b6c1a0
github.com/ollama/ollama/ml/backend/ggml.Threads,github.com/ollama/ollama/ml/backend/ggml.Threads,ggml_backend,L5_323,0000000000b577e0
github.com/ollama/ollama/ml.init,github.com/ollama/ollama/ml.init,ggml_ops,L6_1496,0000000000b4d540
github.com/ollama/ollama/ml.NewBackend,github.com/ollama/ollama/ml.NewBackend,ggml_backend,L5_157,0000000000b4d6c0
github.com/ollama/ollama/ml/nn.Attention,github.com/ollama/ollama/ml/nn.Attention,ggml_ops,L6_1502,0000000000bdc8e0
github.com/ollama/ollama/ml/nn.(*Conv2D).Forward,github.com/ollama/ollama/ml/nn.(*Conv2D).Forward,ggml_ops,L6_1497,0000000000bdd740
github.com/ollama/ollama/ml/nn.(*Embedding).Forward,github.com/ollama/ollama/ml/nn.(*Embedding).Forward,ggml_ops,L6_1498,0000000000bdd8a0
github.com/ollama/ollama/ml/nn.(*LayerNorm).Forward,github.com/ollama/ollama/ml/nn.(*LayerNorm).Forward,ggml_ops,L6_1499,0000000000bdda80
github.com/ollama/ollama/ml/nn.(*Linear).Forward,github.com/ollama/ollama/ml/nn.(*Linear).Forward,ggml_ops,L6_1500,0000000000bdd960
github.com/ollama/ollama/ml/nn.(*RMSNorm).Forward,github.com/ollama/ollama/ml/nn.(*RMSNorm).Forward,ggml_ops,L6_1501,0000000000bddbc0
github.com/ollama/ollama/ml.RegisterBackend,github.com/ollama/ollama/ml.RegisterBackend,ggml_backend,L5_158,0000000000b4d5a0
github.com/ollama/ollama/model.(*Base).Backend,github.com/ollama/ollama/model.(*Base).Backend,ggml_backend,L5_441,0000000000ba1840
github.com/ollama/ollama/model.(*Base).Config,github.com/ollama/ollama/model.(*Base).Config,ggml_ops,L6_1503,0000000000ba1880
github.com/ollama/ollama/model.(*BytePairEncoding).Decode,github.com/ollama/ollama/model.(*BytePairEncoding).Decode,ggml_ops,L6_1504,0000000000bb3c80
github.com/ollama/ollama/model.BytePairEncoding.Decode,github.com/ollama/ollama/model.BytePairEncoding.Decode,ggml_ops,L6_1514,0000000000ba8ba0
github.com/ollama/ollama/model.(*BytePairEncoding).Encode,github.com/ollama/ollama/model.(*BytePairEncoding).Encode,ggml_ops,L6_1505,0000000000bb3de0
github.com/ollama/ollama/model.BytePairEncoding.Encode,github.com/ollama/ollama/model.BytePairEncoding.Encode,ggml_ops,L6_1515,0000000000ba6220
github.com/ollama/ollama/model.BytePairEncoding.Encode.func1,github.com/ollama/ollama/model.BytePairEncoding.Encode.func1,ggml_ops,L6_1517,0000000000ba88a0
github.com/ollama/ollama/model.BytePairEncoding.Encode.func2,github.com/ollama/ollama/model.BytePairEncoding.Encode.func2,ggml_ops,L6_1518,0000000000bacd80
github.com/ollama/ollama/model.BytePairEncoding.Encode-range1,github.com/ollama/ollama/model.BytePairEncoding.Encode-range1,ggml_ops,L6_1516,0000000000ba7860
github.com/ollama/ollama/model.(*BytePairEncoding).Is,github.com/ollama/ollama/model.(*BytePairEncoding).Is,ggml_ops,L6_1506,0000000000bb3f80
github.com/ollama/ollama/model.BytePairEncoding.Is,github.com/ollama/ollama/model.BytePairEncoding.Is,ggml_ops,L6_1519,0000000000ba5f00
github.com/ollama/ollama/model.(*BytePairEncoding).split,github.com/ollama/ollama/model.(*BytePairEncoding).split,ggml_ops,L6_1507,0000000000ba5f80
github.com/ollama/ollama/model.(*BytePairEncoding).split.func1,github.com/ollama/ollama/model.(*BytePairEncoding).split.func1,ggml_ops,L6_1508,0000000000ba6080
github.com/ollama/ollama/model.canNil,github.com/ollama/ollama/model.canNil,ggml_ops,L6_1528,0000000000ba4980
github.com/ollama/ollama/model.Forward,github.com/ollama/ollama/model.Forward,ggml_ops,L6_1520,0000000000ba4b00
github.com/ollama/ollama/model.getTextProcessor,github.com/ollama/ollama/model.getTextProcessor,ggml_ops,L6_1529,0000000000ba2780
github.com/ollama/ollama/model/imageproc.Composite,github.com/ollama/ollama/model/imageproc.Composite,ggml_ops,L6_1537,0000000000c44900
github.com/ollama/ollama/model/imageproc.Normalize,github.com/ollama/ollama/model/imageproc.Normalize,ggml_ops,L6_1538,0000000000c450a0
github.com/ollama/ollama/model/imageproc.Resize,github.com/ollama/ollama/model/imageproc.Resize,ggml_ops,L6_1539,0000000000c44ba0
github.com/ollama/ollama/model.init,github.com/ollama/ollama/model.init,ggml_ops,L6_1530,0000000000ba17a0
github.com/ollama/ollama/model/models/gemma2.init.0,github.com/ollama/ollama/model/models/gemma2.init.0,ggml_ops,L6_1554,0000000000be0860
github.com/ollama/ollama/model/models/gemma2.(*Layer).Forward,github.com/ollama/ollama/model/models/gemma2.(*Layer).Forward,ggml_ops,L6_1540,0000000000bdfac0
github.com/ollama/ollama/model/models/gemma2.(*MLP).Forward,github.com/ollama/ollama/model/models/gemma2.(*MLP).Forward,ggml_ops,L6_1541,0000000000bdf8e0
github.com/ollama/ollama/model/models/gemma2.(*Model).Backend,github.com/ollama/ollama/model/models/gemma2.(*Model).Backend,ggml_backend,L5_442,0000000000be09a0
github.com/ollama/ollama/model/models/gemma2.(*Model).Config,github.com/ollama/ollama/model/models/gemma2.(*Model).Config,ggml_ops,L6_1542,0000000000be09e0
github.com/ollama/ollama/model/models/gemma2.Model.Decode,github.com/ollama/ollama/model/models/gemma2.Model.Decode,ggml_ops,L6_1550,0000000000be0a20
github.com/ollama/ollama/model/models/gemma2.(*Model).Decode,github.com/ollama/ollama/model/models/gemma2.(*Model).Decode,ggml_ops,L6_1543,0000000000be0b60
github.com/ollama/ollama/model/models/gemma2.Model.Encode,github.com/ollama/ollama/model/models/gemma2.Model.Encode,ggml_ops,L6_1551,0000000000be0cc0
github.com/ollama/ollama/model/models/gemma2.(*Model).Encode,github.com/ollama/ollama/model/models/gemma2.(*Model).Encode,ggml_ops,L6_1544,0000000000be0e40
github.com/ollama/ollama/model/models/gemma2.(*Model).Forward,github.com/ollama/ollama/model/models/gemma2.(*Model).Forward,ggml_ops,L6_1545,0000000000bdff20
github.com/ollama/ollama/model/models/gemma2.Model.Is,github.com/ollama/ollama/model/models/gemma2.Model.Is,ggml_ops,L6_1552,0000000000be0fe0
github.com/ollama/ollama/model/models/gemma2.(*Model).Is,github.com/ollama/ollama/model/models/gemma2.(*Model).Is,ggml_ops,L6_1546,0000000000be1040
github.com/ollama/ollama/model/models/gemma2.(*Model).Shift,github.com/ollama/ollama/model/models/gemma2.(*Model).Shift,ggml_ops,L6_1547,0000000000bdf740
github.com/ollama/ollama/model/models/gemma2.(*Model).Shift-fm,github.com/ollama/ollama/model/models/gemma2.(*Model).Shift-fm,ggml_ops,L6_1548,0000000000be10c0
github.com/ollama/ollama/model/models/gemma2.New,github.com/ollama/ollama/model/models/gemma2.New,ggml_ops,L6_1553,0000000000bddec0
github.com/ollama/ollama/model/models/gemma2.(*SelfAttention).Forward,github.com/ollama/ollama/model/models/gemma2.(*SelfAttention).Forward,ggml_ops,L6_1549,0000000000bde9a0
github.com/ollama/ollama/model/models/gemma3.(*ImageProcessor).pack,github.com/ollama/ollama/model/models/gemma3.(*ImageProcessor).pack,ggml_ops,L6_1556,0000000000c4b920
github.com/ollama/ollama/model/models/gemma3.ImageProcessor.ProcessImage,github.com/ollama/ollama/model/models/gemma3.ImageProcessor.ProcessImage,ggml_ops,L6_1580,0000000000c4bfc0
github.com/ollama/ollama/model/models/gemma3.(*ImageProcessor).ProcessImage,github.com/ollama/ollama/model/models/gemma3.(*ImageProcessor).ProcessImage,ggml_ops,L6_1555,0000000000c4ce40
github.com/ollama/ollama/model/models/gemma3.init.0,github.com/ollama/ollama/model/models/gemma3.init.0,ggml_ops,L6_1590,0000000000c47e60
github.com/ollama/ollama/model/models/gemma3.(*Model).Backend,github.com/ollama/ollama/model/models/gemma3.(*Model).Backend,ggml_backend,L5_443,0000000000c4cfe0
github.com/ollama/ollama/model/models/gemma3.(*Model).Config,github.com/ollama/ollama/model/models/gemma3.(*Model).Config,ggml_ops,L6_1557,0000000000c4d020
github.com/ollama/ollama/model/models/gemma3.Model.Decode,github.com/ollama/ollama/model/models/gemma3.Model.Decode,ggml_ops,L6_1581,0000000000c4d060
github.com/ollama/ollama/model/models/gemma3.(*Model).Decode,github.com/ollama/ollama/model/models/gemma3.(*Model).Decode,ggml_ops,L6_1558,0000000000c4d180
github.com/ollama/ollama/model/models/gemma3.Model.Encode,github.com/ollama/ollama/model/models/gemma3.Model.Encode,ggml_ops,L6_1582,0000000000c4d2e0
github.com/ollama/ollama/model/models/gemma3.(*Model).Encode,github.com/ollama/ollama/model/models/gemma3.(*Model).Encode,ggml_ops,L6_1559,0000000000c4d440
github.com/ollama/ollama/model/models/gemma3.(*Model).EncodeMultimodal,github.com/ollama/ollama/model/models/gemma3.(*Model).EncodeMultimodal,ggml_ops,L6_1560,0000000000c469e0
github.com/ollama/ollama/model/models/gemma3.(*Model).Forward,github.com/ollama/ollama/model/models/gemma3.(*Model).Forward,ggml_ops,L6_1561,0000000000c47940
github.com/ollama/ollama/model/models/gemma3.Model.Is,github.com/ollama/ollama/model/models/gemma3.Model.Is,ggml_ops,L6_1583,0000000000c4d5e0
github.com/ollama/ollama/model/models/gemma3.(*Model).Is,github.com/ollama/ollama/model/models/gemma3.(*Model).Is,ggml_ops,L6_1562,0000000000c4d640
github.com/ollama/ollama/model/models/gemma3.(*Model).PostTokenize,github.com/ollama/ollama/model/models/gemma3.(*Model).PostTokenize,vocab,L7_190,0000000000c470e0
github.com/ollama/ollama/model/models/gemma3.Model.ProcessImage,github.com/ollama/ollama/model/models/gemma3.Model.ProcessImage,ggml_ops,L6_1584,0000000000c4d6c0
github.com/ollama/ollama/model/models/gemma3.(*Model).ProcessImage,github.com/ollama/ollama/model/models/gemma3.(*Model).ProcessImage,ggml_ops,L6_1563,0000000000c4d820
github.com/ollama/ollama/model/models/gemma3.Model.Shift,github.com/ollama/ollama/model/models/gemma3.Model.Shift,ggml_ops,L6_1585,0000000000c4d9c0
github.com/ollama/ollama/model/models/gemma3.(*Model).Shift,github.com/ollama/ollama/model/models/gemma3.(*Model).Shift,ggml_ops,L6_1564,0000000000c4db80
github.com/ollama/ollama/model/models/gemma3.(*MultiModalProjector).Forward,github.com/ollama/ollama/model/models/gemma3.(*MultiModalProjector).Forward,ggml_ops,L6_1565,0000000000c45a20
github.com/ollama/ollama/model/models/gemma3.New,github.com/ollama/ollama/model/models/gemma3.New,ggml_ops,L6_1586,0000000000c46080
github.com/ollama/ollama/model/models/gemma3.newImageProcessor,github.com/ollama/ollama/model/models/gemma3.newImageProcessor,ggml_ops,L6_1591,0000000000c4b820
github.com/ollama/ollama/model/models/gemma3.newTextModel,github.com/ollama/ollama/model/models/gemma3.newTextModel,ggml_ops,L6_1592,0000000000c47ea0
github.com/ollama/ollama/model/models/gemma3.newVisionModel,github.com/ollama/ollama/model/models/gemma3.newVisionModel,ggml_ops,L6_1593,0000000000c4b540
github.com/ollama/ollama/model/models/gemma3.(*TextLayer).Forward,github.com/ollama/ollama/model/models/gemma3.(*TextLayer).Forward,ggml_ops,L6_1566,0000000000c494c0
github.com/ollama/ollama/model/models/gemma3.(*TextMLP).Forward,github.com/ollama/ollama/model/models/gemma3.(*TextMLP).Forward,ggml_ops,L6_1567,0000000000c492e0
github.com/ollama/ollama/model/models/gemma3.(*TextModel).Backend,github.com/ollama/ollama/model/models/gemma3.(*TextModel).Backend,ggml_backend,L5_444,0000000000c4c720
github.com/ollama/ollama/model/models/gemma3.(*TextModel).Config,github.com/ollama/ollama/model/models/gemma3.(*TextModel).Config,ggml_ops,L6_1568,0000000000c4c760
github.com/ollama/ollama/model/models/gemma3.TextModel.Decode,github.com/ollama/ollama/model/models/gemma3.TextModel.Decode,ggml_ops,L6_1587,0000000000c4c7a0
github.com/ollama/ollama/model/models/gemma3.(*TextModel).Decode,github.com/ollama/ollama/model/models/gemma3.(*TextModel).Decode,ggml_ops,L6_1569,0000000000c4c8e0
github.com/ollama/ollama/model/models/gemma3.TextModel.Encode,github.com/ollama/ollama/model/models/gemma3.TextModel.Encode,ggml_ops,L6_1588,0000000000c4ca40
github.com/ollama/ollama/model/models/gemma3.(*TextModel).Encode,github.com/ollama/ollama/model/models/gemma3.(*TextModel).Encode,ggml_ops,L6_1570,0000000000c4cbc0
github.com/ollama/ollama/model/models/gemma3.(*TextModel).Forward,github.com/ollama/ollama/model/models/gemma3.(*TextModel).Forward,ggml_ops,L6_1571,0000000000c49940
github.com/ollama/ollama/model/models/gemma3.TextModel.Is,github.com/ollama/ollama/model/models/gemma3.TextModel.Is,ggml_ops,L6_1589,0000000000c4cd60
github.com/ollama/ollama/model/models/gemma3.(*TextModel).Is,github.com/ollama/ollama/model/models/gemma3.(*TextModel).Is,ggml_ops,L6_1572,0000000000c4cdc0
github.com/ollama/ollama/model/models/gemma3.(*TextModel).Shift,github.com/ollama/ollama/model/models/gemma3.(*TextModel).Shift,ggml_ops,L6_1573,0000000000c490e0
github.com/ollama/ollama/model/models/gemma3.(*TextModel).Shift-fm,github.com/ollama/ollama/model/models/gemma3.(*TextModel).Shift-fm,ggml_ops,L6_1574,0000000000c4dc00
github.com/ollama/ollama/model/models/gemma3.(*TextSelfAttention).Forward,github.com/ollama/ollama/model/models/gemma3.(*TextSelfAttention).Forward,ggml_ops,L6_1575,0000000000c487c0
github.com/ollama/ollama/model/models/gemma3.(*VisionEncoderLayer).Forward,github.com/ollama/ollama/model/models/gemma3.(*VisionEncoderLayer).Forward,ggml_ops,L6_1576,0000000000c4aaa0
github.com/ollama/ollama/model/models/gemma3.(*VisionMLP).Forward,github.com/ollama/ollama/model/models/gemma3.(*VisionMLP).Forward,ggml_ops,L6_1577,0000000000c4a960
github.com/ollama/ollama/model/models/gemma3.(*VisionModel).Forward,github.com/ollama/ollama/model/models/gemma3.(*VisionModel).Forward,ggml_ops,L6_1578,0000000000c4ad40
github.com/ollama/ollama/model/models/gemma3.(*VisionSelfAttention).Forward,github.com/ollama/ollama/model/models/gemma3.(*VisionSelfAttention).Forward,ggml_ops,L6_1579,0000000000c4a380
github.com/ollama/ollama/model/models/llama.init.0,github.com/ollama/ollama/model/models/llama.init.0,ggml_ops,L6_1608,0000000000c4fec0
github.com/ollama/ollama/model/models/llama.(*Layer).Forward,github.com/ollama/ollama/model/models/llama.(*Layer).Forward,ggml_ops,L6_1594,0000000000c4f3e0
github.com/ollama/ollama/model/models/llama.(*MLP).Forward,github.com/ollama/ollama/model/models/llama.(*MLP).Forward,ggml_ops,L6_1595,0000000000c4f200
github.com/ollama/ollama/model/models/llama.(*Model).Backend,github.com/ollama/ollama/model/models/llama.(*Model).Backend,ggml_backend,L5_445,0000000000c500a0
github.com/ollama/ollama/model/models/llama.(*Model).Config,github.com/ollama/ollama/model/models/llama.(*Model).Config,ggml_ops,L6_1596,0000000000c500e0
github.com/ollama/ollama/model/models/llama.(*Model).Decode,github.com/ollama/ollama/model/models/llama.(*Model).Decode,ggml_ops,L6_1597,0000000000c50260
github.com/ollama/ollama/model/models/llama.Model.Decode,github.com/ollama/ollama/model/models/llama.Model.Decode,ggml_ops,L6_1604,0000000000c50120
github.com/ollama/ollama/model/models/llama.(*Model).Encode,github.com/ollama/ollama/model/models/llama.(*Model).Encode,ggml_ops,L6_1598,0000000000c50540
github.com/ollama/ollama/model/models/llama.Model.Encode,github.com/ollama/ollama/model/models/llama.Model.Encode,ggml_ops,L6_1605,0000000000c503c0
github.com/ollama/ollama/model/models/llama.(*Model).Forward,github.com/ollama/ollama/model/models/llama.(*Model).Forward,ggml_ops,L6_1599,0000000000c4f780
github.com/ollama/ollama/model/models/llama.(*Model).Is,github.com/ollama/ollama/model/models/llama.(*Model).Is,ggml_ops,L6_1600,0000000000c50740
github.com/ollama/ollama/model/models/llama.Model.Is,github.com/ollama/ollama/model/models/llama.Model.Is,ggml_ops,L6_1606,0000000000c506e0
github.com/ollama/ollama/model/models/llama.(*Model).Shift,github.com/ollama/ollama/model/models/llama.(*Model).Shift,ggml_ops,L6_1601,0000000000c4f020
github.com/ollama/ollama/model/models/llama.(*Model).Shift-fm,github.com/ollama/ollama/model/models/llama.(*Model).Shift-fm,ggml_ops,L6_1602,0000000000c507c0
github.com/ollama/ollama/model/models/llama.New,github.com/ollama/ollama/model/models/llama.New,ggml_ops,L6_1607,0000000000c4de00
github.com/ollama/ollama/model/models/llama.(*SelfAttention).Forward,github.com/ollama/ollama/model/models/llama.(*SelfAttention).Forward,ggml_ops,L6_1603,0000000000c4e8e0
github.com/ollama/ollama/model/models/mllama.clip,github.com/ollama/ollama/model/models/mllama.clip,ggml_ops,L6_1650,0000000000c51d40
github.com/ollama/ollama/model/models/mllama.getImageSizeFitToCanvas,github.com/ollama/ollama/model/models/mllama.getImageSizeFitToCanvas,ggml_ops,L6_1651,0000000000c524c0
github.com/ollama/ollama/model/models/mllama.getOptimalTiledCanvas,github.com/ollama/ollama/model/models/mllama.getOptimalTiledCanvas,ggml_ops,L6_1652,0000000000c51da0
github.com/ollama/ollama/model/models/mllama.getSupportedAspectRatios,github.com/ollama/ollama/model/models/mllama.getSupportedAspectRatios,ggml_ops,L6_1653,0000000000c51b60
github.com/ollama/ollama/model/models/mllama.(*ImageProcessor).clip,github.com/ollama/ollama/model/models/mllama.(*ImageProcessor).clip,ggml_ops,L6_1610,0000000000c5bde0
github.com/ollama/ollama/model/models/mllama.(*ImageProcessor).fitToCanvas,github.com/ollama/ollama/model/models/mllama.(*ImageProcessor).fitToCanvas,ggml_ops,L6_1611,0000000000c5be40
github.com/ollama/ollama/model/models/mllama.(*ImageProcessor).optimalTiledCanvas,github.com/ollama/ollama/model/models/mllama.(*ImageProcessor).optimalTiledCanvas,ggml_ops,L6_1612,0000000000c5c0a0
github.com/ollama/ollama/model/models/mllama.(*ImageProcessor).pack,github.com/ollama/ollama/model/models/mllama.(*ImageProcessor).pack,ggml_ops,L6_1613,0000000000c5d0e0
github.com/ollama/ollama/model/models/mllama.(*ImageProcessor).pad,github.com/ollama/ollama/model/models/mllama.(*ImageProcessor).pad,ggml_ops,L6_1614,0000000000c5cee0
github.com/ollama/ollama/model/models/mllama.(*ImageProcessor).ProcessImage,github.com/ollama/ollama/model/models/mllama.(*ImageProcessor).ProcessImage,ggml_ops,L6_1609,0000000000c5ed20
github.com/ollama/ollama/model/models/mllama.ImageProcessor.ProcessImage,github.com/ollama/ollama/model/models/mllama.ImageProcessor.ProcessImage,ggml_ops,L6_1642,0000000000c5d8a0
github.com/ollama/ollama/model/models/mllama.(*ImageProcessor).resize,github.com/ollama/ollama/model/models/mllama.(*ImageProcessor).resize,ggml_ops,L6_1615,0000000000c5cbc0
github.com/ollama/ollama/model/models/mllama.(*ImageProcessor).splitToTiles,github.com/ollama/ollama/model/models/mllama.(*ImageProcessor).splitToTiles,ggml_ops,L6_1616,0000000000c5c7e0
github.com/ollama/ollama/model/models/mllama.(*ImageProcessor).supportedAspectRatios,github.com/ollama/ollama/model/models/mllama.(*ImageProcessor).supportedAspectRatios,ggml_ops,L6_1617,0000000000c5bbe0
github.com/ollama/ollama/model/models/mllama.init.0,github.com/ollama/ollama/model/models/mllama.init.0,ggml_ops,L6_1654,0000000000c55c80
github.com/ollama/ollama/model/models/mllama.(*Model).Backend,github.com/ollama/ollama/model/models/mllama.(*Model).Backend,ggml_backend,L5_446,0000000000c5ef00
github.com/ollama/ollama/model/models/mllama.(*Model).Config,github.com/ollama/ollama/model/models/mllama.(*Model).Config,ggml_ops,L6_1618,0000000000c5ef40
github.com/ollama/ollama/model/models/mllama.(*Model).Decode,github.com/ollama/ollama/model/models/mllama.(*Model).Decode,ggml_ops,L6_1619,0000000000c5f0a0
github.com/ollama/ollama/model/models/mllama.Model.Decode,github.com/ollama/ollama/model/models/mllama.Model.Decode,ggml_ops,L6_1643,0000000000c5ef80
github.com/ollama/ollama/model/models/mllama.(*Model).Encode,github.com/ollama/ollama/model/models/mllama.(*Model).Encode,ggml_ops,L6_1620,0000000000c5f360
github.com/ollama/ollama/model/models/mllama.Model.Encode,github.com/ollama/ollama/model/models/mllama.Model.Encode,ggml_ops,L6_1644,0000000000c5f200
github.com/ollama/ollama/model/models/mllama.(*Model).EncodeMultimodal,github.com/ollama/ollama/model/models/mllama.(*Model).EncodeMultimodal,ggml_ops,L6_1621,0000000000c54100
github.com/ollama/ollama/model/models/mllama.(*Model).Forward,github.com/ollama/ollama/model/models/mllama.(*Model).Forward,ggml_ops,L6_1622,0000000000c55620
github.com/ollama/ollama/model/models/mllama.(*Model).Is,github.com/ollama/ollama/model/models/mllama.(*Model).Is,ggml_ops,L6_1623,0000000000c5f560
github.com/ollama/ollama/model/models/mllama.Model.Is,github.com/ollama/ollama/model/models/mllama.Model.Is,ggml_ops,L6_1645,0000000000c5f500
github.com/ollama/ollama/model/models/mllama.(*Model).PostTokenize,github.com/ollama/ollama/model/models/mllama.(*Model).PostTokenize,vocab,L7_191,0000000000c54cc0
github.com/ollama/ollama/model/models/mllama.(*Model).PostTokenize.func1,github.com/ollama/ollama/model/models/mllama.(*Model).PostTokenize.func1,vocab,L7_192,0000000000c5dbe0
github.com/ollama/ollama/model/models/mllama.(*Model).ProcessImage,github.com/ollama/ollama/model/models/mllama.(*Model).ProcessImage,ggml_ops,L6_1624,0000000000c5f780
github.com/ollama/ollama/model/models/mllama.Model.ProcessImage,github.com/ollama/ollama/model/models/mllama.Model.ProcessImage,ggml_ops,L6_1646,0000000000c5f5e0
github.com/ollama/ollama/model/models/mllama.(*Model).Shift,github.com/ollama/ollama/model/models/mllama.(*Model).Shift,ggml_ops,L6_1625,0000000000c5fb00
github.com/ollama/ollama/model/models/mllama.Model.Shift,github.com/ollama/ollama/model/models/mllama.Model.Shift,ggml_ops,L6_1647,0000000000c5f940
github.com/ollama/ollama/model/models/mllama.New,github.com/ollama/ollama/model/models/mllama.New,ggml_ops,L6_1648,0000000000c537e0
github.com/ollama/ollama/model/models/mllama.newImageProcessor,github.com/ollama/ollama/model/models/mllama.newImageProcessor,ggml_ops,L6_1655,0000000000c5bae0
github.com/ollama/ollama/model/models/mllama.newTextModel,github.com/ollama/ollama/model/models/mllama.newTextModel,ggml_ops,L6_1656,0000000000c583a0
github.com/ollama/ollama/model/models/mllama.newVisionModel,github.com/ollama/ollama/model/models/mllama.newVisionModel,ggml_ops,L6_1657,0000000000c5b5e0
github.com/ollama/ollama/model/models/mllama.packImages,github.com/ollama/ollama/model/models/mllama.packImages,ggml_ops,L6_1658,0000000000c52f60
github.com/ollama/ollama/model/models/mllama.padImage,github.com/ollama/ollama/model/models/mllama.padImage,ggml_ops,L6_1659,0000000000c529c0
github.com/ollama/ollama/model/models/mllama.(*PrecomputedAspectRatioEmbedding).Forward,github.com/ollama/ollama/model/models/mllama.(*PrecomputedAspectRatioEmbedding).Forward,ggml_ops,L6_1626,0000000000c59e80
github.com/ollama/ollama/model/models/mllama.(*PrecomputedPositionEmbedding).Forward,github.com/ollama/ollama/model/models/mllama.(*PrecomputedPositionEmbedding).Forward,ggml_ops,L6_1627,0000000000c5a0e0
github.com/ollama/ollama/model/models/mllama.Preprocess,github.com/ollama/ollama/model/models/mllama.Preprocess,ggml_ops,L6_1649,0000000000c53260
github.com/ollama/ollama/model/models/mllama.resizeImage,github.com/ollama/ollama/model/models/mllama.resizeImage,ggml_ops,L6_1660,0000000000c526e0
github.com/ollama/ollama/model/models/mllama.splitToTiles,github.com/ollama/ollama/model/models/mllama.splitToTiles,ggml_ops,L6_1661,0000000000c52ba0
github.com/ollama/ollama/model/models/mllama.(*TextCrossAttentionDecoderLayer).Forward,github.com/ollama/ollama/model/models/mllama.(*TextCrossAttentionDecoderLayer).Forward,ggml_ops,L6_1629,0000000000c577e0
github.com/ollama/ollama/model/models/mllama.(*TextCrossAttention).Forward,github.com/ollama/ollama/model/models/mllama.(*TextCrossAttention).Forward,ggml_ops,L6_1628,0000000000c56c20
github.com/ollama/ollama/model/models/mllama.(*TextDecoder).Forward,github.com/ollama/ollama/model/models/mllama.(*TextDecoder).Forward,ggml_ops,L6_1630,0000000000c57be0
github.com/ollama/ollama/model/models/mllama.(*TextMLP).Forward,github.com/ollama/ollama/model/models/mllama.(*TextMLP).Forward,ggml_ops,L6_1631,0000000000c56680
github.com/ollama/ollama/model/models/mllama.(*TextModel).Forward,github.com/ollama/ollama/model/models/mllama.(*TextModel).Forward,ggml_ops,L6_1632,0000000000c58080
github.com/ollama/ollama/model/models/mllama.(*TextModel).Shift,github.com/ollama/ollama/model/models/mllama.(*TextModel).Shift,ggml_ops,L6_1633,0000000000c56400
github.com/ollama/ollama/model/models/mllama.(*TextModel).Shift-fm,github.com/ollama/ollama/model/models/mllama.(*TextModel).Shift-fm,ggml_ops,L6_1634,0000000000c5fb80
github.com/ollama/ollama/model/models/mllama.(*TextSelfAttentionDecoderLayer).Forward,github.com/ollama/ollama/model/models/mllama.(*TextSelfAttentionDecoderLayer).Forward,ggml_ops,L6_1636,0000000000c56860
github.com/ollama/ollama/model/models/mllama.(*TextSelfAttention).Forward,github.com/ollama/ollama/model/models/mllama.(*TextSelfAttention).Forward,ggml_ops,L6_1635,0000000000c55cc0
github.com/ollama/ollama/model/models/mllama.(*VisionEncoder).Forward,github.com/ollama/ollama/model/models/mllama.(*VisionEncoder).Forward,ggml_ops,L6_1637,0000000000c59980
github.com/ollama/ollama/model/models/mllama.(*VisionEncoderLayer).Forward,github.com/ollama/ollama/model/models/mllama.(*VisionEncoderLayer).Forward,ggml_ops,L6_1638,0000000000c596e0
github.com/ollama/ollama/model/models/mllama.(*VisionMLP).Forward,github.com/ollama/ollama/model/models/mllama.(*VisionMLP).Forward,ggml_ops,L6_1639,0000000000c59500
github.com/ollama/ollama/model/models/mllama.(*VisionModel).Forward,github.com/ollama/ollama/model/models/mllama.(*VisionModel).Forward,ggml_ops,L6_1640,0000000000c5a440
github.com/ollama/ollama/model/models/mllama.(*VisionSelfAttention).Forward,github.com/ollama/ollama/model/models/mllama.(*VisionSelfAttention).Forward,ggml_ops,L6_1641,0000000000c58a40
github.com/ollama/ollama/model.New,github.com/ollama/ollama/model.New,ggml_ops,L6_1521,0000000000ba19e0
github.com/ollama/ollama/model.NewBytePairEncoding,github.com/ollama/ollama/model.NewBytePairEncoding,ggml_ops,L6_1523,0000000000ba5e60
github.com/ollama/ollama/model.New.deferwrap1,github.com/ollama/ollama/model.New.deferwrap1,ggml_ops,L6_1522,0000000000ba2300
github.com/ollama/ollama/model.NewSentencePieceModel,github.com/ollama/ollama/model.NewSentencePieceModel,vocab,L7_185,0000000000ba8ea0
github.com/ollama/ollama/model.NewTextProcessor,github.com/ollama/ollama/model.NewTextProcessor,ggml_ops,L6_1524,0000000000ba2340
github.com/ollama/ollama/model.NewTextProcessor.deferwrap1,github.com/ollama/ollama/model.NewTextProcessor.deferwrap1,ggml_ops,L6_1525,0000000000ba2740
github.com/ollama/ollama/model.ParseTags,github.com/ollama/ollama/model.ParseTags,ggml_ops,L6_1526,0000000000ba46a0
github.com/ollama/ollama/model.populateFields,github.com/ollama/ollama/model.populateFields,ggml_ops,L6_1531,0000000000ba2c20
github.com/ollama/ollama/model.populateFields.func1,github.com/ollama/ollama/model.populateFields.func1,ggml_ops,L6_1532,0000000000ba3c60
github.com/ollama/ollama/model.(*queue).Len,github.com/ollama/ollama/model.(*queue).Len,ggml_ops,L6_1509,0000000000bb4000
github.com/ollama/ollama/model.queue.Len,github.com/ollama/ollama/model.queue.Len,ggml_ops,L6_1533,0000000000bac340
github.com/ollama/ollama/model.(*queue).Less,github.com/ollama/ollama/model.(*queue).Less,ggml_ops,L6_1510,0000000000bb4080
github.com/ollama/ollama/model.queue.Less,github.com/ollama/ollama/model.queue.Less,ggml_ops,L6_1534,0000000000bac380
github.com/ollama/ollama/model.(*queue).Pop,github.com/ollama/ollama/model.(*queue).Pop,ggml_ops,L6_1511,0000000000bac740
github.com/ollama/ollama/model.(*queue).Push,github.com/ollama/ollama/model.(*queue).Push,ggml_ops,L6_1512,0000000000bac620
github.com/ollama/ollama/model.(*queue).Swap,github.com/ollama/ollama/model.(*queue).Swap,ggml_ops,L6_1513,0000000000bb4120
github.com/ollama/ollama/model.queue.Swap,github.com/ollama/ollama/model.queue.Swap,ggml_ops,L6_1535,0000000000bac4e0
github.com/ollama/ollama/model.Register,github.com/ollama/ollama/model.Register,ggml_ops,L6_1527,0000000000ba18c0
github.com/ollama/ollama/model.(*SentencePieceModel).Decode,github.com/ollama/ollama/model.(*SentencePieceModel).Decode,vocab,L7_174,0000000000bb3900
github.com/ollama/ollama/model.SentencePieceModel.Decode,github.com/ollama/ollama/model.SentencePieceModel.Decode,vocab,L7_186,0000000000bac860
github.com/ollama/ollama/model.(*SentencePieceModel).Encode,github.com/ollama/ollama/model.(*SentencePieceModel).Encode,vocab,L7_175,0000000000bb3a60
github.com/ollama/ollama/model.SentencePieceModel.Encode,github.com/ollama/ollama/model.SentencePieceModel.Encode,vocab,L7_187,0000000000ba9a40
github.com/ollama/ollama/model.SentencePieceModel.Encode.func1,github.com/ollama/ollama/model.SentencePieceModel.Encode.func1,vocab,L7_188,0000000000bac020
github.com/ollama/ollama/model.(*SentencePieceModel).Is,github.com/ollama/ollama/model.(*SentencePieceModel).Is,vocab,L7_176,0000000000bb3c00
github.com/ollama/ollama/model.SentencePieceModel.Is,github.com/ollama/ollama/model.SentencePieceModel.Is,vocab,L7_189,0000000000ba99c0
github.com/ollama/ollama/model.setPointer,github.com/ollama/ollama/model.setPointer,ggml_ops,L6_1536,0000000000ba43a0
github.com/ollama/ollama/model.(*Vocabulary).Decode,github.com/ollama/ollama/model.(*Vocabulary).Decode,vocab,L7_177,0000000000ba56e0
github.com/ollama/ollama/model.(*Vocabulary).Encode,github.com/ollama/ollama/model.(*Vocabulary).Encode,vocab,L7_178,0000000000ba5460
github.com/ollama/ollama/model.(*Vocabulary).Encode.func1,github.com/ollama/ollama/model.(*Vocabulary).Encode.func1,vocab,L7_179,0000000000ba5580
github.com/ollama/ollama/model.(*Vocabulary).Is,github.com/ollama/ollama/model.(*Vocabulary).Is,vocab,L7_180,0000000000ba53c0
github.com/ollama/ollama/model.(*Vocabulary).Merge,github.com/ollama/ollama/model.(*Vocabulary).Merge,vocab,L7_181,0000000000ba5b40
github.com/ollama/ollama/model.(*Vocabulary).Merge.func1,github.com/ollama/ollama/model.(*Vocabulary).Merge.func1,vocab,L7_182,0000000000ba5d00
github.com/ollama/ollama/model.(*Vocabulary).SpecialVocabulary,github.com/ollama/ollama/model.(*Vocabulary).SpecialVocabulary,vocab,L7_183,0000000000ba5740
github.com/ollama/ollama/model.(*Vocabulary).SpecialVocabulary.func1,github.com/ollama/ollama/model.(*Vocabulary).SpecialVocabulary.func1,vocab,L7_184,0000000000ba5800
github.com/ollama/ollama/openai.(*BaseWriter).CloseNotify,github.com/ollama/ollama/openai.(*BaseWriter).CloseNotify,ggml_ops,L6_1662,00000000016b0c00
github.com/ollama/ollama/openai.BaseWriter.CloseNotify,github.com/ollama/ollama/openai.BaseWriter.CloseNotify,ggml_ops,L6_1740,00000000016b0ba0
github.com/ollama/ollama/openai.(*BaseWriter).Flush,github.com/ollama/ollama/openai.(*BaseWriter).Flush,ggml_ops,L6_1663,00000000016b0cc0
github.com/ollama/ollama/openai.BaseWriter.Flush,github.com/ollama/ollama/openai.BaseWriter.Flush,ggml_ops,L6_1741,00000000016b0c60
github.com/ollama/ollama/openai.(*BaseWriter).Header,github.com/ollama/ollama/openai.(*BaseWriter).Header,ggml_ops,L6_1664,00000000016b0d60
github.com/ollama/ollama/openai.BaseWriter.Header,github.com/ollama/ollama/openai.BaseWriter.Header,ggml_ops,L6_1742,00000000016b0d00
github.com/ollama/ollama/openai.(*BaseWriter).Hijack,github.com/ollama/ollama/openai.(*BaseWriter).Hijack,ggml_ops,L6_1665,00000000016b0ee0
github.com/ollama/ollama/openai.BaseWriter.Hijack,github.com/ollama/ollama/openai.BaseWriter.Hijack,ggml_ops,L6_1743,00000000016b0dc0
github.com/ollama/ollama/openai.(*BaseWriter).Pusher,github.com/ollama/ollama/openai.(*BaseWriter).Pusher,ggml_ops,L6_1666,00000000016b1080
github.com/ollama/ollama/openai.BaseWriter.Pusher,github.com/ollama/ollama/openai.BaseWriter.Pusher,ggml_ops,L6_1744,00000000016b1000
github.com/ollama/ollama/openai.(*BaseWriter).Size,github.com/ollama/ollama/openai.(*BaseWriter).Size,ggml_ops,L6_1667,00000000016b1140
github.com/ollama/ollama/openai.BaseWriter.Size,github.com/ollama/ollama/openai.BaseWriter.Size,ggml_ops,L6_1745,00000000016b10e0
github.com/ollama/ollama/openai.(*BaseWriter).Status,github.com/ollama/ollama/openai.(*BaseWriter).Status,ggml_ops,L6_1668,00000000016b1200
github.com/ollama/ollama/openai.BaseWriter.Status,github.com/ollama/ollama/openai.BaseWriter.Status,ggml_ops,L6_1746,00000000016b11a0
github.com/ollama/ollama/openai.(*BaseWriter).Write,github.com/ollama/ollama/openai.(*BaseWriter).Write,ggml_ops,L6_1669,00000000016b1360
github.com/ollama/ollama/openai.BaseWriter.Write,github.com/ollama/ollama/openai.BaseWriter.Write,ggml_ops,L6_1747,00000000016b1260
github.com/ollama/ollama/openai.(*BaseWriter).writeError,github.com/ollama/ollama/openai.(*BaseWriter).writeError,ggml_ops,L6_1674,00000000016ab160
github.com/ollama/ollama/openai.(*BaseWriter).WriteHeader,github.com/ollama/ollama/openai.(*BaseWriter).WriteHeader,ggml_ops,L6_1670,00000000016b14c0
github.com/ollama/ollama/openai.BaseWriter.WriteHeader,github.com/ollama/ollama/openai.BaseWriter.WriteHeader,ggml_ops,L6_1748,00000000016b1460
github.com/ollama/ollama/openai.(*BaseWriter).WriteHeaderNow,github.com/ollama/ollama/openai.(*BaseWriter).WriteHeaderNow,ggml_ops,L6_1671,00000000016b1580
github.com/ollama/ollama/openai.BaseWriter.WriteHeaderNow,github.com/ollama/ollama/openai.BaseWriter.WriteHeaderNow,ggml_ops,L6_1749,00000000016b1520
github.com/ollama/ollama/openai.(*BaseWriter).WriteString,github.com/ollama/ollama/openai.(*BaseWriter).WriteString,ggml_ops,L6_1672,00000000016b16a0
github.com/ollama/ollama/openai.BaseWriter.WriteString,github.com/ollama/ollama/openai.BaseWriter.WriteString,ggml_ops,L6_1750,00000000016b15c0
github.com/ollama/ollama/openai.(*BaseWriter).Written,github.com/ollama/ollama/openai.(*BaseWriter).Written,ggml_ops,L6_1673,00000000016b17e0
github.com/ollama/ollama/openai.BaseWriter.Written,github.com/ollama/ollama/openai.BaseWriter.Written,ggml_ops,L6_1751,00000000016b1780
github.com/ollama/ollama/openai.ChatMiddleware,github.com/ollama/ollama/openai.ChatMiddleware,ggml_ops,L6_1752,00000000016ae4c0
github.com/ollama/ollama/openai.ChatMiddleware.func1,github.com/ollama/ollama/openai.ChatMiddleware.func1,ggml_ops,L6_1753,00000000016ae500
github.com/ollama/ollama/openai.(*ChatWriter).CloseNotify,github.com/ollama/ollama/openai.(*ChatWriter).CloseNotify,ggml_ops,L6_1675,00000000016b1900
github.com/ollama/ollama/openai.ChatWriter.CloseNotify,github.com/ollama/ollama/openai.ChatWriter.CloseNotify,ggml_ops,L6_1754,00000000016b1840
github.com/ollama/ollama/openai.(*ChatWriter).Flush,github.com/ollama/ollama/openai.(*ChatWriter).Flush,ggml_ops,L6_1676,00000000016b1a00
github.com/ollama/ollama/openai.ChatWriter.Flush,github.com/ollama/ollama/openai.ChatWriter.Flush,ggml_ops,L6_1755,00000000016b1960
github.com/ollama/ollama/openai.(*ChatWriter).Header,github.com/ollama/ollama/openai.(*ChatWriter).Header,ggml_ops,L6_1677,00000000016b1b00
github.com/ollama/ollama/openai.ChatWriter.Header,github.com/ollama/ollama/openai.ChatWriter.Header,ggml_ops,L6_1756,00000000016b1a40
github.com/ollama/ollama/openai.(*ChatWriter).Hijack,github.com/ollama/ollama/openai.(*ChatWriter).Hijack,ggml_ops,L6_1678,00000000016b1ce0
github.com/ollama/ollama/openai.ChatWriter.Hijack,github.com/ollama/ollama/openai.ChatWriter.Hijack,ggml_ops,L6_1757,00000000016b1b60
github.com/ollama/ollama/openai.(*ChatWriter).Pusher,github.com/ollama/ollama/openai.(*ChatWriter).Pusher,ggml_ops,L6_1679,00000000016b1ec0
github.com/ollama/ollama/openai.ChatWriter.Pusher,github.com/ollama/ollama/openai.ChatWriter.Pusher,ggml_ops,L6_1758,00000000016b1e00
github.com/ollama/ollama/openai.(*ChatWriter).Size,github.com/ollama/ollama/openai.(*ChatWriter).Size,ggml_ops,L6_1680,00000000016b1fe0
github.com/ollama/ollama/openai.ChatWriter.Size,github.com/ollama/ollama/openai.ChatWriter.Size,ggml_ops,L6_1759,00000000016b1f20
github.com/ollama/ollama/openai.(*ChatWriter).Status,github.com/ollama/ollama/openai.(*ChatWriter).Status,ggml_ops,L6_1681,00000000016b2100
github.com/ollama/ollama/openai.ChatWriter.Status,github.com/ollama/ollama/openai.ChatWriter.Status,ggml_ops,L6_1760,00000000016b2040
github.com/ollama/ollama/openai.(*ChatWriter).Write,github.com/ollama/ollama/openai.(*ChatWriter).Write,ggml_ops,L6_1682,00000000016ac280
github.com/ollama/ollama/openai.(*ChatWriter).WriteHeader,github.com/ollama/ollama/openai.(*ChatWriter).WriteHeader,ggml_ops,L6_1683,00000000016b2220
github.com/ollama/ollama/openai.ChatWriter.WriteHeader,github.com/ollama/ollama/openai.ChatWriter.WriteHeader,ggml_ops,L6_1761,00000000016b2160
github.com/ollama/ollama/openai.(*ChatWriter).WriteHeaderNow,github.com/ollama/ollama/openai.(*ChatWriter).WriteHeaderNow,ggml_ops,L6_1684,00000000016b2320
github.com/ollama/ollama/openai.ChatWriter.WriteHeaderNow,github.com/ollama/ollama/openai.ChatWriter.WriteHeaderNow,ggml_ops,L6_1762,00000000016b2280
github.com/ollama/ollama/openai.(*ChatWriter).writeResponse,github.com/ollama/ollama/openai.(*ChatWriter).writeResponse,ggml_ops,L6_1687,00000000016ab4a0
github.com/ollama/ollama/openai.(*ChatWriter).WriteString,github.com/ollama/ollama/openai.(*ChatWriter).WriteString,ggml_ops,L6_1685,00000000016b24a0
github.com/ollama/ollama/openai.ChatWriter.WriteString,github.com/ollama/ollama/openai.ChatWriter.WriteString,ggml_ops,L6_1763,00000000016b2360
github.com/ollama/ollama/openai.(*ChatWriter).Written,github.com/ollama/ollama/openai.(*ChatWriter).Written,ggml_ops,L6_1686,00000000016b2640
github.com/ollama/ollama/openai.ChatWriter.Written,github.com/ollama/ollama/openai.ChatWriter.Written,ggml_ops,L6_1764,00000000016b2580
github.com/ollama/ollama/openai.(*CompleteWriter).CloseNotify,github.com/ollama/ollama/openai.(*CompleteWriter).CloseNotify,ggml_ops,L6_1688,00000000016b2740
github.com/ollama/ollama/openai.CompleteWriter.CloseNotify,github.com/ollama/ollama/openai.CompleteWriter.CloseNotify,ggml_ops,L6_1765,00000000016b26a0
github.com/ollama/ollama/openai.(*CompleteWriter).Flush,github.com/ollama/ollama/openai.(*CompleteWriter).Flush,ggml_ops,L6_1689,00000000016b2840
github.com/ollama/ollama/openai.CompleteWriter.Flush,github.com/ollama/ollama/openai.CompleteWriter.Flush,ggml_ops,L6_1766,00000000016b27a0
github.com/ollama/ollama/openai.(*CompleteWriter).Header,github.com/ollama/ollama/openai.(*CompleteWriter).Header,ggml_ops,L6_1690,00000000016b2920
github.com/ollama/ollama/openai.CompleteWriter.Header,github.com/ollama/ollama/openai.CompleteWriter.Header,ggml_ops,L6_1767,00000000016b2880
github.com/ollama/ollama/openai.(*CompleteWriter).Hijack,github.com/ollama/ollama/openai.(*CompleteWriter).Hijack,ggml_ops,L6_1691,00000000016b2ae0
github.com/ollama/ollama/openai.CompleteWriter.Hijack,github.com/ollama/ollama/openai.CompleteWriter.Hijack,ggml_ops,L6_1768,00000000016b2980
github.com/ollama/ollama/openai.(*CompleteWriter).Pusher,github.com/ollama/ollama/openai.(*CompleteWriter).Pusher,ggml_ops,L6_1692,00000000016b2cc0
github.com/ollama/ollama/openai.CompleteWriter.Pusher,github.com/ollama/ollama/openai.CompleteWriter.Pusher,ggml_ops,L6_1769,00000000016b2c00
github.com/ollama/ollama/openai.(*CompleteWriter).Size,github.com/ollama/ollama/openai.(*CompleteWriter).Size,ggml_ops,L6_1693,00000000016b2dc0
github.com/ollama/ollama/openai.CompleteWriter.Size,github.com/ollama/ollama/openai.CompleteWriter.Size,ggml_ops,L6_1770,00000000016b2d20
github.com/ollama/ollama/openai.(*CompleteWriter).Status,github.com/ollama/ollama/openai.(*CompleteWriter).Status,ggml_ops,L6_1694,00000000016b2ec0
github.com/ollama/ollama/openai.CompleteWriter.Status,github.com/ollama/ollama/openai.CompleteWriter.Status,ggml_ops,L6_1771,00000000016b2e20
github.com/ollama/ollama/openai.(*CompleteWriter).Write,github.com/ollama/ollama/openai.(*CompleteWriter).Write,ggml_ops,L6_1695,00000000016ad280
github.com/ollama/ollama/openai.(*CompleteWriter).WriteHeader,github.com/ollama/ollama/openai.(*CompleteWriter).WriteHeader,ggml_ops,L6_1696,00000000016b2fc0
github.com/ollama/ollama/openai.CompleteWriter.WriteHeader,github.com/ollama/ollama/openai.CompleteWriter.WriteHeader,ggml_ops,L6_1772,00000000016b2f20
github.com/ollama/ollama/openai.(*CompleteWriter).WriteHeaderNow,github.com/ollama/ollama/openai.(*CompleteWriter).WriteHeaderNow,ggml_ops,L6_1697,00000000016b30c0
github.com/ollama/ollama/openai.CompleteWriter.WriteHeaderNow,github.com/ollama/ollama/openai.CompleteWriter.WriteHeaderNow,ggml_ops,L6_1773,00000000016b3020
github.com/ollama/ollama/openai.(*CompleteWriter).writeResponse,github.com/ollama/ollama/openai.(*CompleteWriter).writeResponse,ggml_ops,L6_1700,00000000016ac440
github.com/ollama/ollama/openai.(*CompleteWriter).WriteString,github.com/ollama/ollama/openai.(*CompleteWriter).WriteString,ggml_ops,L6_1698,00000000016b3240
github.com/ollama/ollama/openai.CompleteWriter.WriteString,github.com/ollama/ollama/openai.CompleteWriter.WriteString,ggml_ops,L6_1774,00000000016b3100
github.com/ollama/ollama/openai.(*CompleteWriter).Written,github.com/ollama/ollama/openai.(*CompleteWriter).Written,ggml_ops,L6_1699,00000000016b33c0
github.com/ollama/ollama/openai.CompleteWriter.Written,github.com/ollama/ollama/openai.CompleteWriter.Written,ggml_ops,L6_1775,00000000016b3320
github.com/ollama/ollama/openai.CompletionsMiddleware,github.com/ollama/ollama/openai.CompletionsMiddleware,ggml_ops,L6_1776,00000000016ae440
github.com/ollama/ollama/openai.CompletionsMiddleware.func1,github.com/ollama/ollama/openai.CompletionsMiddleware.func1,ggml_ops,L6_1777,00000000016af6c0
github.com/ollama/ollama/openai.EmbeddingsMiddleware,github.com/ollama/ollama/openai.EmbeddingsMiddleware,ggml_ops,L6_1789,00000000016ae480
github.com/ollama/ollama/openai.EmbeddingsMiddleware.func1,github.com/ollama/ollama/openai.EmbeddingsMiddleware.func1,ggml_ops,L6_1790,00000000016aee20
github.com/ollama/ollama/openai.(*EmbedWriter).CloseNotify,github.com/ollama/ollama/openai.(*EmbedWriter).CloseNotify,ggml_ops,L6_1701,00000000016b4b40
github.com/ollama/ollama/openai.EmbedWriter.CloseNotify,github.com/ollama/ollama/openai.EmbedWriter.CloseNotify,ggml_ops,L6_1778,00000000016b4ac0
github.com/ollama/ollama/openai.(*EmbedWriter).Flush,github.com/ollama/ollama/openai.(*EmbedWriter).Flush,ggml_ops,L6_1702,00000000016b4c20
github.com/ollama/ollama/openai.EmbedWriter.Flush,github.com/ollama/ollama/openai.EmbedWriter.Flush,ggml_ops,L6_1779,00000000016b4ba0
github.com/ollama/ollama/openai.(*EmbedWriter).Header,github.com/ollama/ollama/openai.(*EmbedWriter).Header,ggml_ops,L6_1703,00000000016b4ce0
github.com/ollama/ollama/openai.EmbedWriter.Header,github.com/ollama/ollama/openai.EmbedWriter.Header,ggml_ops,L6_1780,00000000016b4c60
github.com/ollama/ollama/openai.(*EmbedWriter).Hijack,github.com/ollama/ollama/openai.(*EmbedWriter).Hijack,ggml_ops,L6_1704,00000000016b4e80
github.com/ollama/ollama/openai.EmbedWriter.Hijack,github.com/ollama/ollama/openai.EmbedWriter.Hijack,ggml_ops,L6_1781,00000000016b4d40
github.com/ollama/ollama/openai.(*EmbedWriter).Pusher,github.com/ollama/ollama/openai.(*EmbedWriter).Pusher,ggml_ops,L6_1705,00000000016b5040
github.com/ollama/ollama/openai.EmbedWriter.Pusher,github.com/ollama/ollama/openai.EmbedWriter.Pusher,ggml_ops,L6_1782,00000000016b4fa0
github.com/ollama/ollama/openai.(*EmbedWriter).Size,github.com/ollama/ollama/openai.(*EmbedWriter).Size,ggml_ops,L6_1706,00000000016b5120
github.com/ollama/ollama/openai.EmbedWriter.Size,github.com/ollama/ollama/openai.EmbedWriter.Size,ggml_ops,L6_1783,00000000016b50a0
github.com/ollama/ollama/openai.(*EmbedWriter).Status,github.com/ollama/ollama/openai.(*EmbedWriter).Status,ggml_ops,L6_1707,00000000016b5200
github.com/ollama/ollama/openai.EmbedWriter.Status,github.com/ollama/ollama/openai.EmbedWriter.Status,ggml_ops,L6_1784,00000000016b5180
github.com/ollama/ollama/openai.(*EmbedWriter).Write,github.com/ollama/ollama/openai.(*EmbedWriter).Write,ggml_ops,L6_1708,00000000016ae200
github.com/ollama/ollama/openai.(*EmbedWriter).WriteHeader,github.com/ollama/ollama/openai.(*EmbedWriter).WriteHeader,ggml_ops,L6_1709,00000000016b52e0
github.com/ollama/ollama/openai.EmbedWriter.WriteHeader,github.com/ollama/ollama/openai.EmbedWriter.WriteHeader,ggml_ops,L6_1785,00000000016b5260
github.com/ollama/ollama/openai.(*EmbedWriter).WriteHeaderNow,github.com/ollama/ollama/openai.(*EmbedWriter).WriteHeaderNow,ggml_ops,L6_1710,00000000016b53c0
github.com/ollama/ollama/openai.EmbedWriter.WriteHeaderNow,github.com/ollama/ollama/openai.EmbedWriter.WriteHeaderNow,ggml_ops,L6_1786,00000000016b5340
github.com/ollama/ollama/openai.(*EmbedWriter).writeResponse,github.com/ollama/ollama/openai.(*EmbedWriter).writeResponse,ggml_ops,L6_1713,00000000016ade80
github.com/ollama/ollama/openai.(*EmbedWriter).WriteString,github.com/ollama/ollama/openai.(*EmbedWriter).WriteString,ggml_ops,L6_1711,00000000016b5500
github.com/ollama/ollama/openai.EmbedWriter.WriteString,github.com/ollama/ollama/openai.EmbedWriter.WriteString,ggml_ops,L6_1787,00000000016b5400
github.com/ollama/ollama/openai.(*EmbedWriter).Written,github.com/ollama/ollama/openai.(*EmbedWriter).Written,ggml_ops,L6_1712,00000000016b5660
github.com/ollama/ollama/openai.EmbedWriter.Written,github.com/ollama/ollama/openai.EmbedWriter.Written,ggml_ops,L6_1788,00000000016b55e0
github.com/ollama/ollama/openai.fromChatRequest,github.com/ollama/ollama/openai.fromChatRequest,ggml_ops,L6_1818,00000000016a7d60
github.com/ollama/ollama/openai.fromCompleteRequest,github.com/ollama/ollama/openai.fromCompleteRequest,ggml_ops,L6_1819,00000000016aa480
github.com/ollama/ollama/openai.ListMiddleware,github.com/ollama/ollama/openai.ListMiddleware,ggml_ops,L6_1791,00000000016ae3c0
github.com/ollama/ollama/openai.ListMiddleware.func1,github.com/ollama/ollama/openai.ListMiddleware.func1,ggml_ops,L6_1792,00000000016b0440
github.com/ollama/ollama/openai.(*ListWriter).CloseNotify,github.com/ollama/ollama/openai.(*ListWriter).CloseNotify,ggml_ops,L6_1714,00000000016b3480
github.com/ollama/ollama/openai.ListWriter.CloseNotify,github.com/ollama/ollama/openai.ListWriter.CloseNotify,ggml_ops,L6_1793,00000000016b3420
github.com/ollama/ollama/openai.(*ListWriter).Flush,github.com/ollama/ollama/openai.(*ListWriter).Flush,ggml_ops,L6_1715,00000000016b3540
github.com/ollama/ollama/openai.ListWriter.Flush,github.com/ollama/ollama/openai.ListWriter.Flush,ggml_ops,L6_1794,00000000016b34e0
github.com/ollama/ollama/openai.(*ListWriter).Header,github.com/ollama/ollama/openai.(*ListWriter).Header,ggml_ops,L6_1716,00000000016b35e0
github.com/ollama/ollama/openai.ListWriter.Header,github.com/ollama/ollama/openai.ListWriter.Header,ggml_ops,L6_1795,00000000016b3580
github.com/ollama/ollama/openai.(*ListWriter).Hijack,github.com/ollama/ollama/openai.(*ListWriter).Hijack,ggml_ops,L6_1717,00000000016b3760
github.com/ollama/ollama/openai.ListWriter.Hijack,github.com/ollama/ollama/openai.ListWriter.Hijack,ggml_ops,L6_1796,00000000016b3640
github.com/ollama/ollama/openai.(*ListWriter).Pusher,github.com/ollama/ollama/openai.(*ListWriter).Pusher,ggml_ops,L6_1718,00000000016b3900
github.com/ollama/ollama/openai.ListWriter.Pusher,github.com/ollama/ollama/openai.ListWriter.Pusher,ggml_ops,L6_1797,00000000016b3880
github.com/ollama/ollama/openai.(*ListWriter).Size,github.com/ollama/ollama/openai.(*ListWriter).Size,ggml_ops,L6_1719,00000000016b39c0
github.com/ollama/ollama/openai.ListWriter.Size,github.com/ollama/ollama/openai.ListWriter.Size,ggml_ops,L6_1798,00000000016b3960
github.com/ollama/ollama/openai.(*ListWriter).Status,github.com/ollama/ollama/openai.(*ListWriter).Status,ggml_ops,L6_1720,00000000016b3a80
github.com/ollama/ollama/openai.ListWriter.Status,github.com/ollama/ollama/openai.ListWriter.Status,ggml_ops,L6_1799,00000000016b3a20
github.com/ollama/ollama/openai.(*ListWriter).Write,github.com/ollama/ollama/openai.(*ListWriter).Write,ggml_ops,L6_1721,00000000016ad720
github.com/ollama/ollama/openai.(*ListWriter).WriteHeader,github.com/ollama/ollama/openai.(*ListWriter).WriteHeader,ggml_ops,L6_1722,00000000016b3b40
github.com/ollama/ollama/openai.ListWriter.WriteHeader,github.com/ollama/ollama/openai.ListWriter.WriteHeader,ggml_ops,L6_1800,00000000016b3ae0
github.com/ollama/ollama/openai.(*ListWriter).WriteHeaderNow,github.com/ollama/ollama/openai.(*ListWriter).WriteHeaderNow,ggml_ops,L6_1723,00000000016b3c00
github.com/ollama/ollama/openai.ListWriter.WriteHeaderNow,github.com/ollama/ollama/openai.ListWriter.WriteHeaderNow,ggml_ops,L6_1801,00000000016b3ba0
github.com/ollama/ollama/openai.(*ListWriter).writeResponse,github.com/ollama/ollama/openai.(*ListWriter).writeResponse,ggml_ops,L6_1726,00000000016ad440
github.com/ollama/ollama/openai.(*ListWriter).WriteString,github.com/ollama/ollama/openai.(*ListWriter).WriteString,ggml_ops,L6_1724,00000000016b3d20
github.com/ollama/ollama/openai.ListWriter.WriteString,github.com/ollama/ollama/openai.ListWriter.WriteString,ggml_ops,L6_1802,00000000016b3c40
github.com/ollama/ollama/openai.(*ListWriter).Written,github.com/ollama/ollama/openai.(*ListWriter).Written,ggml_ops,L6_1725,00000000016b3e60
github.com/ollama/ollama/openai.ListWriter.Written,github.com/ollama/ollama/openai.ListWriter.Written,ggml_ops,L6_1803,00000000016b3e00
github.com/ollama/ollama/openai.NewError,github.com/ollama/ollama/openai.NewError,ggml_ops,L6_1804,00000000016a5cc0
github.com/ollama/ollama/openai.RetrieveMiddleware,github.com/ollama/ollama/openai.RetrieveMiddleware,ggml_ops,L6_1805,00000000016ae400
github.com/ollama/ollama/openai.RetrieveMiddleware.func1,github.com/ollama/ollama/openai.RetrieveMiddleware.func1,ggml_ops,L6_1806,00000000016b0080
github.com/ollama/ollama/openai.(*RetrieveWriter).CloseNotify,github.com/ollama/ollama/openai.(*RetrieveWriter).CloseNotify,ggml_ops,L6_1727,00000000016b3f40
github.com/ollama/ollama/openai.RetrieveWriter.CloseNotify,github.com/ollama/ollama/openai.RetrieveWriter.CloseNotify,ggml_ops,L6_1807,00000000016b3ec0
github.com/ollama/ollama/openai.(*RetrieveWriter).Flush,github.com/ollama/ollama/openai.(*RetrieveWriter).Flush,ggml_ops,L6_1728,00000000016b4020
github.com/ollama/ollama/openai.RetrieveWriter.Flush,github.com/ollama/ollama/openai.RetrieveWriter.Flush,ggml_ops,L6_1808,00000000016b3fa0
github.com/ollama/ollama/openai.(*RetrieveWriter).Header,github.com/ollama/ollama/openai.(*RetrieveWriter).Header,ggml_ops,L6_1729,00000000016b40e0
github.com/ollama/ollama/openai.RetrieveWriter.Header,github.com/ollama/ollama/openai.RetrieveWriter.Header,ggml_ops,L6_1809,00000000016b4060
github.com/ollama/ollama/openai.(*RetrieveWriter).Hijack,github.com/ollama/ollama/openai.(*RetrieveWriter).Hijack,ggml_ops,L6_1730,00000000016b4280
github.com/ollama/ollama/openai.RetrieveWriter.Hijack,github.com/ollama/ollama/openai.RetrieveWriter.Hijack,ggml_ops,L6_1810,00000000016b4140
github.com/ollama/ollama/openai.(*RetrieveWriter).Pusher,github.com/ollama/ollama/openai.(*RetrieveWriter).Pusher,ggml_ops,L6_1731,00000000016b4440
github.com/ollama/ollama/openai.RetrieveWriter.Pusher,github.com/ollama/ollama/openai.RetrieveWriter.Pusher,ggml_ops,L6_1811,00000000016b43a0
github.com/ollama/ollama/openai.(*RetrieveWriter).Size,github.com/ollama/ollama/openai.(*RetrieveWriter).Size,ggml_ops,L6_1732,00000000016b4520
github.com/ollama/ollama/openai.RetrieveWriter.Size,github.com/ollama/ollama/openai.RetrieveWriter.Size,ggml_ops,L6_1812,00000000016b44a0
github.com/ollama/ollama/openai.(*RetrieveWriter).Status,github.com/ollama/ollama/openai.(*RetrieveWriter).Status,ggml_ops,L6_1733,00000000016b4600
github.com/ollama/ollama/openai.RetrieveWriter.Status,github.com/ollama/ollama/openai.RetrieveWriter.Status,ggml_ops,L6_1813,00000000016b4580
github.com/ollama/ollama/openai.(*RetrieveWriter).Write,github.com/ollama/ollama/openai.(*RetrieveWriter).Write,ggml_ops,L6_1734,00000000016adcc0
github.com/ollama/ollama/openai.(*RetrieveWriter).WriteHeader,github.com/ollama/ollama/openai.(*RetrieveWriter).WriteHeader,ggml_ops,L6_1735,00000000016b46e0
github.com/ollama/ollama/openai.RetrieveWriter.WriteHeader,github.com/ollama/ollama/openai.RetrieveWriter.WriteHeader,ggml_ops,L6_1814,00000000016b4660
github.com/ollama/ollama/openai.(*RetrieveWriter).WriteHeaderNow,github.com/ollama/ollama/openai.(*RetrieveWriter).WriteHeaderNow,ggml_ops,L6_1736,00000000016b47c0
github.com/ollama/ollama/openai.RetrieveWriter.WriteHeaderNow,github.com/ollama/ollama/openai.RetrieveWriter.WriteHeaderNow,ggml_ops,L6_1815,00000000016b4740
github.com/ollama/ollama/openai.(*RetrieveWriter).writeResponse,github.com/ollama/ollama/openai.(*RetrieveWriter).writeResponse,ggml_ops,L6_1739,00000000016ad8e0
github.com/ollama/ollama/openai.(*RetrieveWriter).WriteString,github.com/ollama/ollama/openai.(*RetrieveWriter).WriteString,ggml_ops,L6_1737,00000000016b4900
github.com/ollama/ollama/openai.RetrieveWriter.WriteString,github.com/ollama/ollama/openai.RetrieveWriter.WriteString,ggml_ops,L6_1816,00000000016b4800
github.com/ollama/ollama/openai.(*RetrieveWriter).Written,github.com/ollama/ollama/openai.(*RetrieveWriter).Written,ggml_ops,L6_1738,00000000016b4a60
github.com/ollama/ollama/openai.RetrieveWriter.Written,github.com/ollama/ollama/openai.RetrieveWriter.Written,ggml_ops,L6_1817,00000000016b49e0
github.com/ollama/ollama/openai.toChatCompletion,github.com/ollama/ollama/openai.toChatCompletion,ggml_ops,L6_1820,00000000016a6520
github.com/ollama/ollama/openai.toChatCompletion.func1,github.com/ollama/ollama/openai.toChatCompletion.func1,ggml_ops,L6_1821,00000000016a6900
github.com/ollama/ollama/openai.toChunk,github.com/ollama/ollama/openai.toChunk,ggml_ops,L6_1822,00000000016a6a40
github.com/ollama/ollama/openai.toChunk.func1,github.com/ollama/ollama/openai.toChunk.func1,ggml_ops,L6_1823,00000000016a6d40
github.com/ollama/ollama/openai.toCompleteChunk,github.com/ollama/ollama/openai.toCompleteChunk,ggml_ops,L6_1824,00000000016a71e0
github.com/ollama/ollama/openai.toCompleteChunk.func1,github.com/ollama/ollama/openai.toCompleteChunk.func1,ggml_ops,L6_1825,00000000016b0520
github.com/ollama/ollama/openai.toCompletion,github.com/ollama/ollama/openai.toCompletion,ggml_ops,L6_1826,00000000016a6ea0
github.com/ollama/ollama/openai.toCompletion.func1,github.com/ollama/ollama/openai.toCompletion.func1,ggml_ops,L6_1827,00000000016b0600
github.com/ollama/ollama/openai.toEmbeddingList,github.com/ollama/ollama/openai.toEmbeddingList,ggml_ops,L6_1828,00000000016a7820
github.com/ollama/ollama/openai.toListCompletion,github.com/ollama/ollama/openai.toListCompletion,ggml_ops,L6_1829,00000000016a7400
github.com/ollama/ollama/openai.toModel,github.com/ollama/ollama/openai.toModel,ggml_ops,L6_1830,00000000016a7bc0
github.com/ollama/ollama/openai.toolCallId,github.com/ollama/ollama/openai.toolCallId,ggml_ops,L6_1834,00000000016a5e20
github.com/ollama/ollama/openai.toToolCalls,github.com/ollama/ollama/openai.toToolCalls,ggml_ops,L6_1831,00000000016a5f80
github.com/ollama/ollama/openai.toUsage,github.com/ollama/ollama/openai.toUsage,ggml_ops,L6_1832,00000000016a5dc0
github.com/ollama/ollama/openai.toUsageGenerate,github.com/ollama/ollama/openai.toUsageGenerate,ggml_ops,L6_1833,00000000016a6e40
github.com/ollama/ollama/parser.Command.String,github.com/ollama/ollama/parser.Command.String,ggml_ops,L6_1836,0000000000a98760
github.com/ollama/ollama/parser.digestForFile,github.com/ollama/ollama/parser.digestForFile,ggml_ops,L6_1840,0000000000a95ae0
github.com/ollama/ollama/parser.digestForFile.deferwrap1,github.com/ollama/ollama/parser.digestForFile.deferwrap1,ggml_ops,L6_1841,0000000000a96060
github.com/ollama/ollama/parser.expandPath,github.com/ollama/ollama/parser.expandPath,ggml_ops,L6_1842,0000000000a9ca20
github.com/ollama/ollama/parser.expandPathImpl,github.com/ollama/ollama/parser.expandPathImpl,ggml_ops,L6_1843,0000000000a9bf80
github.com/ollama/ollama/parser.fileDigestMap,github.com/ollama/ollama/parser.fileDigestMap,ggml_ops,L6_1844,0000000000a955a0
github.com/ollama/ollama/parser.filesForModel,github.com/ollama/ollama/parser.filesForModel,ggml_ops,L6_1845,0000000000a960a0
github.com/ollama/ollama/parser.filesForModel.func1,github.com/ollama/ollama/parser.filesForModel.func1,ggml_ops,L6_1846,0000000000a9cb60
github.com/ollama/ollama/parser.filesForModel.func1.deferwrap1,github.com/ollama/ollama/parser.filesForModel.func1.deferwrap1,ggml_ops,L6_1847,0000000000a9d040
github.com/ollama/ollama/parser.filesForModel.func2,github.com/ollama/ollama/parser.filesForModel.func2,ggml_ops,L6_1848,0000000000a98200
github.com/ollama/ollama/parser.init,github.com/ollama/ollama/parser.init,ggml_ops,L6_1849,0000000000a935e0
github.com/ollama/ollama/parser.isAlpha,github.com/ollama/ollama/parser.isAlpha,ggml_ops,L6_1850,0000000000a9b440
github.com/ollama/ollama/parser.isNewline,github.com/ollama/ollama/parser.isNewline,ggml_ops,L6_1851,0000000000a9b540
github.com/ollama/ollama/parser.isNumber,github.com/ollama/ollama/parser.isNumber,ggml_ops,L6_1852,0000000000a9b4c0
github.com/ollama/ollama/parser.isSpace,github.com/ollama/ollama/parser.isSpace,ggml_ops,L6_1853,0000000000a9b500
github.com/ollama/ollama/parser.isValidCommand,github.com/ollama/ollama/parser.isValidCommand,ggml_ops,L6_1854,0000000000a9b880
github.com/ollama/ollama/parser.isValidMessageRole,github.com/ollama/ollama/parser.isValidMessageRole,ggml_ops,L6_1855,0000000000a9b580
github.com/ollama/ollama/parser.Modelfile.CreateRequest,github.com/ollama/ollama/parser.Modelfile.CreateRequest,ggml_ops,L6_1837,0000000000a93980
github.com/ollama/ollama/parser.Modelfile.String,github.com/ollama/ollama/parser.Modelfile.String,ggml_ops,L6_1838,0000000000a93720
github.com/ollama/ollama/parser.ParseFile,github.com/ollama/ollama/parser.ParseFile,ggml_ops,L6_1839,0000000000a995a0
github.com/ollama/ollama/parser.(*ParserError).Error,github.com/ollama/ollama/parser.(*ParserError).Error,ggml_ops,L6_1835,0000000000a99400
github.com/ollama/ollama/parser.parseRuneForState,github.com/ollama/ollama/parser.parseRuneForState,ggml_ops,L6_1856,0000000000a9a9c0
github.com/ollama/ollama/parser.quote,github.com/ollama/ollama/parser.quote,ggml_ops,L6_1857,0000000000a9af00
github.com/ollama/ollama/parser.unquote,github.com/ollama/ollama/parser.unquote,ggml_ops,L6_1858,0000000000a9b0a0
github.com/ollama/ollama/progress.(*Bar).percent,github.com/ollama/ollama/progress.(*Bar).percent,ggml_ops,L6_1861,0000000000a9e680
github.com/ollama/ollama/progress.(*Bar).rate,github.com/ollama/ollama/progress.(*Bar).rate,ggml_ops,L6_1862,0000000000a9e700
github.com/ollama/ollama/progress.(*Bar).Set,github.com/ollama/ollama/progress.(*Bar).Set,ggml_ops,L6_1859,0000000000a9e2e0
github.com/ollama/ollama/progress.(*Bar).String,github.com/ollama/ollama/progress.(*Bar).String,ggml_ops,L6_1860,0000000000a9d720
github.com/ollama/ollama/progress.formatDuration,github.com/ollama/ollama/progress.formatDuration,ggml_ops,L6_1885,0000000000a9d4e0
github.com/ollama/ollama/progress.NewBar,github.com/ollama/ollama/progress.NewBar,ggml_ops,L6_1880,0000000000a9d260
github.com/ollama/ollama/progress.NewProgress,github.com/ollama/ollama/progress.NewProgress,ggml_ops,L6_1881,0000000000a9eba0
github.com/ollama/ollama/progress.NewProgress.gowrap1,github.com/ollama/ollama/progress.NewProgress.gowrap1,ggml_ops,L6_1882,0000000000a9ece0
github.com/ollama/ollama/progress.NewSpinner,github.com/ollama/ollama/progress.NewSpinner,ggml_ops,L6_1883,0000000000aa01c0
github.com/ollama/ollama/progress.NewSpinner.gowrap1,github.com/ollama/ollama/progress.NewSpinner.gowrap1,ggml_ops,L6_1884,0000000000aa05e0
github.com/ollama/ollama/progress.(*Progress).Add,github.com/ollama/ollama/progress.(*Progress).Add,ggml_ops,L6_1863,0000000000a9f4a0
github.com/ollama/ollama/progress.(*Progress).Add.deferwrap1,github.com/ollama/ollama/progress.(*Progress).Add.deferwrap1,ggml_ops,L6_1864,0000000000a9f660
github.com/ollama/ollama/progress.(*Progress).render,github.com/ollama/ollama/progress.(*Progress).render,ggml_ops,L6_1869,0000000000a9f6a0
github.com/ollama/ollama/progress.(*Progress).render.deferwrap1,github.com/ollama/ollama/progress.(*Progress).render.deferwrap1,ggml_ops,L6_1870,0000000000aa00a0
github.com/ollama/ollama/progress.(*Progress).render.deferwrap2,github.com/ollama/ollama/progress.(*Progress).render.deferwrap2,ggml_ops,L6_1871,0000000000aa0060
github.com/ollama/ollama/progress.(*Progress).render.deferwrap3,github.com/ollama/ollama/progress.(*Progress).render.deferwrap3,ggml_ops,L6_1872,0000000000a9ffc0
github.com/ollama/ollama/progress.(*Progress).render.deferwrap4,github.com/ollama/ollama/progress.(*Progress).render.deferwrap4,ggml_ops,L6_1873,0000000000a9ff20
github.com/ollama/ollama/progress.(*Progress).start,github.com/ollama/ollama/progress.(*Progress).start,ggml_ops,L6_1874,0000000000aa00e0
github.com/ollama/ollama/progress.(*Progress).stop,github.com/ollama/ollama/progress.(*Progress).stop,ggml_ops,L6_1875,0000000000a9ed20
github.com/ollama/ollama/progress.(*Progress).Stop,github.com/ollama/ollama/progress.(*Progress).Stop,ggml_ops,L6_1865,0000000000a9eec0
github.com/ollama/ollama/progress.(*Progress).StopAndClear,github.com/ollama/ollama/progress.(*Progress).StopAndClear,ggml_ops,L6_1866,0000000000a9efc0
github.com/ollama/ollama/progress.(*Progress).StopAndClear.deferwrap1,github.com/ollama/ollama/progress.(*Progress).StopAndClear.deferwrap1,ggml_ops,L6_1867,0000000000a9f460
github.com/ollama/ollama/progress.(*Progress).StopAndClear.deferwrap2,github.com/ollama/ollama/progress.(*Progress).StopAndClear.deferwrap2,ggml_ops,L6_1868,0000000000a9f3c0
github.com/ollama/ollama/progress.repeat,github.com/ollama/ollama/progress.repeat,ggml_ops,L6_1886,0000000000a9eb00
github.com/ollama/ollama/progress.(*Spinner).SetMessage,github.com/ollama/ollama/progress.(*Spinner).SetMessage,ggml_ops,L6_1876,0000000000aa0620
github.com/ollama/ollama/progress.(*Spinner).start,github.com/ollama/ollama/progress.(*Spinner).start,ggml_ops,L6_1879,0000000000aa0ac0
github.com/ollama/ollama/progress.(*Spinner).Stop,github.com/ollama/ollama/progress.(*Spinner).Stop,ggml_ops,L6_1877,0000000000aa0c20
github.com/ollama/ollama/progress.(*Spinner).String,github.com/ollama/ollama/progress.(*Spinner).String,ggml_ops,L6_1878,0000000000aa06a0
github.com/ollama/ollama/readline.(*Buffer).Add,github.com/ollama/ollama/readline.(*Buffer).Add,memory,L8_006,0000000001733840
github.com/ollama/ollama/readline.(*Buffer).AddChar,github.com/ollama/ollama/readline.(*Buffer).AddChar,memory,L8_007,00000000017338e0
github.com/ollama/ollama/readline.(*Buffer).ClearScreen,github.com/ollama/ollama/readline.(*Buffer).ClearScreen,memory,L8_008,0000000001736b20
github.com/ollama/ollama/readline.(*Buffer).countRemainingLineWidth,github.com/ollama/ollama/readline.(*Buffer).countRemainingLineWidth,memory,L8_027,00000000017342a0
github.com/ollama/ollama/readline.(*Buffer).Delete,github.com/ollama/ollama/readline.(*Buffer).Delete,memory,L8_009,0000000001736460
github.com/ollama/ollama/readline.(*Buffer).DeleteBefore,github.com/ollama/ollama/readline.(*Buffer).DeleteBefore,memory,L8_010,00000000017368a0
github.com/ollama/ollama/readline.(*Buffer).DeleteRemaining,github.com/ollama/ollama/readline.(*Buffer).DeleteRemaining,memory,L8_011,0000000001736920
github.com/ollama/ollama/readline.(*Buffer).DeleteWord,github.com/ollama/ollama/readline.(*Buffer).DeleteWord,memory,L8_012,0000000001736a00
github.com/ollama/ollama/readline.(*Buffer).DisplaySize,github.com/ollama/ollama/readline.(*Buffer).DisplaySize,memory,L8_013,0000000001733740
github.com/ollama/ollama/readline.(*Buffer).drawRemaining,github.com/ollama/ollama/readline.(*Buffer).drawRemaining,memory,L8_028,00000000017343e0
github.com/ollama/ollama/readline.(*Buffer).GetLineSpacing,github.com/ollama/ollama/readline.(*Buffer).GetLineSpacing,memory,L8_014,0000000001732120
github.com/ollama/ollama/readline.(*Buffer).IsEmpty,github.com/ollama/ollama/readline.(*Buffer).IsEmpty,memory,L8_015,00000000017372c0
github.com/ollama/ollama/readline.(*Buffer).MoveLeft,github.com/ollama/ollama/readline.(*Buffer).MoveLeft,memory,L8_016,00000000017321a0
github.com/ollama/ollama/readline.(*Buffer).MoveLeftWord,github.com/ollama/ollama/readline.(*Buffer).MoveLeftWord,memory,L8_017,00000000017326a0
github.com/ollama/ollama/readline.(*Buffer).MoveRight,github.com/ollama/ollama/readline.(*Buffer).MoveRight,memory,L8_018,0000000001732780
github.com/ollama/ollama/readline.(*Buffer).MoveRightWord,github.com/ollama/ollama/readline.(*Buffer).MoveRightWord,memory,L8_019,0000000001732f00
github.com/ollama/ollama/readline.(*Buffer).MoveToEnd,github.com/ollama/ollama/readline.(*Buffer).MoveToEnd,memory,L8_020,00000000017332c0
github.com/ollama/ollama/readline.(*Buffer).MoveToStart,github.com/ollama/ollama/readline.(*Buffer).MoveToStart,memory,L8_021,0000000001733020
github.com/ollama/ollama/readline.(*Buffer).Remove,github.com/ollama/ollama/readline.(*Buffer).Remove,memory,L8_022,0000000001735460
github.com/ollama/ollama/readline.(*Buffer).Replace,github.com/ollama/ollama/readline.(*Buffer).Replace,memory,L8_023,0000000001737320
github.com/ollama/ollama/readline.(*Buffer).String,github.com/ollama/ollama/readline.(*Buffer).String,memory,L8_024,0000000001737700
github.com/ollama/ollama/readline.(*Buffer).StringN,github.com/ollama/ollama/readline.(*Buffer).StringN,memory,L8_025,0000000001737760
github.com/ollama/ollama/readline.(*Buffer).StringNM,github.com/ollama/ollama/readline.(*Buffer).StringNM,memory,L8_026,00000000017377e0
github.com/ollama/ollama/readline.CursorDownN,github.com/ollama/ollama/readline.CursorDownN,ggml_ops,L6_1906,000000000173af40
github.com/ollama/ollama/readline.CursorLeftN,github.com/ollama/ollama/readline.CursorLeftN,ggml_ops,L6_1907,000000000173b040
github.com/ollama/ollama/readline.CursorRightN,github.com/ollama/ollama/readline.CursorRightN,ggml_ops,L6_1908,000000000173afc0
github.com/ollama/ollama/readline.CursorUpN,github.com/ollama/ollama/readline.CursorUpN,ggml_ops,L6_1909,000000000173aec0
github.com/ollama/ollama/readline.getTermios,github.com/ollama/ollama/readline.getTermios,ggml_ops,L6_1916,000000000173ac80
github.com/ollama/ollama/readline.handleCharCtrlZ,github.com/ollama/ollama/readline.handleCharCtrlZ,ggml_ops,L6_1917,000000000173a900
github.com/ollama/ollama/readline.(*History).Add,github.com/ollama/ollama/readline.(*History).Add,ggml_ops,L6_1887,00000000017380e0
github.com/ollama/ollama/readline.(*History).Compact,github.com/ollama/ollama/readline.(*History).Compact,ggml_ops,L6_1888,0000000001738200
github.com/ollama/ollama/readline.(*History).Init,github.com/ollama/ollama/readline.(*History).Init,ggml_ops,L6_1889,0000000001737aa0
github.com/ollama/ollama/readline.(*History).Init.deferwrap1,github.com/ollama/ollama/readline.(*History).Init.deferwrap1,ggml_ops,L6_1890,00000000017380a0
github.com/ollama/ollama/readline.(*History).Next,github.com/ollama/ollama/readline.(*History).Next,ggml_ops,L6_1891,00000000017383a0
github.com/ollama/ollama/readline.(*History).Prev,github.com/ollama/ollama/readline.(*History).Prev,ggml_ops,L6_1892,00000000017382c0
github.com/ollama/ollama/readline.(*History).Save,github.com/ollama/ollama/readline.(*History).Save,ggml_ops,L6_1893,0000000001738520
github.com/ollama/ollama/readline.(*History).Save.deferwrap1,github.com/ollama/ollama/readline.(*History).Save.deferwrap1,ggml_ops,L6_1894,00000000017389c0
github.com/ollama/ollama/readline.(*History).Size,github.com/ollama/ollama/readline.(*History).Size,ggml_ops,L6_1895,00000000017384c0
github.com/ollama/ollama/readline.init,github.com/ollama/ollama/readline.init,ggml_ops,L6_1918,0000000001731d20
github.com/ollama/ollama/readline.(*Instance).HistoryDisable,github.com/ollama/ollama/readline.(*Instance).HistoryDisable,ggml_ops,L6_1896,000000000173a180
github.com/ollama/ollama/readline.(*Instance).HistoryEnable,github.com/ollama/ollama/readline.(*Instance).HistoryEnable,ggml_ops,L6_1897,000000000173a160
github.com/ollama/ollama/readline.(*Instance).historyNext,github.com/ollama/ollama/readline.(*Instance).historyNext,ggml_ops,L6_1900,000000000173a340
github.com/ollama/ollama/readline.(*Instance).historyPrev,github.com/ollama/ollama/readline.(*Instance).historyPrev,ggml_ops,L6_1901,000000000173a1a0
github.com/ollama/ollama/readline.(*Instance).Readline,github.com/ollama/ollama/readline.(*Instance).Readline,ggml_ops,L6_1898,0000000001738e80
github.com/ollama/ollama/readline.(*Instance).Readline.func1,github.com/ollama/ollama/readline.(*Instance).Readline.func1,ggml_ops,L6_1899,000000000173a0e0
github.com/ollama/ollama/readline.New,github.com/ollama/ollama/readline.New,ggml_ops,L6_1910,0000000001738ac0
github.com/ollama/ollama/readline.NewBuffer,github.com/ollama/ollama/readline.NewBuffer,memory,L8_029,0000000001731e80
github.com/ollama/ollama/readline.NewHistory,github.com/ollama/ollama/readline.NewHistory,ggml_ops,L6_1911,0000000001737940
github.com/ollama/ollama/readline.NewTerminal,github.com/ollama/ollama/readline.NewTerminal,ggml_ops,L6_1912,000000000173a4e0
github.com/ollama/ollama/readline.NewTerminal.gowrap1,github.com/ollama/ollama/readline.NewTerminal.gowrap1,ggml_ops,L6_1913,000000000173a700
github.com/ollama/ollama/readline.(*Prompt).placeholder,github.com/ollama/ollama/readline.(*Prompt).placeholder,ggml_ops,L6_1902,0000000001738a60
github.com/ollama/ollama/readline.(*Prompt).prompt,github.com/ollama/ollama/readline.(*Prompt).prompt,ggml_ops,L6_1903,0000000001738a00
github.com/ollama/ollama/readline.SetRawMode,github.com/ollama/ollama/readline.SetRawMode,ggml_ops,L6_1914,000000000173aa20
github.com/ollama/ollama/readline.setTermios,github.com/ollama/ollama/readline.setTermios,ggml_ops,L6_1919,000000000173adc0
github.com/ollama/ollama/readline.(*Terminal).ioloop,github.com/ollama/ollama/readline.(*Terminal).ioloop,ggml_ops,L6_1905,000000000173a740
github.com/ollama/ollama/readline.(*Terminal).Read,github.com/ollama/ollama/readline.(*Terminal).Read,ggml_ops,L6_1904,000000000173a840
github.com/ollama/ollama/readline.UnsetRawMode,github.com/ollama/ollama/readline.UnsetRawMode,ggml_ops,L6_1915,000000000173abe0
github.com/ollama/ollama/runner/common.ContainsStopSuffix,github.com/ollama/ollama/runner/common.ContainsStopSuffix,ggml_ops,L6_1921,0000000000bc80a0
github.com/ollama/ollama/runner/common.FindStop,github.com/ollama/ollama/runner/common.FindStop,ggml_ops,L6_1922,0000000000bc7f20
github.com/ollama/ollama/runner/common.IncompleteUnicode,github.com/ollama/ollama/runner/common.IncompleteUnicode,ggml_ops,L6_1923,0000000000bc8740
github.com/ollama/ollama/runner/common.TruncateStop,github.com/ollama/ollama/runner/common.TruncateStop,ggml_ops,L6_1924,0000000000bc8240
github.com/ollama/ollama/runner.Execute,github.com/ollama/ollama/runner.Execute,ggml_ops,L6_1920,0000000000c6c020
github.com/ollama/ollama/runner/llamarunner.countCommonPrefix,github.com/ollama/ollama/runner/llamarunner.countCommonPrefix,ggml_ops,L6_1967,0000000000bca480
github.com/ollama/ollama/runner/llamarunner.(*ErrReprocessInputs).Error,github.com/ollama/ollama/runner/llamarunner.(*ErrReprocessInputs).Error,ggml_ops,L6_1925,0000000000bca6e0
github.com/ollama/ollama/runner/llamarunner.Execute,github.com/ollama/ollama/runner/llamarunner.Execute,ggml_ops,L6_1958,0000000000bd4580
github.com/ollama/ollama/runner/llamarunner.Execute.deferwrap3,github.com/ollama/ollama/runner/llamarunner.Execute.deferwrap3,ggml_ops,L6_1959,0000000000bd5e80
github.com/ollama/ollama/runner/llamarunner.Execute.func1,github.com/ollama/ollama/runner/llamarunner.Execute.func1,ggml_ops,L6_1960,0000000000bd6140
github.com/ollama/ollama/runner/llamarunner.Execute.func2,github.com/ollama/ollama/runner/llamarunner.Execute.func2,ggml_ops,L6_1961,0000000000bd61a0
github.com/ollama/ollama/runner/llamarunner.Execute.func3,github.com/ollama/ollama/runner/llamarunner.Execute.func3,ggml_ops,L6_1962,0000000000bd6100
github.com/ollama/ollama/runner/llamarunner.Execute.gowrap1,github.com/ollama/ollama/runner/llamarunner.Execute.gowrap1,ggml_ops,L6_1963,0000000000bd5f20
github.com/ollama/ollama/runner/llamarunner.Execute.gowrap2,github.com/ollama/ollama/runner/llamarunner.Execute.gowrap2,ggml_ops,L6_1964,0000000000bd5ec0
github.com/ollama/ollama/runner/llamarunner.flushPending,github.com/ollama/ollama/runner/llamarunner.flushPending,ggml_ops,L6_1968,0000000000bcece0
github.com/ollama/ollama/runner/llamarunner.(*ImageContext).addImage,github.com/ollama/ollama/runner/llamarunner.(*ImageContext).addImage,ggml_ops,L6_1932,0000000000bccae0
github.com/ollama/ollama/runner/llamarunner.(*ImageContext).BatchSize,github.com/ollama/ollama/runner/llamarunner.(*ImageContext).BatchSize,ggml_ops,L6_1926,0000000000bcc500
github.com/ollama/ollama/runner/llamarunner.(*ImageContext).EmbedSize,github.com/ollama/ollama/runner/llamarunner.(*ImageContext).EmbedSize,ggml_ops,L6_1927,0000000000bcc560
github.com/ollama/ollama/runner/llamarunner.(*ImageContext).findImage,github.com/ollama/ollama/runner/llamarunner.(*ImageContext).findImage,ggml_ops,L6_1933,0000000000bcc800
github.com/ollama/ollama/runner/llamarunner.(*ImageContext).hashImage,github.com/ollama/ollama/runner/llamarunner.(*ImageContext).hashImage,ggml_ops,L6_1934,0000000000bcc6e0
github.com/ollama/ollama/runner/llamarunner.(*ImageContext).NeedCrossAttention,github.com/ollama/ollama/runner/llamarunner.(*ImageContext).NeedCrossAttention,ggml_ops,L6_1928,0000000000bcc620
github.com/ollama/ollama/runner/llamarunner.(*ImageContext).NeedCrossAttention.func1,github.com/ollama/ollama/runner/llamarunner.(*ImageContext).NeedCrossAttention.func1,ggml_ops,L6_1929,0000000000bd64a0
github.com/ollama/ollama/runner/llamarunner.(*ImageContext).NewEmbed,github.com/ollama/ollama/runner/llamarunner.(*ImageContext).NewEmbed,ggml_ops,L6_1930,0000000000bcbc80
github.com/ollama/ollama/runner/llamarunner.(*ImageContext).NewEmbed.deferwrap1,github.com/ollama/ollama/runner/llamarunner.(*ImageContext).NewEmbed.deferwrap1,ggml_ops,L6_1931,0000000000bcc4c0
github.com/ollama/ollama/runner/llamarunner.init,github.com/ollama/ollama/runner/llamarunner.init,ggml_ops,L6_1969,0000000000bc8860
github.com/ollama/ollama/runner/llamarunner.(*InputCache).findBestCacheSlot,github.com/ollama/ollama/runner/llamarunner.(*InputCache).findBestCacheSlot,ggml_ops,L6_1938,0000000000bc9940
github.com/ollama/ollama/runner/llamarunner.(*InputCache).findLongestCacheSlot,github.com/ollama/ollama/runner/llamarunner.(*InputCache).findLongestCacheSlot,ggml_ops,L6_1939,0000000000bc96a0
github.com/ollama/ollama/runner/llamarunner.(*InputCache).LoadCacheSlot,github.com/ollama/ollama/runner/llamarunner.(*InputCache).LoadCacheSlot,ggml_ops,L6_1935,0000000000bc8e00
github.com/ollama/ollama/runner/llamarunner.(*InputCache).ShiftCacheSlot,github.com/ollama/ollama/runner/llamarunner.(*InputCache).ShiftCacheSlot,ggml_ops,L6_1936,0000000000bca7e0
github.com/ollama/ollama/runner/llamarunner.(*InputCache).ShiftDiscard,github.com/ollama/ollama/runner/llamarunner.(*InputCache).ShiftDiscard,ggml_ops,L6_1937,0000000000bca640
github.com/ollama/ollama/runner/llamarunner.(*multiLPath).Set,github.com/ollama/ollama/runner/llamarunner.(*multiLPath).Set,ggml_ops,L6_1956,0000000000bd3ae0
github.com/ollama/ollama/runner/llamarunner.(*multiLPath).String,github.com/ollama/ollama/runner/llamarunner.(*multiLPath).String,ggml_ops,L6_1957,0000000000bd3c00
github.com/ollama/ollama/runner/llamarunner.NewImageContext,github.com/ollama/ollama/runner/llamarunner.NewImageContext,ggml_ops,L6_1965,0000000000bcb460
github.com/ollama/ollama/runner/llamarunner.NewInputCache,github.com/ollama/ollama/runner/llamarunner.NewInputCache,ggml_ops,L6_1966,0000000000bc88c0
github.com/ollama/ollama/runner/llamarunner.(*Server).allNil,github.com/ollama/ollama/runner/llamarunner.(*Server).allNil,ggml_ops,L6_1941,0000000000bcec40
github.com/ollama/ollama/runner/llamarunner.(*Server).completion,github.com/ollama/ollama/runner/llamarunner.(*Server).completion,ggml_ops,L6_1942,0000000000bd1020
github.com/ollama/ollama/runner/llamarunner.(*Server).completion-fm,github.com/ollama/ollama/runner/llamarunner.(*Server).completion-fm,ggml_ops,L6_1943,0000000000bd6780
github.com/ollama/ollama/runner/llamarunner.(*Server).embeddings,github.com/ollama/ollama/runner/llamarunner.(*Server).embeddings,ggml_ops,L6_1944,0000000000bd29a0
github.com/ollama/ollama/runner/llamarunner.(*Server).embeddings-fm,github.com/ollama/ollama/runner/llamarunner.(*Server).embeddings-fm,ggml_ops,L6_1945,0000000000bd6700
github.com/ollama/ollama/runner/llamarunner.(*Server).health,github.com/ollama/ollama/runner/llamarunner.(*Server).health,ggml_ops,L6_1946,0000000000bd3860
github.com/ollama/ollama/runner/llamarunner.(*Server).health-fm,github.com/ollama/ollama/runner/llamarunner.(*Server).health-fm,ggml_ops,L6_1947,0000000000bd6800
github.com/ollama/ollama/runner/llamarunner.(*Server).inputs,github.com/ollama/ollama/runner/llamarunner.(*Server).inputs,ggml_ops,L6_1948,0000000000bcdfc0
github.com/ollama/ollama/runner/llamarunner.(*Server).loadModel,github.com/ollama/ollama/runner/llamarunner.(*Server).loadModel,ggml_ops,L6_1949,0000000000bd3c80
github.com/ollama/ollama/runner/llamarunner.(*Server).NewSequence,github.com/ollama/ollama/runner/llamarunner.(*Server).NewSequence,ggml_ops,L6_1940,0000000000bccfe0
github.com/ollama/ollama/runner/llamarunner.(*Server).processBatch,github.com/ollama/ollama/runner/llamarunner.(*Server).processBatch,ggml_ops,L6_1950,0000000000bcf660
github.com/ollama/ollama/runner/llamarunner.(*Server).processBatch.deferwrap1,github.com/ollama/ollama/runner/llamarunner.(*Server).processBatch.deferwrap1,ggml_ops,L6_1951,0000000000bd0fe0
github.com/ollama/ollama/runner/llamarunner.(*Server).removeSequence,github.com/ollama/ollama/runner/llamarunner.(*Server).removeSequence,ggml_ops,L6_1952,0000000000bcef20
github.com/ollama/ollama/runner/llamarunner.(*Server).run,github.com/ollama/ollama/runner/llamarunner.(*Server).run,ggml_ops,L6_1953,0000000000bcf0a0
github.com/ollama/ollama/runner/llamarunner.(*Server).run.deferwrap1,github.com/ollama/ollama/runner/llamarunner.(*Server).run.deferwrap1,ggml_ops,L6_1954,0000000000bcf620
github.com/ollama/ollama/runner/llamarunner.(*Server).run.deferwrap2,github.com/ollama/ollama/runner/llamarunner.(*Server).run.deferwrap2,ggml_ops,L6_1955,0000000000bcf5e0
github.com/ollama/ollama/runner/ollamarunner.countCommonPrefix,github.com/ollama/ollama/runner/ollamarunner.countCommonPrefix,ggml_ops,L6_2001,0000000000c61ba0
github.com/ollama/ollama/runner/ollamarunner.(*ErrReprocessInputs).Error,github.com/ollama/ollama/runner/ollamarunner.(*ErrReprocessInputs).Error,ggml_ops,L6_1970,0000000000c61d80
github.com/ollama/ollama/runner/ollamarunner.Execute,github.com/ollama/ollama/runner/ollamarunner.Execute,ggml_ops,L6_1992,0000000000c697e0
github.com/ollama/ollama/runner/ollamarunner.Execute.deferwrap3,github.com/ollama/ollama/runner/ollamarunner.Execute.deferwrap3,ggml_ops,L6_1993,0000000000c6aea0
github.com/ollama/ollama/runner/ollamarunner.Execute.func1,github.com/ollama/ollama/runner/ollamarunner.Execute.func1,ggml_ops,L6_1994,0000000000c6b140
github.com/ollama/ollama/runner/ollamarunner.Execute.func2,github.com/ollama/ollama/runner/ollamarunner.Execute.func2,ggml_ops,L6_1995,0000000000c6b1a0
github.com/ollama/ollama/runner/ollamarunner.Execute.func3,github.com/ollama/ollama/runner/ollamarunner.Execute.func3,ggml_ops,L6_1996,0000000000c6b100
github.com/ollama/ollama/runner/ollamarunner.Execute.func4,github.com/ollama/ollama/runner/ollamarunner.Execute.func4,ggml_ops,L6_1997,0000000000c6b4a0
github.com/ollama/ollama/runner/ollamarunner.Execute.gowrap1,github.com/ollama/ollama/runner/ollamarunner.Execute.gowrap1,ggml_ops,L6_1998,0000000000c6af40
github.com/ollama/ollama/runner/ollamarunner.Execute.gowrap2,github.com/ollama/ollama/runner/ollamarunner.Execute.gowrap2,ggml_ops,L6_1999,0000000000c6aee0
github.com/ollama/ollama/runner/ollamarunner.flushPending,github.com/ollama/ollama/runner/ollamarunner.flushPending,ggml_ops,L6_2002,0000000000c64c40
github.com/ollama/ollama/runner/ollamarunner.(*InputCache).findBestCacheSlot,github.com/ollama/ollama/runner/ollamarunner.(*InputCache).findBestCacheSlot,ggml_ops,L6_1974,0000000000c610c0
github.com/ollama/ollama/runner/ollamarunner.(*InputCache).findLongestCacheSlot,github.com/ollama/ollama/runner/ollamarunner.(*InputCache).findLongestCacheSlot,ggml_ops,L6_1975,0000000000c60e40
github.com/ollama/ollama/runner/ollamarunner.(*InputCache).LoadCacheSlot,github.com/ollama/ollama/runner/ollamarunner.(*InputCache).LoadCacheSlot,ggml_ops,L6_1971,0000000000c604e0
github.com/ollama/ollama/runner/ollamarunner.(*InputCache).ShiftCacheSlot,github.com/ollama/ollama/runner/ollamarunner.(*InputCache).ShiftCacheSlot,ggml_ops,L6_1972,0000000000c61e80
github.com/ollama/ollama/runner/ollamarunner.(*InputCache).ShiftDiscard,github.com/ollama/ollama/runner/ollamarunner.(*InputCache).ShiftDiscard,ggml_ops,L6_1973,0000000000c61d00
github.com/ollama/ollama/runner/ollamarunner.kvCacheTypeFromStr,github.com/ollama/ollama/runner/ollamarunner.kvCacheTypeFromStr,ggml_ops,L6_2003,0000000000c60360
github.com/ollama/ollama/runner/ollamarunner.(*multiLPath).Set,github.com/ollama/ollama/runner/ollamarunner.(*multiLPath).Set,ggml_ops,L6_1990,0000000000c69000
github.com/ollama/ollama/runner/ollamarunner.(*multiLPath).String,github.com/ollama/ollama/runner/ollamarunner.(*multiLPath).String,ggml_ops,L6_1991,0000000000c69120
github.com/ollama/ollama/runner/ollamarunner.NewInputCache,github.com/ollama/ollama/runner/ollamarunner.NewInputCache,ggml_ops,L6_2000,0000000000c5fe00
github.com/ollama/ollama/runner/ollamarunner.(*Server).allNil,github.com/ollama/ollama/runner/ollamarunner.(*Server).allNil,ggml_ops,L6_1977,0000000000c64ba0
github.com/ollama/ollama/runner/ollamarunner.(*Server).completion,github.com/ollama/ollama/runner/ollamarunner.(*Server).completion,ggml_ops,L6_1978,0000000000c67480
github.com/ollama/ollama/runner/ollamarunner.(*Server).completion-fm,github.com/ollama/ollama/runner/ollamarunner.(*Server).completion-fm,ggml_ops,L6_1979,0000000000c6bf20
github.com/ollama/ollama/runner/ollamarunner.(*Server).health,github.com/ollama/ollama/runner/ollamarunner.(*Server).health,ggml_ops,L6_1980,0000000000c68d80
github.com/ollama/ollama/runner/ollamarunner.(*Server).health-fm,github.com/ollama/ollama/runner/ollamarunner.(*Server).health-fm,ggml_ops,L6_1981,0000000000c6bfa0
github.com/ollama/ollama/runner/ollamarunner.(*Server).inputs,github.com/ollama/ollama/runner/ollamarunner.(*Server).inputs,ggml_ops,L6_1982,0000000000c63ae0
github.com/ollama/ollama/runner/ollamarunner.(*Server).inputs.func1,github.com/ollama/ollama/runner/ollamarunner.(*Server).inputs.func1,ggml_ops,L6_1983,0000000000c6b500
github.com/ollama/ollama/runner/ollamarunner.(*Server).loadModel,github.com/ollama/ollama/runner/ollamarunner.(*Server).loadModel,ggml_ops,L6_1984,0000000000c691a0
github.com/ollama/ollama/runner/ollamarunner.(*Server).NewSequence,github.com/ollama/ollama/runner/ollamarunner.(*Server).NewSequence,ggml_ops,L6_1976,0000000000c62a40
github.com/ollama/ollama/runner/ollamarunner.(*Server).processBatch,github.com/ollama/ollama/runner/ollamarunner.(*Server).processBatch,ggml_ops,L6_1985,0000000000c65100
github.com/ollama/ollama/runner/ollamarunner.(*Server).processBatch.deferwrap1,github.com/ollama/ollama/runner/ollamarunner.(*Server).processBatch.deferwrap1,ggml_ops,L6_1986,0000000000c67440
github.com/ollama/ollama/runner/ollamarunner.(*Server).processBatch.deferwrap2,github.com/ollama/ollama/runner/ollamarunner.(*Server).processBatch.deferwrap2,ggml_ops,L6_1987,0000000000c67400
github.com/ollama/ollama/runner/ollamarunner.(*Server).removeSequence,github.com/ollama/ollama/runner/ollamarunner.(*Server).removeSequence,ggml_ops,L6_1988,0000000000c64e80
github.com/ollama/ollama/runner/ollamarunner.(*Server).run,github.com/ollama/ollama/runner/ollamarunner.(*Server).run,ggml_ops,L6_1989,0000000000c65000
github.com/ollama/ollama/sample.(*Grammar).Accept,github.com/ollama/ollama/sample.(*Grammar).Accept,ggml_ops,L6_2004,0000000000bd7aa0
github.com/ollama/ollama/sample.(*Grammar).Apply,github.com/ollama/ollama/sample.(*Grammar).Apply,ggml_ops,L6_2005,0000000000bd7840
github.com/ollama/ollama/sample.greedy,github.com/ollama/ollama/sample.greedy,ggml_ops,L6_2016,0000000000bd6ee0
github.com/ollama/ollama/sample.minP,github.com/ollama/ollama/sample.minP,ggml_ops,L6_2017,0000000000bd8cc0
github.com/ollama/ollama/sample.NewGrammar,github.com/ollama/ollama/sample.NewGrammar,ggml_ops,L6_2014,0000000000bd7640
github.com/ollama/ollama/sample.NewSampler,github.com/ollama/ollama/sample.NewSampler,ggml_ops,L6_2015,0000000000bd7440
github.com/ollama/ollama/sample.NewVocab,github.com/ollama/ollama/sample.NewVocab,vocab,L7_195,0000000000bd7b00
github.com/ollama/ollama/sample.(*Sampler).sample,github.com/ollama/ollama/sample.(*Sampler).sample,ggml_ops,L6_2007,0000000000bd6fe0
github.com/ollama/ollama/sample.(*Sampler).Sample,github.com/ollama/ollama/sample.(*Sampler).Sample,ggml_ops,L6_2006,0000000000bd6880
github.com/ollama/ollama/sample.(*Sampler).sample.func1,github.com/ollama/ollama/sample.(*Sampler).sample.func1,ggml_ops,L6_2008,0000000000bd8f00
github.com/ollama/ollama/sample.softmax,github.com/ollama/ollama/sample.softmax,ggml_ops,L6_2018,0000000000bd82e0
github.com/ollama/ollama/sample.temperature,github.com/ollama/ollama/sample.temperature,ggml_ops,L6_2019,0000000000bd81e0
github.com/ollama/ollama/sample.(*tokenHeap).Len,github.com/ollama/ollama/sample.(*tokenHeap).Len,ggml_ops,L6_2009,0000000000bdc440
github.com/ollama/ollama/sample.tokenHeap.Len,github.com/ollama/ollama/sample.tokenHeap.Len,ggml_ops,L6_2020,0000000000bd7dc0
github.com/ollama/ollama/sample.(*tokenHeap).Less,github.com/ollama/ollama/sample.(*tokenHeap).Less,ggml_ops,L6_2010,0000000000bdc4c0
github.com/ollama/ollama/sample.tokenHeap.Less,github.com/ollama/ollama/sample.tokenHeap.Less,ggml_ops,L6_2021,0000000000bd7e00
github.com/ollama/ollama/sample.(*tokenHeap).Pop,github.com/ollama/ollama/sample.(*tokenHeap).Pop,ggml_ops,L6_2011,0000000000bd8080
github.com/ollama/ollama/sample.(*tokenHeap).Push,github.com/ollama/ollama/sample.(*tokenHeap).Push,ggml_ops,L6_2012,0000000000bd7f60
github.com/ollama/ollama/sample.(*tokenHeap).Swap,github.com/ollama/ollama/sample.(*tokenHeap).Swap,ggml_ops,L6_2013,0000000000bdc560
github.com/ollama/ollama/sample.tokenHeap.Swap,github.com/ollama/ollama/sample.tokenHeap.Swap,ggml_ops,L6_2022,0000000000bd7e80
github.com/ollama/ollama/sample.topK,github.com/ollama/ollama/sample.topK,ggml_ops,L6_2023,0000000000bd8580
github.com/ollama/ollama/sample.topK.func1,github.com/ollama/ollama/sample.topK.func1,ggml_ops,L6_2024,0000000000bd8e80
github.com/ollama/ollama/sample.topP,github.com/ollama/ollama/sample.topP,ggml_ops,L6_2025,0000000000bd8ac0
github.com/ollama/ollama/sample.(*Vocab).Load,github.com/ollama/ollama/sample.(*Vocab).Load,vocab,L7_193,0000000000bd7be0
github.com/ollama/ollama/sample.(*Vocab).Load.func1,github.com/ollama/ollama/sample.(*Vocab).Load.func1,vocab,L7_194,0000000000bd7ca0
github.com/ollama/ollama/server.allowedHost,github.com/ollama/ollama/server.allowedHost,ggml_ops,L6_2200,00000000017122c0
github.com/ollama/ollama/server.allowedHostsMiddleware,github.com/ollama/ollama/server.allowedHostsMiddleware,ggml_ops,L6_2201,0000000001712780
github.com/ollama/ollama/server.allowedHostsMiddleware.func1,github.com/ollama/ollama/server.allowedHostsMiddleware.func1,ggml_ops,L6_2202,0000000001712840
github.com/ollama/ollama/server.(*blobDownload).acquire,github.com/ollama/ollama/server.(*blobDownload).acquire,ggml_ops,L6_2102,00000000016e7c20
github.com/ollama/ollama/server.(*blobDownload).downloadChunk,github.com/ollama/ollama/server.(*blobDownload).downloadChunk,ggml_ops,L6_2103,00000000016e63c0
github.com/ollama/ollama/server.(*blobDownload).downloadChunk.func1,github.com/ollama/ollama/server.(*blobDownload).downloadChunk.func1,ggml_ops,L6_2104,00000000016e6b60
github.com/ollama/ollama/server.(*blobDownload).downloadChunk.func1.deferwrap1,github.com/ollama/ollama/server.(*blobDownload).downloadChunk.func1.deferwrap1,ggml_ops,L6_2105,00000000016e7320
github.com/ollama/ollama/server.(*blobDownload).downloadChunk.func2,github.com/ollama/ollama/server.(*blobDownload).downloadChunk.func2,ggml_ops,L6_2106,00000000016e6700
github.com/ollama/ollama/server.(*blobDownload).newPart,github.com/ollama/ollama/server.(*blobDownload).newPart,ggml_ops,L6_2107,00000000016e7360
github.com/ollama/ollama/server.(*blobDownloadPart).MarshalJSON,github.com/ollama/ollama/server.(*blobDownloadPart).MarshalJSON,ggml_ops,L6_2120,00000000016e3140
github.com/ollama/ollama/server.(*blobDownloadPart).Name,github.com/ollama/ollama/server.(*blobDownloadPart).Name,ggml_ops,L6_2121,00000000016e3500
github.com/ollama/ollama/server.(*blobDownloadPart).Prepare,github.com/ollama/ollama/server.(*blobDownloadPart).Prepare,ggml_ops,L6_2122,0000000001730220
github.com/ollama/ollama/server.blobDownloadPart.Prepare,github.com/ollama/ollama/server.blobDownloadPart.Prepare,ggml_ops,L6_2203,0000000001730160
github.com/ollama/ollama/server.(*blobDownloadPart).Run,github.com/ollama/ollama/server.(*blobDownloadPart).Run,ggml_ops,L6_2123,0000000001730300
github.com/ollama/ollama/server.blobDownloadPart.Run,github.com/ollama/ollama/server.blobDownloadPart.Run,ggml_ops,L6_2204,0000000001730280
github.com/ollama/ollama/server.(*blobDownloadPart).StartsAt,github.com/ollama/ollama/server.(*blobDownloadPart).StartsAt,ggml_ops,L6_2124,00000000016e3660
github.com/ollama/ollama/server.(*blobDownloadPart).StopsAt,github.com/ollama/ollama/server.(*blobDownloadPart).StopsAt,ggml_ops,L6_2125,00000000016e36c0
github.com/ollama/ollama/server.(*blobDownloadPart).UnmarshalJSON,github.com/ollama/ollama/server.(*blobDownloadPart).UnmarshalJSON,ggml_ops,L6_2126,00000000016e3300
github.com/ollama/ollama/server.(*blobDownloadPart).Wait,github.com/ollama/ollama/server.(*blobDownloadPart).Wait,ggml_ops,L6_2127,00000000017303e0
github.com/ollama/ollama/server.blobDownloadPart.Wait,github.com/ollama/ollama/server.blobDownloadPart.Wait,ggml_ops,L6_2205,0000000001730340
github.com/ollama/ollama/server.(*blobDownloadPart).Write,github.com/ollama/ollama/server.(*blobDownloadPart).Write,ggml_ops,L6_2128,00000000016e3700
github.com/ollama/ollama/server.(*blobDownload).Prepare,github.com/ollama/ollama/server.(*blobDownload).Prepare,ggml_ops,L6_2096,00000000016e3820
github.com/ollama/ollama/server.(*blobDownload).Prepare.deferwrap1,github.com/ollama/ollama/server.(*blobDownload).Prepare.deferwrap1,ggml_ops,L6_2097,00000000016e4340
github.com/ollama/ollama/server.(*blobDownload).readPart,github.com/ollama/ollama/server.(*blobDownload).readPart,ggml_ops,L6_2108,00000000016e7620
github.com/ollama/ollama/server.(*blobDownload).readPart.deferwrap1,github.com/ollama/ollama/server.(*blobDownload).readPart.deferwrap1,ggml_ops,L6_2109,00000000016e7980
github.com/ollama/ollama/server.(*blobDownload).release,github.com/ollama/ollama/server.(*blobDownload).release,ggml_ops,L6_2110,00000000016e7c60
github.com/ollama/ollama/server.(*blobDownload).run,github.com/ollama/ollama/server.(*blobDownload).run,ggml_ops,L6_2111,00000000016e4960
github.com/ollama/ollama/server.(*blobDownload).Run,github.com/ollama/ollama/server.(*blobDownload).Run,ggml_ops,L6_2098,00000000016e4380
github.com/ollama/ollama/server.(*blobDownload).run.deferwrap1,github.com/ollama/ollama/server.(*blobDownload).run.deferwrap1,ggml_ops,L6_2112,00000000016e6360
github.com/ollama/ollama/server.(*blobDownload).Run.deferwrap1,github.com/ollama/ollama/server.(*blobDownload).Run.deferwrap1,ggml_ops,L6_2099,00000000016e44e0
github.com/ollama/ollama/server.(*blobDownload).run.deferwrap2,github.com/ollama/ollama/server.(*blobDownload).run.deferwrap2,ggml_ops,L6_2113,00000000016e6320
github.com/ollama/ollama/server.(*blobDownload).run.func1,github.com/ollama/ollama/server.(*blobDownload).run.func1,ggml_ops,L6_2114,00000000016e59e0
github.com/ollama/ollama/server.(*blobDownload).run.func1.1,github.com/ollama/ollama/server.(*blobDownload).run.func1.1,ggml_ops,L6_2115,00000000016e61e0
github.com/ollama/ollama/server.(*blobDownload).run.func1.deferwrap1,github.com/ollama/ollama/server.(*blobDownload).run.func1.deferwrap1,ggml_ops,L6_2116,00000000016e61a0
github.com/ollama/ollama/server.(*blobDownload).run.func2,github.com/ollama/ollama/server.(*blobDownload).run.func2,ggml_ops,L6_2117,00000000016e5380
github.com/ollama/ollama/server.(*blobDownload).Wait,github.com/ollama/ollama/server.(*blobDownload).Wait,ggml_ops,L6_2100,00000000016e7cc0
github.com/ollama/ollama/server.(*blobDownload).Wait.deferwrap1,github.com/ollama/ollama/server.(*blobDownload).Wait.deferwrap1,ggml_ops,L6_2101,00000000016e8120
github.com/ollama/ollama/server.(*blobDownload).writePart,github.com/ollama/ollama/server.(*blobDownload).writePart,ggml_ops,L6_2118,00000000016e79c0
github.com/ollama/ollama/server.(*blobDownload).writePart.deferwrap1,github.com/ollama/ollama/server.(*blobDownload).writePart.deferwrap1,ggml_ops,L6_2119,00000000016e7be0
github.com/ollama/ollama/server.(*blobUpload).acquire,github.com/ollama/ollama/server.(*blobUpload).acquire,ggml_ops,L6_2140,00000000017295c0
github.com/ollama/ollama/server.(*blobUpload).Open,github.com/ollama/ollama/server.(*blobUpload).Open,ggml_ops,L6_2129,0000000001730be0
github.com/ollama/ollama/server.(*blobUploadPart).BlockSize,github.com/ollama/ollama/server.(*blobUploadPart).BlockSize,ggml_ops,L6_2144,00000000017306a0
github.com/ollama/ollama/server.blobUploadPart.BlockSize,github.com/ollama/ollama/server.blobUploadPart.BlockSize,ggml_ops,L6_2206,0000000001730600
github.com/ollama/ollama/server.(*blobUploadPart).Reset,github.com/ollama/ollama/server.(*blobUploadPart).Reset,ggml_ops,L6_2145,0000000001730780
github.com/ollama/ollama/server.blobUploadPart.Reset,github.com/ollama/ollama/server.blobUploadPart.Reset,ggml_ops,L6_2207,0000000001730700
github.com/ollama/ollama/server.(*blobUploadPart).Sum,github.com/ollama/ollama/server.(*blobUploadPart).Sum,ggml_ops,L6_2146,00000000017308e0
github.com/ollama/ollama/server.blobUploadPart.Sum,github.com/ollama/ollama/server.blobUploadPart.Sum,ggml_ops,L6_2208,00000000017307c0
github.com/ollama/ollama/server.(*blobUploadPart).Write,github.com/ollama/ollama/server.(*blobUploadPart).Write,ggml_ops,L6_2147,0000000001730ae0
github.com/ollama/ollama/server.blobUploadPart.Write,github.com/ollama/ollama/server.blobUploadPart.Write,ggml_ops,L6_2209,00000000017309a0
github.com/ollama/ollama/server.(*blobUpload).Prepare,github.com/ollama/ollama/server.(*blobUpload).Prepare,ggml_ops,L6_2130,0000000001725780
github.com/ollama/ollama/server.(*blobUpload).Prepare.deferwrap1,github.com/ollama/ollama/server.(*blobUpload).Prepare.deferwrap1,ggml_ops,L6_2131,0000000001726480
github.com/ollama/ollama/server.(*blobUpload).release,github.com/ollama/ollama/server.(*blobUpload).release,ggml_ops,L6_2141,0000000001729620
github.com/ollama/ollama/server.(*blobUpload).Remove,github.com/ollama/ollama/server.(*blobUpload).Remove,ggml_ops,L6_2132,0000000001730c20
github.com/ollama/ollama/server.(*blobUpload).Run,github.com/ollama/ollama/server.(*blobUpload).Run,ggml_ops,L6_2133,00000000017264c0
github.com/ollama/ollama/server.(*blobUpload).Run.deferwrap1,github.com/ollama/ollama/server.(*blobUpload).Run.deferwrap1,ggml_ops,L6_2134,0000000001727ce0
github.com/ollama/ollama/server.(*blobUpload).Run.deferwrap2,github.com/ollama/ollama/server.(*blobUpload).Run.deferwrap2,ggml_ops,L6_2135,0000000001727ca0
github.com/ollama/ollama/server.(*blobUpload).Run.deferwrap3,github.com/ollama/ollama/server.(*blobUpload).Run.deferwrap3,ggml_ops,L6_2136,0000000001727620
github.com/ollama/ollama/server.(*blobUpload).Run.func1,github.com/ollama/ollama/server.(*blobUpload).Run.func1,ggml_ops,L6_2137,0000000001727660
github.com/ollama/ollama/server.(*blobUpload).uploadPart,github.com/ollama/ollama/server.(*blobUpload).uploadPart,ggml_ops,L6_2142,0000000001727d40
github.com/ollama/ollama/server.(*blobUpload).uploadPart.deferwrap1,github.com/ollama/ollama/server.(*blobUpload).uploadPart.deferwrap1,ggml_ops,L6_2143,0000000001729580
github.com/ollama/ollama/server.(*blobUpload).Wait,github.com/ollama/ollama/server.(*blobUpload).Wait,ggml_ops,L6_2138,0000000001729680
github.com/ollama/ollama/server.(*blobUpload).Wait.deferwrap1,github.com/ollama/ollama/server.(*blobUpload).Wait.deferwrap1,ggml_ops,L6_2139,0000000001729b00
github.com/ollama/ollama/server.(*ByDuration).Len,github.com/ollama/ollama/server.(*ByDuration).Len,ggml_ops,L6_2026,0000000001730440
github.com/ollama/ollama/server.ByDuration.Len,github.com/ollama/ollama/server.ByDuration.Len,ggml_ops,L6_2161,0000000001722c60
github.com/ollama/ollama/server.(*ByDuration).Less,github.com/ollama/ollama/server.(*ByDuration).Less,ggml_ops,L6_2027,00000000017304c0
github.com/ollama/ollama/server.ByDuration.Less,github.com/ollama/ollama/server.ByDuration.Less,ggml_ops,L6_2162,0000000001722de0
github.com/ollama/ollama/server.(*ByDuration).Swap,github.com/ollama/ollama/server.(*ByDuration).Swap,ggml_ops,L6_2028,0000000001730560
github.com/ollama/ollama/server.ByDuration.Swap,github.com/ollama/ollama/server.ByDuration.Swap,ggml_ops,L6_2163,0000000001722ca0
github.com/ollama/ollama/server.chatPrompt,github.com/ollama/ollama/server.chatPrompt,ggml_ops,L6_2210,00000000016fe180
github.com/ollama/ollama/server.checkMllamaModelFamily,github.com/ollama/ollama/server.checkMllamaModelFamily,ggml_ops,L6_2211,00000000016fff00
github.com/ollama/ollama/server.convertFromSafetensors,github.com/ollama/ollama/server.convertFromSafetensors,ggml_ops,L6_2212,00000000016d9d80
github.com/ollama/ollama/server.convertFromSafetensors.deferwrap1,github.com/ollama/ollama/server.convertFromSafetensors.deferwrap1,ggml_ops,L6_2213,00000000016db9e0
github.com/ollama/ollama/server.convertFromSafetensors.deferwrap2,github.com/ollama/ollama/server.convertFromSafetensors.deferwrap2,ggml_ops,L6_2214,00000000016db9a0
github.com/ollama/ollama/server.convertFromSafetensors.deferwrap3,github.com/ollama/ollama/server.convertFromSafetensors.deferwrap3,ggml_ops,L6_2215,00000000016db960
github.com/ollama/ollama/server.convertFromSafetensors.deferwrap4,github.com/ollama/ollama/server.convertFromSafetensors.deferwrap4,ggml_ops,L6_2216,00000000016db920
github.com/ollama/ollama/server.convertModelFromFiles,github.com/ollama/ollama/server.convertModelFromFiles,ggml_ops,L6_2217,00000000016d8a60
github.com/ollama/ollama/server.copyFile,github.com/ollama/ollama/server.copyFile,ggml_ops,L6_2218,00000000016e2ce0
github.com/ollama/ollama/server.copyFile.deferwrap1,github.com/ollama/ollama/server.copyFile.deferwrap1,ggml_ops,L6_2219,00000000016e3100
github.com/ollama/ollama/server.copyFile.deferwrap2,github.com/ollama/ollama/server.copyFile.deferwrap2,ggml_ops,L6_2220,00000000016e30c0
github.com/ollama/ollama/server.CopyModel,github.com/ollama/ollama/server.CopyModel,ggml_ops,L6_2164,00000000016ed740
github.com/ollama/ollama/server.CopyModel.deferwrap1,github.com/ollama/ollama/server.CopyModel.deferwrap1,ggml_ops,L6_2165,00000000016ee1a0
github.com/ollama/ollama/server.CopyModel.deferwrap2,github.com/ollama/ollama/server.CopyModel.deferwrap2,ggml_ops,L6_2166,00000000016ee160
github.com/ollama/ollama/server.createConfigLayer,github.com/ollama/ollama/server.createConfigLayer,ggml_ops,L6_2221,00000000016e25c0
github.com/ollama/ollama/server.createLink,github.com/ollama/ollama/server.createLink,ggml_ops,L6_2222,00000000016e2b60
github.com/ollama/ollama/server.createModel,github.com/ollama/ollama/server.createModel,ggml_ops,L6_2223,00000000016dbba0
github.com/ollama/ollama/server.deleteUnusedLayers,github.com/ollama/ollama/server.deleteUnusedLayers,ggml_ops,L6_2224,00000000016ee1e0
github.com/ollama/ollama/server.detectChatTemplate,github.com/ollama/ollama/server.detectChatTemplate,ggml_ops,L6_2225,00000000016fa520
github.com/ollama/ollama/server.detectContentType,github.com/ollama/ollama/server.detectContentType,ggml_ops,L6_2226,00000000016fb200
github.com/ollama/ollama/server.detectModelTypeFromFiles,github.com/ollama/ollama/server.detectModelTypeFromFiles,ggml_ops,L6_2227,00000000016d94c0
github.com/ollama/ollama/server.detectModelTypeFromFiles.deferwrap1,github.com/ollama/ollama/server.detectModelTypeFromFiles.deferwrap1,ggml_ops,L6_2228,00000000016d9d40
github.com/ollama/ollama/server.downloadBlob,github.com/ollama/ollama/server.downloadBlob,ggml_ops,L6_2229,00000000016e8160
github.com/ollama/ollama/server.downloadBlob.gowrap1,github.com/ollama/ollama/server.downloadBlob.gowrap1,ggml_ops,L6_2230,00000000016e8ba0
github.com/ollama/ollama/server.experimentEnabled,github.com/ollama/ollama/server.experimentEnabled,ggml_ops,L6_2231,0000000001700060
github.com/ollama/ollama/server.fixBlobs,github.com/ollama/ollama/server.fixBlobs,ggml_ops,L6_2232,00000000016e8c20
github.com/ollama/ollama/server.fixBlobs.func1,github.com/ollama/ollama/server.fixBlobs.func1,ggml_ops,L6_2233,000000000172abc0
github.com/ollama/ollama/server.getAuthorizationToken,github.com/ollama/ollama/server.getAuthorizationToken,ggml_ops,L6_2234,00000000016d5200
github.com/ollama/ollama/server.getAuthorizationToken.deferwrap1,github.com/ollama/ollama/server.getAuthorizationToken.deferwrap1,ggml_ops,L6_2235,00000000016d6160
github.com/ollama/ollama/server.GetBlobsPath,github.com/ollama/ollama/server.GetBlobsPath,ggml_ops,L6_2167,00000000016fde80
github.com/ollama/ollama/server.getExistingName,github.com/ollama/ollama/server.getExistingName,ggml_ops,L6_2236,000000000170a760
github.com/ollama/ollama/server.GetManifest,github.com/ollama/ollama/server.GetManifest,ggml_ops,L6_2168,00000000016eb4e0
github.com/ollama/ollama/server.GetManifest.deferwrap1,github.com/ollama/ollama/server.GetManifest.deferwrap1,ggml_ops,L6_2169,00000000016ebb60
github.com/ollama/ollama/server.GetManifestPath,github.com/ollama/ollama/server.GetManifestPath,ggml_ops,L6_2170,00000000016fdd20
github.com/ollama/ollama/server.GetModel,github.com/ollama/ollama/server.GetModel,ggml_ops,L6_2171,00000000016ebba0
github.com/ollama/ollama/server.getModelData,github.com/ollama/ollama/server.getModelData,ggml_ops,L6_2237,000000000170e6c0
github.com/ollama/ollama/server.GetModel.deferwrap1,github.com/ollama/ollama/server.GetModel.deferwrap1,ggml_ops,L6_2172,00000000016ed700
github.com/ollama/ollama/server.GetModel.deferwrap2,github.com/ollama/ollama/server.GetModel.deferwrap2,ggml_ops,L6_2173,00000000016ed6c0
github.com/ollama/ollama/server.GetModel.deferwrap3,github.com/ollama/ollama/server.GetModel.deferwrap3,ggml_ops,L6_2174,00000000016ed680
github.com/ollama/ollama/server.GetModelInfo,github.com/ollama/ollama/server.GetModelInfo,ggml_ops,L6_2175,000000000170c5c0
github.com/ollama/ollama/server.GetSHA256Digest,github.com/ollama/ollama/server.GetSHA256Digest,ggml_ops,L6_2176,00000000016f2b00
github.com/ollama/ollama/server.getValue,github.com/ollama/ollama/server.getValue,ggml_ops,L6_2238,00000000016f4620
github.com/ollama/ollama/server.ggufLayers,github.com/ollama/ollama/server.ggufLayers,ggml_ops,L6_2239,00000000016de5a0
github.com/ollama/ollama/server.ggufLayers.deferwrap1,github.com/ollama/ollama/server.ggufLayers.deferwrap1,ggml_ops,L6_2240,00000000016dfdc0
github.com/ollama/ollama/server.handleScheduleError,github.com/ollama/ollama/server.handleScheduleError,sched_compute,L4_067,000000000171a380
github.com/ollama/ollama/server.init,github.com/ollama/ollama/server.init,ggml_ops,L6_2241,00000000016d4620
github.com/ollama/ollama/server.init.0,github.com/ollama/ollama/server.init.0,ggml_ops,L6_2242,0000000001700120
github.com/ollama/ollama/server.InitScheduler,github.com/ollama/ollama/server.InitScheduler,sched_compute,L4_066,000000000171a980
github.com/ollama/ollama/server/internal/cache/blob.absJoin,github.com/ollama/ollama/server/internal/cache/blob.absJoin,ggml_ops,L6_2332,00000000016beac0
github.com/ollama/ollama/server/internal/cache/blob.(*checkWriter).seterr,github.com/ollama/ollama/server/internal/cache/blob.(*checkWriter).seterr,ggml_ops,L6_2317,00000000016bd6a0
github.com/ollama/ollama/server/internal/cache/blob.(*checkWriter).Write,github.com/ollama/ollama/server/internal/cache/blob.(*checkWriter).Write,ggml_ops,L6_2316,00000000016bd760
github.com/ollama/ollama/server/internal/cache/blob.(*Chunker).Close,github.com/ollama/ollama/server/internal/cache/blob.(*Chunker).Close,ggml_ops,L6_2288,00000000016bf3c0
github.com/ollama/ollama/server/internal/cache/blob.(*Chunker).Put,github.com/ollama/ollama/server/internal/cache/blob.(*Chunker).Put,ggml_ops,L6_2289,00000000016bf020
github.com/ollama/ollama/server/internal/cache/blob.(*Chunk).Size,github.com/ollama/ollama/server/internal/cache/blob.(*Chunk).Size,ggml_ops,L6_2287,00000000016c0980
github.com/ollama/ollama/server/internal/cache/blob.Chunk.Size,github.com/ollama/ollama/server/internal/cache/blob.Chunk.Size,ggml_ops,L6_2318,00000000016bec60
github.com/ollama/ollama/server/internal/cache/blob.(*Digest).Compare,github.com/ollama/ollama/server/internal/cache/blob.(*Digest).Compare,ggml_ops,L6_2290,00000000016c0480
github.com/ollama/ollama/server/internal/cache/blob.Digest.Compare,github.com/ollama/ollama/server/internal/cache/blob.Digest.Compare,ggml_ops,L6_2319,00000000016bf720
github.com/ollama/ollama/server/internal/cache/blob.DigestFromBytes[go.shape.string],github.com/ollama/ollama/server/internal/cache/blob.DigestFromBytes[go.shape.string],ggml_ops,L6_2326,00000000016cfb80
github.com/ollama/ollama/server/internal/cache/blob.DigestFromBytes[go.shape.[]uint8],github.com/ollama/ollama/server/internal/cache/blob.DigestFromBytes[go.shape.[]uint8],ggml_ops,L6_2325,00000000016cf980
github.com/ollama/ollama/server/internal/cache/blob.(*Digest).IsValid,github.com/ollama/ollama/server/internal/cache/blob.(*Digest).IsValid,ggml_ops,L6_2291,00000000016c0540
github.com/ollama/ollama/server/internal/cache/blob.Digest.IsValid,github.com/ollama/ollama/server/internal/cache/blob.Digest.IsValid,ggml_ops,L6_2320,00000000016bf7c0
github.com/ollama/ollama/server/internal/cache/blob.(*Digest).MarshalText,github.com/ollama/ollama/server/internal/cache/blob.(*Digest).MarshalText,ggml_ops,L6_2292,00000000016c05c0
github.com/ollama/ollama/server/internal/cache/blob.Digest.MarshalText,github.com/ollama/ollama/server/internal/cache/blob.Digest.MarshalText,ggml_ops,L6_2321,00000000016bf800
github.com/ollama/ollama/server/internal/cache/blob.(*Digest).Short,github.com/ollama/ollama/server/internal/cache/blob.(*Digest).Short,ggml_ops,L6_2293,00000000016c0740
github.com/ollama/ollama/server/internal/cache/blob.Digest.Short,github.com/ollama/ollama/server/internal/cache/blob.Digest.Short,ggml_ops,L6_2322,00000000016bf580
github.com/ollama/ollama/server/internal/cache/blob.(*Digest).String,github.com/ollama/ollama/server/internal/cache/blob.(*Digest).String,ggml_ops,L6_2294,00000000016c07e0
github.com/ollama/ollama/server/internal/cache/blob.Digest.String,github.com/ollama/ollama/server/internal/cache/blob.Digest.String,ggml_ops,L6_2323,00000000016bf420
github.com/ollama/ollama/server/internal/cache/blob.(*Digest).Sum,github.com/ollama/ollama/server/internal/cache/blob.(*Digest).Sum,ggml_ops,L6_2295,00000000016c0880
github.com/ollama/ollama/server/internal/cache/blob.Digest.Sum,github.com/ollama/ollama/server/internal/cache/blob.Digest.Sum,ggml_ops,L6_2324,00000000016bf6e0
github.com/ollama/ollama/server/internal/cache/blob.(*Digest).UnmarshalText,github.com/ollama/ollama/server/internal/cache/blob.(*Digest).UnmarshalText,ggml_ops,L6_2296,00000000016bf8c0
github.com/ollama/ollama/server/internal/cache/blob.(*DiskCache).Chunked,github.com/ollama/ollama/server/internal/cache/blob.(*DiskCache).Chunked,ggml_ops,L6_2297,00000000016beca0
github.com/ollama/ollama/server/internal/cache/blob.(*DiskCache).copyNamedFile,github.com/ollama/ollama/server/internal/cache/blob.(*DiskCache).copyNamedFile,ggml_ops,L6_2310,00000000016bdd00
github.com/ollama/ollama/server/internal/cache/blob.(*DiskCache).copyNamedFile.deferwrap1,github.com/ollama/ollama/server/internal/cache/blob.(*DiskCache).copyNamedFile.deferwrap1,ggml_ops,L6_2311,00000000016be540
github.com/ollama/ollama/server/internal/cache/blob.(*DiskCache).Get,github.com/ollama/ollama/server/internal/cache/blob.(*DiskCache).Get,ggml_ops,L6_2298,00000000016bb9c0
github.com/ollama/ollama/server/internal/cache/blob.(*DiskCache).GetFile,github.com/ollama/ollama/server/internal/cache/blob.(*DiskCache).GetFile,ggml_ops,L6_2299,00000000016bc3a0
github.com/ollama/ollama/server/internal/cache/blob.(*DiskCache).Import,github.com/ollama/ollama/server/internal/cache/blob.(*DiskCache).Import,ggml_ops,L6_2300,00000000016bb140
github.com/ollama/ollama/server/internal/cache/blob.(*DiskCache).Import.deferwrap1,github.com/ollama/ollama/server/internal/cache/blob.(*DiskCache).Import.deferwrap1,ggml_ops,L6_2301,00000000016bb980
github.com/ollama/ollama/server/internal/cache/blob.(*DiskCache).Link,github.com/ollama/ollama/server/internal/cache/blob.(*DiskCache).Link,ggml_ops,L6_2302,00000000016bbc60
github.com/ollama/ollama/server/internal/cache/blob.(*DiskCache).Link.deferwrap1,github.com/ollama/ollama/server/internal/cache/blob.(*DiskCache).Link.deferwrap1,ggml_ops,L6_2303,00000000016bc1a0
github.com/ollama/ollama/server/internal/cache/blob.(*DiskCache).links,github.com/ollama/ollama/server/internal/cache/blob.(*DiskCache).links,ggml_ops,L6_2312,00000000016bd3c0
github.com/ollama/ollama/server/internal/cache/blob.(*DiskCache).Links,github.com/ollama/ollama/server/internal/cache/blob.(*DiskCache).Links,ggml_ops,L6_2304,00000000016bc580
github.com/ollama/ollama/server/internal/cache/blob.(*DiskCache).links.func1,github.com/ollama/ollama/server/internal/cache/blob.(*DiskCache).links.func1,ggml_ops,L6_2313,00000000016bd460
github.com/ollama/ollama/server/internal/cache/blob.(*DiskCache).Links.func1,github.com/ollama/ollama/server/internal/cache/blob.(*DiskCache).Links.func1,ggml_ops,L6_2305,00000000016bc620
github.com/ollama/ollama/server/internal/cache/blob.(*DiskCache).Links.func1-range1,github.com/ollama/ollama/server/internal/cache/blob.(*DiskCache).Links.func1-range1,ggml_ops,L6_2306,00000000016bc7a0
github.com/ollama/ollama/server/internal/cache/blob.(*DiskCache).manifestPath,github.com/ollama/ollama/server/internal/cache/blob.(*DiskCache).manifestPath,ggml_ops,L6_2314,00000000016bcae0
github.com/ollama/ollama/server/internal/cache/blob.(*DiskCache).manifestPath-range1,github.com/ollama/ollama/server/internal/cache/blob.(*DiskCache).manifestPath-range1,ggml_ops,L6_2315,00000000016bd0a0
github.com/ollama/ollama/server/internal/cache/blob.(*DiskCache).Put,github.com/ollama/ollama/server/internal/cache/blob.(*DiskCache).Put,ggml_ops,L6_2307,00000000016bb020
github.com/ollama/ollama/server/internal/cache/blob.(*DiskCache).Resolve,github.com/ollama/ollama/server/internal/cache/blob.(*DiskCache).Resolve,ggml_ops,L6_2308,00000000016baa80
github.com/ollama/ollama/server/internal/cache/blob.(*DiskCache).Unlink,github.com/ollama/ollama/server/internal/cache/blob.(*DiskCache).Unlink,ggml_ops,L6_2309,00000000016bc1e0
github.com/ollama/ollama/server/internal/cache/blob.init,github.com/ollama/ollama/server/internal/cache/blob.init,ggml_ops,L6_2333,00000000016b9e00
github.com/ollama/ollama/server/internal/cache/blob.nameToPath,github.com/ollama/ollama/server/internal/cache/blob.nameToPath,ggml_ops,L6_2334,00000000016be6e0
github.com/ollama/ollama/server/internal/cache/blob.Open,github.com/ollama/ollama/server/internal/cache/blob.Open,ggml_ops,L6_2327,00000000016b9ec0
github.com/ollama/ollama/server/internal/cache/blob.ParseDigest[go.shape.string],github.com/ollama/ollama/server/internal/cache/blob.ParseDigest[go.shape.string],ggml_ops,L6_2329,00000000016bfc20
github.com/ollama/ollama/server/internal/cache/blob.ParseDigest[go.shape.[]uint8],github.com/ollama/ollama/server/internal/cache/blob.ParseDigest[go.shape.[]uint8],ggml_ops,L6_2328,00000000016cf340
github.com/ollama/ollama/server/internal/cache/blob.pathToName,github.com/ollama/ollama/server/internal/cache/blob.pathToName,ggml_ops,L6_2335,00000000016bc920
github.com/ollama/ollama/server/internal/cache/blob.PutBytes[go.shape.string],github.com/ollama/ollama/server/internal/cache/blob.PutBytes[go.shape.string],ggml_ops,L6_2331,00000000016cfa60
github.com/ollama/ollama/server/internal/cache/blob.PutBytes[go.shape.[]uint8],github.com/ollama/ollama/server/internal/cache/blob.PutBytes[go.shape.[]uint8],ggml_ops,L6_2330,00000000016bfb00
github.com/ollama/ollama/server/internal/cache/blob.readAndSum,github.com/ollama/ollama/server/internal/cache/blob.readAndSum,ggml_ops,L6_2336,00000000016ba4e0
github.com/ollama/ollama/server/internal/cache/blob.readAndSum.deferwrap1,github.com/ollama/ollama/server/internal/cache/blob.readAndSum.deferwrap1,ggml_ops,L6_2337,00000000016baa40
github.com/ollama/ollama/server/internal/cache/blob.splitNameDigest,github.com/ollama/ollama/server/internal/cache/blob.splitNameDigest,ggml_ops,L6_2338,00000000016be580
github.com/ollama/ollama/server/internal/client/ollama.checkData,github.com/ollama/ollama/server/internal/client/ollama.checkData,ggml_ops,L6_2381,00000000016cd5e0
github.com/ollama/ollama/server/internal/client/ollama.DefaultRegistry,github.com/ollama/ollama/server/internal/client/ollama.DefaultRegistry,ggml_ops,L6_2377,00000000016c21e0
github.com/ollama/ollama/server/internal/client/ollama.(*Error).Error,github.com/ollama/ollama/server/internal/client/ollama.(*Error).Error,ggml_ops,L6_2339,00000000016c1320
github.com/ollama/ollama/server/internal/client/ollama.(*Error).LogValue,github.com/ollama/ollama/server/internal/client/ollama.(*Error).LogValue,ggml_ops,L6_2340,00000000016c14a0
github.com/ollama/ollama/server/internal/client/ollama.(*Error).UnmarshalJSON,github.com/ollama/ollama/server/internal/client/ollama.(*Error).UnmarshalJSON,ggml_ops,L6_2341,00000000016c1800
github.com/ollama/ollama/server/internal/client/ollama.init,github.com/ollama/ollama/server/internal/client/ollama.init,ggml_ops,L6_2382,00000000016c0a00
github.com/ollama/ollama/server/internal/client/ollama.init.func1,github.com/ollama/ollama/server/internal/client/ollama.init.func1,ggml_ops,L6_2383,00000000016c0da0
github.com/ollama/ollama/server/internal/client/ollama.init.func2,github.com/ollama/ollama/server/internal/client/ollama.init.func2,ggml_ops,L6_2384,00000000016c1080
github.com/ollama/ollama/server/internal/client/ollama.init.func3,github.com/ollama/ollama/server/internal/client/ollama.init.func3,ggml_ops,L6_2385,00000000016c1220
github.com/ollama/ollama/server/internal/client/ollama.makeAuthToken,github.com/ollama/ollama/server/internal/client/ollama.makeAuthToken,ggml_ops,L6_2386,00000000016ccc80
github.com/ollama/ollama/server/internal/client/ollama.makeAuthToken.func1,github.com/ollama/ollama/server/internal/client/ollama.makeAuthToken.func1,ggml_ops,L6_2387,00000000016cd280
github.com/ollama/ollama/server/internal/client/ollama.(*Manifest).All,github.com/ollama/ollama/server/internal/client/ollama.(*Manifest).All,ggml_ops,L6_2342,00000000016c79a0
github.com/ollama/ollama/server/internal/client/ollama.(*Manifest).All.func1,github.com/ollama/ollama/server/internal/client/ollama.(*Manifest).All.func1,ggml_ops,L6_2343,00000000016c7a40
github.com/ollama/ollama/server/internal/client/ollama.(*Manifest).Layer,github.com/ollama/ollama/server/internal/client/ollama.(*Manifest).Layer,ggml_ops,L6_2344,00000000016c78c0
github.com/ollama/ollama/server/internal/client/ollama.(*Manifest).MarshalJSON,github.com/ollama/ollama/server/internal/client/ollama.(*Manifest).MarshalJSON,ggml_ops,L6_2345,00000000016d01a0
github.com/ollama/ollama/server/internal/client/ollama.Manifest.MarshalJSON,github.com/ollama/ollama/server/internal/client/ollama.Manifest.MarshalJSON,ggml_ops,L6_2378,00000000016c7be0
github.com/ollama/ollama/server/internal/client/ollama.(*Manifest).Size,github.com/ollama/ollama/server/internal/client/ollama.(*Manifest).Size,ggml_ops,L6_2346,00000000016c7b20
github.com/ollama/ollama/server/internal/client/ollama.parseChunk[go.shape.[]uint8],github.com/ollama/ollama/server/internal/client/ollama.parseChunk[go.shape.[]uint8],ggml_ops,L6_2388,00000000016ceb20
github.com/ollama/ollama/server/internal/client/ollama.(*publicError).Error,github.com/ollama/ollama/server/internal/client/ollama.(*publicError).Error,ggml_ops,L6_2374,00000000016d0380
github.com/ollama/ollama/server/internal/client/ollama.publicError.Error,github.com/ollama/ollama/server/internal/client/ollama.publicError.Error,ggml_ops,L6_2389,00000000016cd8a0
github.com/ollama/ollama/server/internal/client/ollama.(*publicError).Unwrap,github.com/ollama/ollama/server/internal/client/ollama.(*publicError).Unwrap,ggml_ops,L6_2375,00000000016d0420
github.com/ollama/ollama/server/internal/client/ollama.publicError.Unwrap,github.com/ollama/ollama/server/internal/client/ollama.publicError.Unwrap,ggml_ops,L6_2390,00000000016cd8e0
github.com/ollama/ollama/server/internal/client/ollama.(*Registry).cache,github.com/ollama/ollama/server/internal/client/ollama.(*Registry).cache,ggml_ops,L6_2361,00000000016c1b60
github.com/ollama/ollama/server/internal/client/ollama.(*Registry).chunksums,github.com/ollama/ollama/server/internal/client/ollama.(*Registry).chunksums,ggml_ops,L6_2362,00000000016c9f40
github.com/ollama/ollama/server/internal/client/ollama.(*Registry).chunksums.func1,github.com/ollama/ollama/server/internal/client/ollama.(*Registry).chunksums.func1,ggml_ops,L6_2363,00000000016ca0c0
github.com/ollama/ollama/server/internal/client/ollama.(*Registry).chunksums.func1.deferwrap1,github.com/ollama/ollama/server/internal/client/ollama.(*Registry).chunksums.func1.deferwrap1,ggml_ops,L6_2364,00000000016cb680
github.com/ollama/ollama/server/internal/client/ollama.(*Registry).client,github.com/ollama/ollama/server/internal/client/ollama.(*Registry).client,ggml_ops,L6_2365,00000000016cb6c0
github.com/ollama/ollama/server/internal/client/ollama.(*Registry).maxChunkingThreshold,github.com/ollama/ollama/server/internal/client/ollama.(*Registry).maxChunkingThreshold,ggml_ops,L6_2366,00000000016c2ca0
github.com/ollama/ollama/server/internal/client/ollama.(*Registry).maxStreams,github.com/ollama/ollama/server/internal/client/ollama.(*Registry).maxStreams,ggml_ops,L6_2367,00000000016c2be0
github.com/ollama/ollama/server/internal/client/ollama.(*Registry).newRequest,github.com/ollama/ollama/server/internal/client/ollama.(*Registry).newRequest,ggml_ops,L6_2368,00000000016cb720
github.com/ollama/ollama/server/internal/client/ollama.(*Registry).parseName,github.com/ollama/ollama/server/internal/client/ollama.(*Registry).parseName,ggml_ops,L6_2369,00000000016c1c40
github.com/ollama/ollama/server/internal/client/ollama.(*Registry).parseNameExtended,github.com/ollama/ollama/server/internal/client/ollama.(*Registry).parseNameExtended,ggml_ops,L6_2370,00000000016cd920
github.com/ollama/ollama/server/internal/client/ollama.(*Registry).Pull,github.com/ollama/ollama/server/internal/client/ollama.(*Registry).Pull,ggml_ops,L6_2347,00000000016c5100
github.com/ollama/ollama/server/internal/client/ollama.(*Registry).Pull.func1,github.com/ollama/ollama/server/internal/client/ollama.(*Registry).Pull.func1,ggml_ops,L6_2349,00000000016c6aa0
github.com/ollama/ollama/server/internal/client/ollama.(*Registry).Pull.func1.1,github.com/ollama/ollama/server/internal/client/ollama.(*Registry).Pull.func1.1,ggml_ops,L6_2350,00000000016c73e0
github.com/ollama/ollama/server/internal/client/ollama.(*Registry).Pull.func1.deferwrap1,github.com/ollama/ollama/server/internal/client/ollama.(*Registry).Pull.func1.deferwrap1,ggml_ops,L6_2351,00000000016c73a0
github.com/ollama/ollama/server/internal/client/ollama.(*Registry).Pull.func2,github.com/ollama/ollama/server/internal/client/ollama.(*Registry).Pull.func2,ggml_ops,L6_2352,00000000016c6200
github.com/ollama/ollama/server/internal/client/ollama.(*Registry).Pull-range1,github.com/ollama/ollama/server/internal/client/ollama.(*Registry).Pull-range1,ggml_ops,L6_2348,00000000016c6260
github.com/ollama/ollama/server/internal/client/ollama.(*Registry).Push,github.com/ollama/ollama/server/internal/client/ollama.(*Registry).Push,ggml_ops,L6_2353,00000000016c2d40
github.com/ollama/ollama/server/internal/client/ollama.(*Registry).Push.func1,github.com/ollama/ollama/server/internal/client/ollama.(*Registry).Push.func1,ggml_ops,L6_2354,00000000016c43c0
github.com/ollama/ollama/server/internal/client/ollama.(*Registry).Push.func1.1,github.com/ollama/ollama/server/internal/client/ollama.(*Registry).Push.func1.1,ggml_ops,L6_2355,00000000016c4f40
github.com/ollama/ollama/server/internal/client/ollama.(*Registry).Push.func1.deferwrap1,github.com/ollama/ollama/server/internal/client/ollama.(*Registry).Push.func1.deferwrap1,ggml_ops,L6_2356,00000000016c4f00
github.com/ollama/ollama/server/internal/client/ollama.(*Registry).Resolve,github.com/ollama/ollama/server/internal/client/ollama.(*Registry).Resolve,ggml_ops,L6_2357,00000000016c8de0
github.com/ollama/ollama/server/internal/client/ollama.(*Registry).Resolve.deferwrap1,github.com/ollama/ollama/server/internal/client/ollama.(*Registry).Resolve.deferwrap1,ggml_ops,L6_2358,00000000016c9f00
github.com/ollama/ollama/server/internal/client/ollama.(*Registry).ResolveLocal,github.com/ollama/ollama/server/internal/client/ollama.(*Registry).ResolveLocal,ggml_ops,L6_2359,00000000016c8240
github.com/ollama/ollama/server/internal/client/ollama.(*Registry).send,github.com/ollama/ollama/server/internal/client/ollama.(*Registry).send,ggml_ops,L6_2371,00000000016cc9e0
github.com/ollama/ollama/server/internal/client/ollama.(*Registry).Unlink,github.com/ollama/ollama/server/internal/client/ollama.(*Registry).Unlink,ggml_ops,L6_2360,00000000016c7520
github.com/ollama/ollama/server/internal/client/ollama.sendRequest,github.com/ollama/ollama/server/internal/client/ollama.sendRequest,ggml_ops,L6_2391,00000000016cbb20
github.com/ollama/ollama/server/internal/client/ollama.sendRequest.func1,github.com/ollama/ollama/server/internal/client/ollama.sendRequest.func1,ggml_ops,L6_2392,00000000016cc860
github.com/ollama/ollama/server/internal/client/ollama.splitExtended,github.com/ollama/ollama/server/internal/client/ollama.splitExtended,ggml_ops,L6_2393,00000000016ce2a0
github.com/ollama/ollama/server/internal/client/ollama.traceFromContext,github.com/ollama/ollama/server/internal/client/ollama.traceFromContext,ggml_ops,L6_2394,00000000016ce5a0
github.com/ollama/ollama/server/internal/client/ollama.(*Trace).update,github.com/ollama/ollama/server/internal/client/ollama.(*Trace).update,ggml_ops,L6_2372,00000000016ce460
github.com/ollama/ollama/server/internal/client/ollama.(*Trace).update-fm,github.com/ollama/ollama/server/internal/client/ollama.(*Trace).update-fm,ggml_ops,L6_2373,00000000016d04c0
github.com/ollama/ollama/server/internal/client/ollama.(*trackingReader).Read,github.com/ollama/ollama/server/internal/client/ollama.(*trackingReader).Read,ggml_ops,L6_2376,00000000016c4fc0
github.com/ollama/ollama/server/internal/client/ollama.unmarshalManifest,github.com/ollama/ollama/server/internal/client/ollama.unmarshalManifest,ggml_ops,L6_2395,00000000016c7e40
github.com/ollama/ollama/server/internal/client/ollama.UserAgent,github.com/ollama/ollama/server/internal/client/ollama.UserAgent,ggml_ops,L6_2379,00000000016c28c0
github.com/ollama/ollama/server/internal/client/ollama.withPublicMessagef,github.com/ollama/ollama/server/internal/client/ollama.withPublicMessagef,ggml_ops,L6_2396,00000000016cd740
github.com/ollama/ollama/server/internal/client/ollama.WithTrace,github.com/ollama/ollama/server/internal/client/ollama.WithTrace,ggml_ops,L6_2380,00000000016ce500
github.com/ollama/ollama/server/internal/internal/names.cutLastAny,github.com/ollama/ollama/server/internal/internal/names.cutLastAny,ggml_ops,L6_2406,00000000016b9b80
github.com/ollama/ollama/server/internal/internal/names.isAlphanumericOrUnderscore,github.com/ollama/ollama/server/internal/internal/names.isAlphanumericOrUnderscore,ggml_ops,L6_2407,00000000016b9780
github.com/ollama/ollama/server/internal/internal/names.isValidPart,github.com/ollama/ollama/server/internal/internal/names.isValidPart,ggml_ops,L6_2408,00000000016b9500
github.com/ollama/ollama/server/internal/internal/names.Merge,github.com/ollama/ollama/server/internal/internal/names.Merge,ggml_ops,L6_2397,00000000016b8e60
github.com/ollama/ollama/server/internal/internal/names.Name.Host,github.com/ollama/ollama/server/internal/internal/names.Name.Host,ggml_ops,L6_2398,00000000016b9860
github.com/ollama/ollama/server/internal/internal/names.Name.IsFullyQualified,github.com/ollama/ollama/server/internal/internal/names.Name.IsFullyQualified,ggml_ops,L6_2399,00000000016b93a0
github.com/ollama/ollama/server/internal/internal/names.Name.IsValid,github.com/ollama/ollama/server/internal/internal/names.Name.IsValid,ggml_ops,L6_2400,00000000016b91e0
github.com/ollama/ollama/server/internal/internal/names.Name.Model,github.com/ollama/ollama/server/internal/internal/names.Name.Model,ggml_ops,L6_2401,00000000016b9920
github.com/ollama/ollama/server/internal/internal/names.Name.Namespace,github.com/ollama/ollama/server/internal/internal/names.Name.Namespace,ggml_ops,L6_2402,00000000016b98c0
github.com/ollama/ollama/server/internal/internal/names.Name.String,github.com/ollama/ollama/server/internal/internal/names.Name.String,ggml_ops,L6_2403,00000000016b99e0
github.com/ollama/ollama/server/internal/internal/names.Name.Tag,github.com/ollama/ollama/server/internal/internal/names.Name.Tag,ggml_ops,L6_2404,00000000016b9980
github.com/ollama/ollama/server/internal/internal/names.Parse,github.com/ollama/ollama/server/internal/internal/names.Parse,ggml_ops,L6_2405,00000000016b8a80
github.com/ollama/ollama/server/internal/registry.decodeUserJSON[go.shape.*uint8],github.com/ollama/ollama/server/internal/registry.decodeUserJSON[go.shape.*uint8],ggml_ops,L6_2426,00000000016d3b60
github.com/ollama/ollama/server/internal/registry.(*Local).handleDelete,github.com/ollama/ollama/server/internal/registry.(*Local).handleDelete,ggml_ops,L6_2410,00000000016d2060
github.com/ollama/ollama/server/internal/registry.(*Local).handlePull,github.com/ollama/ollama/server/internal/registry.(*Local).handlePull,ggml_ops,L6_2411,00000000016d24c0
github.com/ollama/ollama/server/internal/registry.(*Local).handlePull.func1,github.com/ollama/ollama/server/internal/registry.(*Local).handlePull.func1,ggml_ops,L6_2412,00000000016d3820
github.com/ollama/ollama/server/internal/registry.(*Local).handlePull.func2,github.com/ollama/ollama/server/internal/registry.(*Local).handlePull.func2,ggml_ops,L6_2413,00000000016d3620
github.com/ollama/ollama/server/internal/registry.(*Local).handlePull.func3,github.com/ollama/ollama/server/internal/registry.(*Local).handlePull.func3,ggml_ops,L6_2414,00000000016d35c0
github.com/ollama/ollama/server/internal/registry.(*Local).handlePull.func4,github.com/ollama/ollama/server/internal/registry.(*Local).handlePull.func4,ggml_ops,L6_2415,00000000016d34e0
github.com/ollama/ollama/server/internal/registry.(*Local).handlePull.func5,github.com/ollama/ollama/server/internal/registry.(*Local).handlePull.func5,ggml_ops,L6_2416,00000000016d33c0
github.com/ollama/ollama/server/internal/registry.(*Local).serveHTTP,github.com/ollama/ollama/server/internal/registry.(*Local).serveHTTP,ggml_ops,L6_2417,00000000016d0d40
github.com/ollama/ollama/server/internal/registry.(*Local).ServeHTTP,github.com/ollama/ollama/server/internal/registry.(*Local).ServeHTTP,ggml_ops,L6_2409,00000000016d0c40
github.com/ollama/ollama/server/internal/registry.(*Local).serveHTTP.func1,github.com/ollama/ollama/server/internal/registry.(*Local).serveHTTP.func1,ggml_ops,L6_2418,00000000016d1a60
github.com/ollama/ollama/server/internal/registry.params.model,github.com/ollama/ollama/server/internal/registry.params.model,ggml_ops,L6_2427,00000000016d1ec0
github.com/ollama/ollama/server/internal/registry.params.stream,github.com/ollama/ollama/server/internal/registry.params.stream,ggml_ops,L6_2428,00000000016d2000
github.com/ollama/ollama/server/internal/registry.(*serverError).Error,github.com/ollama/ollama/server/internal/registry.(*serverError).Error,ggml_ops,L6_2419,00000000016d4000
github.com/ollama/ollama/server/internal/registry.serverError.Error,github.com/ollama/ollama/server/internal/registry.serverError.Error,ggml_ops,L6_2429,00000000016d09a0
github.com/ollama/ollama/server/internal/registry.(*statusCodeRecorder).CloseNotify,github.com/ollama/ollama/server/internal/registry.(*statusCodeRecorder).CloseNotify,ggml_ops,L6_2420,00000000016d0a60
github.com/ollama/ollama/server/internal/registry.(*statusCodeRecorder).Flush,github.com/ollama/ollama/server/internal/registry.(*statusCodeRecorder).Flush,ggml_ops,L6_2421,00000000016d0b00
github.com/ollama/ollama/server/internal/registry.(*statusCodeRecorder).Header,github.com/ollama/ollama/server/internal/registry.(*statusCodeRecorder).Header,ggml_ops,L6_2422,00000000016d4140
github.com/ollama/ollama/server/internal/registry.statusCodeRecorder.Header,github.com/ollama/ollama/server/internal/registry.statusCodeRecorder.Header,ggml_ops,L6_2430,00000000016d40c0
github.com/ollama/ollama/server/internal/registry.(*statusCodeRecorder).status,github.com/ollama/ollama/server/internal/registry.(*statusCodeRecorder).status,ggml_ops,L6_2425,00000000016d0ba0
github.com/ollama/ollama/server/internal/registry.(*statusCodeRecorder).Write,github.com/ollama/ollama/server/internal/registry.(*statusCodeRecorder).Write,ggml_ops,L6_2423,00000000016d42c0
github.com/ollama/ollama/server/internal/registry.statusCodeRecorder.Write,github.com/ollama/ollama/server/internal/registry.statusCodeRecorder.Write,ggml_ops,L6_2431,00000000016d41a0
github.com/ollama/ollama/server/internal/registry.(*statusCodeRecorder).WriteHeader,github.com/ollama/ollama/server/internal/registry.(*statusCodeRecorder).WriteHeader,ggml_ops,L6_2424,00000000016d09e0
github.com/ollama/ollama/server.isLocalIP,github.com/ollama/ollama/server.isLocalIP,ggml_ops,L6_2243,0000000001711d00
github.com/ollama/ollama/server.kvFromLayers,github.com/ollama/ollama/server.kvFromLayers,ggml_ops,L6_2244,00000000016dba20
github.com/ollama/ollama/server.(*Layer).Open,github.com/ollama/ollama/server.(*Layer).Open,ggml_ops,L6_2029,00000000016f64c0
github.com/ollama/ollama/server.(*Layer).Remove,github.com/ollama/ollama/server.(*Layer).Remove,ggml_ops,L6_2030,00000000016f6700
github.com/ollama/ollama/server.(*LlmRequest).useLoadedRunner,github.com/ollama/ollama/server.(*LlmRequest).useLoadedRunner,ggml_ops,L6_2031,000000000171e3e0
github.com/ollama/ollama/server.(*LlmRequest).useLoadedRunner.deferwrap1,github.com/ollama/ollama/server.(*LlmRequest).useLoadedRunner.deferwrap1,ggml_ops,L6_2032,000000000171e6a0
github.com/ollama/ollama/server.(*LlmRequest).useLoadedRunner.func1,github.com/ollama/ollama/server.(*LlmRequest).useLoadedRunner.func1,ggml_ops,L6_2033,000000000171e620
github.com/ollama/ollama/server.makeRequest,github.com/ollama/ollama/server.makeRequest,ggml_ops,L6_2245,00000000016f3c20
github.com/ollama/ollama/server.makeRequestWithRetry,github.com/ollama/ollama/server.makeRequestWithRetry,ggml_ops,L6_2246,00000000016f2e20
github.com/ollama/ollama/server.makeRequestWithRetry.deferwrap1,github.com/ollama/ollama/server.makeRequestWithRetry.deferwrap1,ggml_ops,L6_2247,00000000016f3be0
github.com/ollama/ollama/server.(*Manifest).Remove,github.com/ollama/ollama/server.(*Manifest).Remove,ggml_ops,L6_2034,00000000016f6e80
github.com/ollama/ollama/server.(*Manifest).RemoveLayers,github.com/ollama/ollama/server.(*Manifest).RemoveLayers,ggml_ops,L6_2035,00000000016f6fe0
github.com/ollama/ollama/server.Manifests,github.com/ollama/ollama/server.Manifests,ggml_ops,L6_2177,00000000016f83e0
github.com/ollama/ollama/server.(*Manifest).Size,github.com/ollama/ollama/server.(*Manifest).Size,ggml_ops,L6_2036,00000000016f6c40
github.com/ollama/ollama/server.(*Model).Capabilities,github.com/ollama/ollama/server.(*Model).Capabilities,ggml_ops,L6_2037,00000000016e8ca0
github.com/ollama/ollama/server.(*Model).Capabilities.deferwrap1,github.com/ollama/ollama/server.(*Model).Capabilities.deferwrap1,ggml_ops,L6_2038,00000000016e9900
github.com/ollama/ollama/server.(*Model).CheckCapabilities,github.com/ollama/ollama/server.(*Model).CheckCapabilities,ggml_ops,L6_2039,00000000016e9940
github.com/ollama/ollama/server.modelOptions,github.com/ollama/ollama/server.modelOptions,ggml_ops,L6_2248,00000000017003e0
github.com/ollama/ollama/server.(*Model).parseToolCalls,github.com/ollama/ollama/server.(*Model).parseToolCalls,ggml_ops,L6_2041,00000000016fb940
github.com/ollama/ollama/server.(*Model).parseToolCalls.func1,github.com/ollama/ollama/server.(*Model).parseToolCalls.func1,ggml_ops,L6_2042,000000000172b3c0
github.com/ollama/ollama/server.(*Model).parseToolCalls.func2,github.com/ollama/ollama/server.(*Model).parseToolCalls.func2,ggml_ops,L6_2043,00000000016fc520
github.com/ollama/ollama/server.ModelPath.BaseURL,github.com/ollama/ollama/server.ModelPath.BaseURL,ggml_ops,L6_2178,00000000016fdc00
github.com/ollama/ollama/server.ModelPath.GetFullTagname,github.com/ollama/ollama/server.ModelPath.GetFullTagname,ggml_ops,L6_2179,00000000016fd100
github.com/ollama/ollama/server.ModelPath.GetManifestPath,github.com/ollama/ollama/server.ModelPath.GetManifestPath,ggml_ops,L6_2180,00000000016fd960
github.com/ollama/ollama/server.ModelPath.GetNamespaceRepository,github.com/ollama/ollama/server.ModelPath.GetNamespaceRepository,ggml_ops,L6_2181,00000000016fcfc0
github.com/ollama/ollama/server.ModelPath.GetShortTagname,github.com/ollama/ollama/server.ModelPath.GetShortTagname,ggml_ops,L6_2182,00000000016fd300
github.com/ollama/ollama/server.(*Model).String,github.com/ollama/ollama/server.(*Model).String,ggml_ops,L6_2040,00000000016ea240
github.com/ollama/ollama/server.newBackoff,github.com/ollama/ollama/server.newBackoff,ggml_ops,L6_2249,00000000016e4520
github.com/ollama/ollama/server.newBackoff.func1,github.com/ollama/ollama/server.newBackoff.func1,ggml_ops,L6_2250,00000000016e45e0
github.com/ollama/ollama/server.newBackoff.func1.deferwrap1,github.com/ollama/ollama/server.newBackoff.func1.deferwrap1,ggml_ops,L6_2251,00000000016e4920
github.com/ollama/ollama/server.NewLayer,github.com/ollama/ollama/server.NewLayer,ggml_ops,L6_2183,00000000016f4f40
github.com/ollama/ollama/server.NewLayer.deferwrap1,github.com/ollama/ollama/server.NewLayer.deferwrap1,ggml_ops,L6_2184,00000000016f5ee0
github.com/ollama/ollama/server.NewLayer.deferwrap2,github.com/ollama/ollama/server.NewLayer.deferwrap2,ggml_ops,L6_2185,00000000016f5ea0
github.com/ollama/ollama/server.NewLayerFromLayer,github.com/ollama/ollama/server.NewLayerFromLayer,ggml_ops,L6_2186,00000000016f5f20
github.com/ollama/ollama/server.normalize,github.com/ollama/ollama/server.normalize,ggml_ops,L6_2252,0000000001707e20
github.com/ollama/ollama/server.parseFromModel,github.com/ollama/ollama/server.parseFromModel,ggml_ops,L6_2253,00000000016f9580
github.com/ollama/ollama/server.parseFromModel.deferwrap1,github.com/ollama/ollama/server.parseFromModel.deferwrap1,ggml_ops,L6_2254,00000000016fa4e0
github.com/ollama/ollama/server.ParseModelPath,github.com/ollama/ollama/server.ParseModelPath,ggml_ops,L6_2187,00000000016fcae0
github.com/ollama/ollama/server.ParseNamedManifest,github.com/ollama/ollama/server.ParseNamedManifest,ggml_ops,L6_2188,00000000016f73c0
github.com/ollama/ollama/server.ParseNamedManifest.deferwrap1,github.com/ollama/ollama/server.ParseNamedManifest.deferwrap1,ggml_ops,L6_2189,00000000016f7d80
github.com/ollama/ollama/server.parseObjects,github.com/ollama/ollama/server.parseObjects,ggml_ops,L6_2255,00000000016fb480
github.com/ollama/ollama/server.parseRegistryChallenge,github.com/ollama/ollama/server.parseRegistryChallenge,ggml_ops,L6_2256,00000000016f4880
github.com/ollama/ollama/server.pickBestFullFitByLibrary,github.com/ollama/ollama/server.pickBestFullFitByLibrary,ggml_ops,L6_2257,0000000001722e60
github.com/ollama/ollama/server.pickBestPartialFitByLibrary,github.com/ollama/ollama/server.pickBestPartialFitByLibrary,ggml_ops,L6_2258,0000000001724320
github.com/ollama/ollama/server.(*progressWriter).Open,github.com/ollama/ollama/server.(*progressWriter).Open,ggml_ops,L6_2148,0000000001730d60
github.com/ollama/ollama/server.progressWriter.Open,github.com/ollama/ollama/server.progressWriter.Open,ggml_ops,L6_2259,0000000001730c60
github.com/ollama/ollama/server.(*progressWriter).Prepare,github.com/ollama/ollama/server.(*progressWriter).Prepare,ggml_ops,L6_2149,0000000001730e60
github.com/ollama/ollama/server.progressWriter.Prepare,github.com/ollama/ollama/server.progressWriter.Prepare,ggml_ops,L6_2260,0000000001730da0
github.com/ollama/ollama/server.(*progressWriter).Remove,github.com/ollama/ollama/server.(*progressWriter).Remove,ggml_ops,L6_2150,0000000001730f40
github.com/ollama/ollama/server.progressWriter.Remove,github.com/ollama/ollama/server.progressWriter.Remove,ggml_ops,L6_2261,0000000001730ec0
github.com/ollama/ollama/server.(*progressWriter).Rollback,github.com/ollama/ollama/server.(*progressWriter).Rollback,ggml_ops,L6_2151,0000000001729c00
github.com/ollama/ollama/server.(*progressWriter).Run,github.com/ollama/ollama/server.(*progressWriter).Run,ggml_ops,L6_2152,0000000001731000
github.com/ollama/ollama/server.progressWriter.Run,github.com/ollama/ollama/server.progressWriter.Run,ggml_ops,L6_2262,0000000001730f80
github.com/ollama/ollama/server.(*progressWriter).Wait,github.com/ollama/ollama/server.(*progressWriter).Wait,ggml_ops,L6_2153,00000000017310c0
github.com/ollama/ollama/server.progressWriter.Wait,github.com/ollama/ollama/server.progressWriter.Wait,ggml_ops,L6_2263,0000000001731020
github.com/ollama/ollama/server.(*progressWriter).Write,github.com/ollama/ollama/server.(*progressWriter).Write,ggml_ops,L6_2154,0000000001729b40
github.com/ollama/ollama/server.PruneDirectory,github.com/ollama/ollama/server.PruneDirectory,ggml_ops,L6_2190,00000000016ef4c0
github.com/ollama/ollama/server.PruneLayers,github.com/ollama/ollama/server.PruneLayers,ggml_ops,L6_2191,00000000016ee8e0
github.com/ollama/ollama/server.PullModel,github.com/ollama/ollama/server.PullModel,ggml_ops,L6_2192,00000000016f09e0
github.com/ollama/ollama/server.pullModelManifest,github.com/ollama/ollama/server.pullModelManifest,ggml_ops,L6_2264,00000000016f2480
github.com/ollama/ollama/server.pullModelManifest.deferwrap1,github.com/ollama/ollama/server.pullModelManifest.deferwrap1,ggml_ops,L6_2265,00000000016f2ac0
github.com/ollama/ollama/server.PushModel,github.com/ollama/ollama/server.PushModel,ggml_ops,L6_2193,00000000016efa60
github.com/ollama/ollama/server.PushModel.deferwrap1,github.com/ollama/ollama/server.PushModel.deferwrap1,ggml_ops,L6_2194,00000000016f09a0
github.com/ollama/ollama/server.quantizeLayer,github.com/ollama/ollama/server.quantizeLayer,ggml_ops,L6_2266,00000000016dd780
github.com/ollama/ollama/server.quantizeLayer.deferwrap1,github.com/ollama/ollama/server.quantizeLayer.deferwrap1,ggml_ops,L6_2267,00000000016de560
github.com/ollama/ollama/server.quantizeLayer.deferwrap2,github.com/ollama/ollama/server.quantizeLayer.deferwrap2,ggml_ops,L6_2268,00000000016de520
github.com/ollama/ollama/server.registryChallenge.URL,github.com/ollama/ollama/server.registryChallenge.URL,ggml_ops,L6_2269,00000000016d4d80
github.com/ollama/ollama/server.removeLayer,github.com/ollama/ollama/server.removeLayer,ggml_ops,L6_2270,00000000016dfe00
github.com/ollama/ollama/server.removeLayer.func1,github.com/ollama/ollama/server.removeLayer.func1,ggml_ops,L6_2271,00000000016dff20
github.com/ollama/ollama/server.(*runnerRef).FromMap,github.com/ollama/ollama/server.(*runnerRef).FromMap,memory,L8_030,0000000001730120
github.com/ollama/ollama/server.runnerRef.FromMap,github.com/ollama/ollama/server.runnerRef.FromMap,memory,L8_031,00000000017300a0
github.com/ollama/ollama/server.(*runnerRef).needsReload,github.com/ollama/ollama/server.(*runnerRef).needsReload,ggml_ops,L6_2155,0000000001721720
github.com/ollama/ollama/server.(*runnerRef).needsReload.deferwrap1,github.com/ollama/ollama/server.(*runnerRef).needsReload.deferwrap1,ggml_ops,L6_2156,0000000001721dc0
github.com/ollama/ollama/server.(*runnerRef).unload,github.com/ollama/ollama/server.(*runnerRef).unload,ggml_ops,L6_2157,00000000017215a0
github.com/ollama/ollama/server.(*runnerRef).waitForVRAMRecovery,github.com/ollama/ollama/server.(*runnerRef).waitForVRAMRecovery,ggml_ops,L6_2158,0000000001721e00
github.com/ollama/ollama/server.(*runnerRef).waitForVRAMRecovery.func1,github.com/ollama/ollama/server.(*runnerRef).waitForVRAMRecovery.func1,ggml_ops,L6_2159,0000000001722440
github.com/ollama/ollama/server.(*runnerRef).waitForVRAMRecovery.func1.deferwrap1,github.com/ollama/ollama/server.(*runnerRef).waitForVRAMRecovery.func1.deferwrap1,ggml_ops,L6_2160,0000000001722c20
github.com/ollama/ollama/server.(*Scheduler).expireRunner,github.com/ollama/ollama/server.(*Scheduler).expireRunner,sched_compute,L4_044,0000000001724f40
github.com/ollama/ollama/server.(*Scheduler).expireRunner.deferwrap1,github.com/ollama/ollama/server.(*Scheduler).expireRunner.deferwrap1,sched_compute,L4_045,00000000017251e0
github.com/ollama/ollama/server.(*Scheduler).filterGPUsWithoutLoadingModels,github.com/ollama/ollama/server.(*Scheduler).filterGPUsWithoutLoadingModels,sched_compute,L4_046,0000000001720c20
github.com/ollama/ollama/server.(*Scheduler).filterGPUsWithoutLoadingModels.deferwrap1,github.com/ollama/ollama/server.(*Scheduler).filterGPUsWithoutLoadingModels.deferwrap1,sched_compute,L4_047,0000000001721560
github.com/ollama/ollama/server.(*Scheduler).findRunnerToUnload,github.com/ollama/ollama/server.(*Scheduler).findRunnerToUnload,sched_compute,L4_048,0000000001724820
github.com/ollama/ollama/server.(*Scheduler).GetRunner,github.com/ollama/ollama/server.(*Scheduler).GetRunner,sched_compute,L4_040,000000000171acc0
github.com/ollama/ollama/server.(*Scheduler).load,github.com/ollama/ollama/server.(*Scheduler).load,sched_compute,L4_049,000000000171e6e0
github.com/ollama/ollama/server.(*Scheduler).load-fm,github.com/ollama/ollama/server.(*Scheduler).load-fm,sched_compute,L4_050,0000000001731120
github.com/ollama/ollama/server.(*Scheduler).load.func1,github.com/ollama/ollama/server.(*Scheduler).load.func1,sched_compute,L4_051,000000000171f540
github.com/ollama/ollama/server.(*Scheduler).load.func1.1,github.com/ollama/ollama/server.(*Scheduler).load.func1.1,sched_compute,L4_052,000000000171fac0
github.com/ollama/ollama/server.(*Scheduler).load.func1.deferwrap1,github.com/ollama/ollama/server.(*Scheduler).load.func1.deferwrap1,sched_compute,L4_053,000000000171fb60
github.com/ollama/ollama/server.(*Scheduler).maybeFindCPURunnerToUnload,github.com/ollama/ollama/server.(*Scheduler).maybeFindCPURunnerToUnload,sched_compute,L4_054,0000000001725220
github.com/ollama/ollama/server.(*Scheduler).processCompleted,github.com/ollama/ollama/server.(*Scheduler).processCompleted,sched_compute,L4_055,000000000171cca0
github.com/ollama/ollama/server.(*Scheduler).processCompleted.func1,github.com/ollama/ollama/server.(*Scheduler).processCompleted.func1,sched_compute,L4_056,000000000171e0c0
github.com/ollama/ollama/server.(*Scheduler).processCompleted.func1.deferwrap1,github.com/ollama/ollama/server.(*Scheduler).processCompleted.func1.deferwrap1,sched_compute,L4_057,000000000171e300
github.com/ollama/ollama/server.(*Scheduler).processCompleted.func2,github.com/ollama/ollama/server.(*Scheduler).processCompleted.func2,sched_compute,L4_058,000000000171e380
github.com/ollama/ollama/server.(*Scheduler).processCompleted.gowrap1,github.com/ollama/ollama/server.(*Scheduler).processCompleted.gowrap1,sched_compute,L4_059,000000000171e340
github.com/ollama/ollama/server.(*Scheduler).processPending,github.com/ollama/ollama/server.(*Scheduler).processPending,sched_compute,L4_060,000000000171b2c0
github.com/ollama/ollama/server.(*Scheduler).processPending.func1,github.com/ollama/ollama/server.(*Scheduler).processPending.func1,sched_compute,L4_061,000000000171caa0
github.com/ollama/ollama/server.(*Scheduler).Run,github.com/ollama/ollama/server.(*Scheduler).Run,sched_compute,L4_041,000000000171b080
github.com/ollama/ollama/server.(*Scheduler).Run.func1,github.com/ollama/ollama/server.(*Scheduler).Run.func1,sched_compute,L4_042,000000000171b260
github.com/ollama/ollama/server.(*Scheduler).Run.func2,github.com/ollama/ollama/server.(*Scheduler).Run.func2,sched_compute,L4_043,000000000171b200
github.com/ollama/ollama/server.(*Scheduler).unloadAllRunners,github.com/ollama/ollama/server.(*Scheduler).unloadAllRunners,sched_compute,L4_062,0000000001724c80
github.com/ollama/ollama/server.(*Scheduler).unloadAllRunners.deferwrap1,github.com/ollama/ollama/server.(*Scheduler).unloadAllRunners.deferwrap1,sched_compute,L4_063,0000000001724f00
github.com/ollama/ollama/server.(*Scheduler).updateFreeSpace,github.com/ollama/ollama/server.(*Scheduler).updateFreeSpace,sched_compute,L4_064,000000000171fba0
github.com/ollama/ollama/server.Serve,github.com/ollama/ollama/server.Serve,ggml_ops,L6_2195,0000000001714b60
github.com/ollama/ollama/server.Serve.func1,github.com/ollama/ollama/server.Serve.func1,ggml_ops,L6_2196,000000000172a8c0
github.com/ollama/ollama/server.Serve.func2,github.com/ollama/ollama/server.Serve.func2,ggml_ops,L6_2197,0000000001715ae0
github.com/ollama/ollama/server.(*Server).ChatHandler,github.com/ollama/ollama/server.(*Server).ChatHandler,ggml_ops,L6_2044,0000000001716e80
github.com/ollama/ollama/server.(*Server).ChatHandler-fm,github.com/ollama/ollama/server.(*Server).ChatHandler-fm,ggml_ops,L6_2045,0000000001731640
github.com/ollama/ollama/server.(*Server).ChatHandler.func1,github.com/ollama/ollama/server.(*Server).ChatHandler.func1,ggml_ops,L6_2046,00000000017196c0
github.com/ollama/ollama/server.(*Server).ChatHandler.func1.1,github.com/ollama/ollama/server.(*Server).ChatHandler.func1.1,ggml_ops,L6_2047,0000000001719ce0
github.com/ollama/ollama/server.(*Server).ChatHandler.func1.deferwrap1,github.com/ollama/ollama/server.(*Server).ChatHandler.func1.deferwrap1,ggml_ops,L6_2048,000000000171a340
github.com/ollama/ollama/server.(*Server).CopyHandler,github.com/ollama/ollama/server.(*Server).CopyHandler,ggml_ops,L6_2049,000000000170f940
github.com/ollama/ollama/server.(*Server).CopyHandler-fm,github.com/ollama/ollama/server.(*Server).CopyHandler-fm,ggml_ops,L6_2050,0000000001731580
github.com/ollama/ollama/server.(*Server).CreateBlobHandler,github.com/ollama/ollama/server.(*Server).CreateBlobHandler,ggml_ops,L6_2051,0000000001710e00
github.com/ollama/ollama/server.(*Server).CreateBlobHandler-fm,github.com/ollama/ollama/server.(*Server).CreateBlobHandler-fm,ggml_ops,L6_2052,0000000001731500
github.com/ollama/ollama/server.(*Server).CreateHandler,github.com/ollama/ollama/server.(*Server).CreateHandler,ggml_ops,L6_2053,00000000016d61a0
github.com/ollama/ollama/server.(*Server).CreateHandler-fm,github.com/ollama/ollama/server.(*Server).CreateHandler-fm,ggml_ops,L6_2054,00000000017314c0
github.com/ollama/ollama/server.(*Server).CreateHandler.func1,github.com/ollama/ollama/server.(*Server).CreateHandler.func1,ggml_ops,L6_2055,00000000016d6d20
github.com/ollama/ollama/server.(*Server).CreateHandler.func1.1,github.com/ollama/ollama/server.(*Server).CreateHandler.func1.1,ggml_ops,L6_2056,00000000016d8960
github.com/ollama/ollama/server.(*Server).CreateHandler.func1.deferwrap1,github.com/ollama/ollama/server.(*Server).CreateHandler.func1.deferwrap1,ggml_ops,L6_2057,00000000016d8a20
github.com/ollama/ollama/server.(*Server).DeleteHandler,github.com/ollama/ollama/server.(*Server).DeleteHandler,ggml_ops,L6_2058,000000000170ac80
github.com/ollama/ollama/server.(*Server).DeleteHandler-fm,github.com/ollama/ollama/server.(*Server).DeleteHandler-fm,ggml_ops,L6_2059,0000000001731480
github.com/ollama/ollama/server.(*Server).EmbeddingsHandler,github.com/ollama/ollama/server.(*Server).EmbeddingsHandler,ggml_ops,L6_2063,0000000001708020
github.com/ollama/ollama/server.(*Server).EmbeddingsHandler-fm,github.com/ollama/ollama/server.(*Server).EmbeddingsHandler-fm,ggml_ops,L6_2064,00000000017316c0
github.com/ollama/ollama/server.(*Server).EmbedHandler,github.com/ollama/ollama/server.(*Server).EmbedHandler,ggml_ops,L6_2060,0000000001705da0
github.com/ollama/ollama/server.(*Server).EmbedHandler-fm,github.com/ollama/ollama/server.(*Server).EmbedHandler-fm,ggml_ops,L6_2061,0000000001731680
github.com/ollama/ollama/server.(*Server).EmbedHandler.func1,github.com/ollama/ollama/server.(*Server).EmbedHandler.func1,ggml_ops,L6_2062,0000000001707ba0
github.com/ollama/ollama/server.(*Server).GenerateHandler,github.com/ollama/ollama/server.(*Server).GenerateHandler,ggml_ops,L6_2065,0000000001701300
github.com/ollama/ollama/server.(*Server).GenerateHandler-fm,github.com/ollama/ollama/server.(*Server).GenerateHandler-fm,ggml_ops,L6_2066,0000000001731600
github.com/ollama/ollama/server.(*Server).GenerateHandler.func1,github.com/ollama/ollama/server.(*Server).GenerateHandler.func1,ggml_ops,L6_2067,0000000001704f20
github.com/ollama/ollama/server.(*Server).GenerateHandler.func1.1,github.com/ollama/ollama/server.(*Server).GenerateHandler.func1.1,ggml_ops,L6_2068,0000000001705560
github.com/ollama/ollama/server.(*Server).GenerateHandler.func1.deferwrap1,github.com/ollama/ollama/server.(*Server).GenerateHandler.func1.deferwrap1,ggml_ops,L6_2069,0000000001705d60
github.com/ollama/ollama/server.(*Server).GenerateRoutes,github.com/ollama/ollama/server.(*Server).GenerateRoutes,ggml_ops,L6_2070,0000000001712f80
github.com/ollama/ollama/server.(*Server).GenerateRoutes.func1,github.com/ollama/ollama/server.(*Server).GenerateRoutes.func1,ggml_ops,L6_2071,000000000172b0c0
github.com/ollama/ollama/server.(*Server).GenerateRoutes.func2,github.com/ollama/ollama/server.(*Server).GenerateRoutes.func2,ggml_ops,L6_2072,000000000172b120
github.com/ollama/ollama/server.(*Server).GenerateRoutes.func3,github.com/ollama/ollama/server.(*Server).GenerateRoutes.func3,ggml_ops,L6_2073,000000000172b180
github.com/ollama/ollama/server.(*Server).GenerateRoutes.func4,github.com/ollama/ollama/server.(*Server).GenerateRoutes.func4,ggml_ops,L6_2074,000000000172b260
github.com/ollama/ollama/server.(*Server).HeadBlobHandler,github.com/ollama/ollama/server.(*Server).HeadBlobHandler,ggml_ops,L6_2075,0000000001710980
github.com/ollama/ollama/server.(*Server).HeadBlobHandler-fm,github.com/ollama/ollama/server.(*Server).HeadBlobHandler-fm,ggml_ops,L6_2076,0000000001731540
github.com/ollama/ollama/server.(*Server).ListHandler,github.com/ollama/ollama/server.(*Server).ListHandler,ggml_ops,L6_2077,000000000170eb80
github.com/ollama/ollama/server.(*Server).ListHandler.deferwrap1,github.com/ollama/ollama/server.(*Server).ListHandler.deferwrap1,ggml_ops,L6_2079,000000000170f900
github.com/ollama/ollama/server.(*Server).ListHandler-fm,github.com/ollama/ollama/server.(*Server).ListHandler-fm,ggml_ops,L6_2078,0000000001731400
github.com/ollama/ollama/server.(*Server).ListHandler.func1,github.com/ollama/ollama/server.(*Server).ListHandler.func1,ggml_ops,L6_2080,000000000172b340
github.com/ollama/ollama/server.(*Server).PsHandler,github.com/ollama/ollama/server.(*Server).PsHandler,ggml_ops,L6_2081,00000000017168a0
github.com/ollama/ollama/server.(*Server).PsHandler-fm,github.com/ollama/ollama/server.(*Server).PsHandler-fm,ggml_ops,L6_2082,00000000017315c0
github.com/ollama/ollama/server.(*Server).PsHandler.func1,github.com/ollama/ollama/server.(*Server).PsHandler.func1,ggml_ops,L6_2083,000000000172b020
github.com/ollama/ollama/server.(*Server).PullHandler,github.com/ollama/ollama/server.(*Server).PullHandler,ggml_ops,L6_2084,0000000001708b60
github.com/ollama/ollama/server.(*Server).PullHandler-fm,github.com/ollama/ollama/server.(*Server).PullHandler-fm,ggml_ops,L6_2085,0000000001731380
github.com/ollama/ollama/server.(*Server).PullHandler.func1,github.com/ollama/ollama/server.(*Server).PullHandler.func1,ggml_ops,L6_2086,00000000017094a0
github.com/ollama/ollama/server.(*Server).PullHandler.func1.1,github.com/ollama/ollama/server.(*Server).PullHandler.func1.1,ggml_ops,L6_2087,00000000017098c0
github.com/ollama/ollama/server.(*Server).PullHandler.func1.deferwrap1,github.com/ollama/ollama/server.(*Server).PullHandler.func1.deferwrap1,ggml_ops,L6_2088,0000000001709980
github.com/ollama/ollama/server.(*Server).PushHandler,github.com/ollama/ollama/server.(*Server).PushHandler,ggml_ops,L6_2089,00000000017099c0
github.com/ollama/ollama/server.(*Server).PushHandler-fm,github.com/ollama/ollama/server.(*Server).PushHandler-fm,ggml_ops,L6_2090,00000000017313c0
github.com/ollama/ollama/server.(*Server).PushHandler.func1,github.com/ollama/ollama/server.(*Server).PushHandler.func1,ggml_ops,L6_2091,0000000001709ee0
github.com/ollama/ollama/server.(*Server).PushHandler.func1.1,github.com/ollama/ollama/server.(*Server).PushHandler.func1.1,ggml_ops,L6_2092,000000000170a660
github.com/ollama/ollama/server.(*Server).PushHandler.func1.deferwrap1,github.com/ollama/ollama/server.(*Server).PushHandler.func1.deferwrap1,ggml_ops,L6_2093,000000000170a720
github.com/ollama/ollama/server.(*Server).scheduleRunner,github.com/ollama/ollama/server.(*Server).scheduleRunner,sched_compute,L4_065,0000000001700760
github.com/ollama/ollama/server.(*Server).ShowHandler,github.com/ollama/ollama/server.(*Server).ShowHandler,ggml_ops,L6_2094,000000000170bd20
github.com/ollama/ollama/server.(*Server).ShowHandler-fm,github.com/ollama/ollama/server.(*Server).ShowHandler-fm,ggml_ops,L6_2095,0000000001731440
github.com/ollama/ollama/server.setLicense,github.com/ollama/ollama/server.setLicense,ggml_ops,L6_2272,00000000016e0f00
github.com/ollama/ollama/server.setMessages,github.com/ollama/ollama/server.setMessages,ggml_ops,L6_2273,00000000016e2020
github.com/ollama/ollama/server.setParameters,github.com/ollama/ollama/server.setParameters,ggml_ops,L6_2274,00000000016e12e0
github.com/ollama/ollama/server.setParameters.deferwrap1,github.com/ollama/ollama/server.setParameters.deferwrap1,ggml_ops,L6_2275,00000000016e1fe0
github.com/ollama/ollama/server.setSparse,github.com/ollama/ollama/server.setSparse,ggml_ops,L6_2276,0000000001725760
github.com/ollama/ollama/server.setSystem,github.com/ollama/ollama/server.setSystem,ggml_ops,L6_2277,00000000016e0ac0
github.com/ollama/ollama/server.setTemplate,github.com/ollama/ollama/server.setTemplate,ggml_ops,L6_2278,00000000016e0220
github.com/ollama/ollama/server.streamResponse,github.com/ollama/ollama/server.streamResponse,ggml_ops,L6_2279,0000000001716320
github.com/ollama/ollama/server.streamResponse.func1,github.com/ollama/ollama/server.streamResponse.func1,ggml_ops,L6_2280,00000000017163c0
github.com/ollama/ollama/server.uploadBlob,github.com/ollama/ollama/server.uploadBlob,ggml_ops,L6_2281,0000000001729c80
github.com/ollama/ollama/server.uploadBlob.deferwrap1,github.com/ollama/ollama/server.uploadBlob.deferwrap1,ggml_ops,L6_2282,000000000172a880
github.com/ollama/ollama/server.uploadBlob.gowrap2,github.com/ollama/ollama/server.uploadBlob.gowrap2,ggml_ops,L6_2283,000000000172a820
github.com/ollama/ollama/server.verifyBlob,github.com/ollama/ollama/server.verifyBlob,ggml_ops,L6_2284,00000000016f49e0
github.com/ollama/ollama/server.verifyBlob.deferwrap1,github.com/ollama/ollama/server.verifyBlob.deferwrap1,ggml_ops,L6_2285,00000000016f4f00
github.com/ollama/ollama/server.waitForStream,github.com/ollama/ollama/server.waitForStream,ggml_ops,L6_2286,0000000001715b60
github.com/ollama/ollama/server.WriteManifest,github.com/ollama/ollama/server.WriteManifest,ggml_ops,L6_2198,00000000016f7dc0
github.com/ollama/ollama/server.WriteManifest.deferwrap1,github.com/ollama/ollama/server.WriteManifest.deferwrap1,ggml_ops,L6_2199,00000000016f83a0
github.com/ollama/ollama/template.collate,github.com/ollama/ollama/template.collate,ggml_ops,L6_2481,000000000169e6a0
github.com/ollama/ollama/template.deleteNode,github.com/ollama/ollama/template.deleteNode,ggml_ops,L6_2482,000000000169fa00
github.com/ollama/ollama/template.deleteNode.func1,github.com/ollama/ollama/template.deleteNode.func1,ggml_ops,L6_2483,000000000169fae0
github.com/ollama/ollama/template.Identifiers,github.com/ollama/ollama/template.Identifiers,ggml_ops,L6_2459,000000000169ed00
github.com/ollama/ollama/template.init,github.com/ollama/ollama/template.init,ggml_ops,L6_2484,000000000169b280
github.com/ollama/ollama/template.init.func1,github.com/ollama/ollama/template.init.func1,ggml_ops,L6_2485,000000000169b3e0
github.com/ollama/ollama/template.init.func2,github.com/ollama/ollama/template.init.func2,ggml_ops,L6_2486,000000000169ba20
github.com/ollama/ollama/template.Named,github.com/ollama/ollama/template.Named,ggml_ops,L6_2460,000000000169bc20
github.com/ollama/ollama/template.(*named).Reader,github.com/ollama/ollama/template.(*named).Reader,ggml_ops,L6_2458,00000000016a0f80
github.com/ollama/ollama/template.named.Reader,github.com/ollama/ollama/template.named.Reader,ggml_ops,L6_2487,000000000169bb40
github.com/ollama/ollama/template.Parse,github.com/ollama/ollama/template.Parse,ggml_ops,L6_2461,000000000169bf00
github.com/ollama/ollama/template.(*Template).AddParseTree,github.com/ollama/ollama/template.(*Template).AddParseTree,ggml_ops,L6_2432,00000000016a11a0
github.com/ollama/ollama/template.Template.AddParseTree,github.com/ollama/ollama/template.Template.AddParseTree,ggml_ops,L6_2462,00000000016a1080
github.com/ollama/ollama/template.(*Template).Clone,github.com/ollama/ollama/template.(*Template).Clone,ggml_ops,L6_2433,00000000016a12e0
github.com/ollama/ollama/template.Template.Clone,github.com/ollama/ollama/template.Template.Clone,ggml_ops,L6_2463,00000000016a1200
github.com/ollama/ollama/template.(*Template).Copy,github.com/ollama/ollama/template.(*Template).Copy,ggml_ops,L6_2434,00000000016a13a0
github.com/ollama/ollama/template.Template.Copy,github.com/ollama/ollama/template.Template.Copy,ggml_ops,L6_2464,00000000016a1320
github.com/ollama/ollama/template.(*Template).DefinedTemplates,github.com/ollama/ollama/template.(*Template).DefinedTemplates,ggml_ops,L6_2435,00000000016a1460
github.com/ollama/ollama/template.Template.DefinedTemplates,github.com/ollama/ollama/template.Template.DefinedTemplates,ggml_ops,L6_2465,00000000016a13e0
github.com/ollama/ollama/template.(*Template).Delims,github.com/ollama/ollama/template.(*Template).Delims,ggml_ops,L6_2436,00000000016a1560
github.com/ollama/ollama/template.Template.Delims,github.com/ollama/ollama/template.Template.Delims,ggml_ops,L6_2466,00000000016a14a0
github.com/ollama/ollama/template.(*Template).ErrorContext,github.com/ollama/ollama/template.(*Template).ErrorContext,ggml_ops,L6_2437,00000000016a1700
github.com/ollama/ollama/template.Template.ErrorContext,github.com/ollama/ollama/template.Template.ErrorContext,ggml_ops,L6_2467,00000000016a15c0
github.com/ollama/ollama/template.(*Template).Execute,github.com/ollama/ollama/template.(*Template).Execute,ggml_ops,L6_2438,000000000169d080
github.com/ollama/ollama/template.(*Template).Execute.func1,github.com/ollama/ollama/template.(*Template).Execute.func1,ggml_ops,L6_2439,000000000169e380
github.com/ollama/ollama/template.(*Template).Execute.func2,github.com/ollama/ollama/template.(*Template).Execute.func2,ggml_ops,L6_2440,000000000169e240
github.com/ollama/ollama/template.(*Template).ExecuteTemplate,github.com/ollama/ollama/template.(*Template).ExecuteTemplate,ggml_ops,L6_2441,00000000016a1880
github.com/ollama/ollama/template.Template.ExecuteTemplate,github.com/ollama/ollama/template.Template.ExecuteTemplate,ggml_ops,L6_2468,00000000016a1760
github.com/ollama/ollama/template.(*Template).Funcs,github.com/ollama/ollama/template.(*Template).Funcs,ggml_ops,L6_2442,00000000016a1980
github.com/ollama/ollama/template.Template.Funcs,github.com/ollama/ollama/template.Template.Funcs,ggml_ops,L6_2469,00000000016a1900
github.com/ollama/ollama/template.(*Template).Lookup,github.com/ollama/ollama/template.(*Template).Lookup,ggml_ops,L6_2443,00000000016a1a60
github.com/ollama/ollama/template.Template.Lookup,github.com/ollama/ollama/template.Template.Lookup,ggml_ops,L6_2470,00000000016a19c0
github.com/ollama/ollama/template.(*Template).Name,github.com/ollama/ollama/template.(*Template).Name,ggml_ops,L6_2444,00000000016a1b20
github.com/ollama/ollama/template.Template.Name,github.com/ollama/ollama/template.Template.Name,ggml_ops,L6_2471,00000000016a1aa0
github.com/ollama/ollama/template.(*Template).New,github.com/ollama/ollama/template.(*Template).New,ggml_ops,L6_2445,00000000016a1c00
github.com/ollama/ollama/template.Template.New,github.com/ollama/ollama/template.Template.New,ggml_ops,L6_2472,00000000016a1b60
github.com/ollama/ollama/template.(*Template).Option,github.com/ollama/ollama/template.(*Template).Option,ggml_ops,L6_2446,00000000016a1d00
github.com/ollama/ollama/template.Template.Option,github.com/ollama/ollama/template.Template.Option,ggml_ops,L6_2473,00000000016a1c40
github.com/ollama/ollama/template.(*Template).Parse,github.com/ollama/ollama/template.(*Template).Parse,ggml_ops,L6_2447,00000000016a1e80
github.com/ollama/ollama/template.Template.Parse,github.com/ollama/ollama/template.Template.Parse,ggml_ops,L6_2474,00000000016a1d60
github.com/ollama/ollama/template.(*Template).ParseFiles,github.com/ollama/ollama/template.(*Template).ParseFiles,ggml_ops,L6_2449,00000000016a21e0
github.com/ollama/ollama/template.Template.ParseFiles,github.com/ollama/ollama/template.Template.ParseFiles,ggml_ops,L6_2476,00000000016a20c0
github.com/ollama/ollama/template.(*Template).ParseFS,github.com/ollama/ollama/template.(*Template).ParseFS,ggml_ops,L6_2448,00000000016a2040
github.com/ollama/ollama/template.Template.ParseFS,github.com/ollama/ollama/template.Template.ParseFS,ggml_ops,L6_2475,00000000016a1ee0
github.com/ollama/ollama/template.(*Template).ParseGlob,github.com/ollama/ollama/template.(*Template).ParseGlob,ggml_ops,L6_2450,00000000016a2360
github.com/ollama/ollama/template.Template.ParseGlob,github.com/ollama/ollama/template.Template.ParseGlob,ggml_ops,L6_2477,00000000016a2240
github.com/ollama/ollama/template.(*Template).String,github.com/ollama/ollama/template.(*Template).String,ggml_ops,L6_2451,000000000169c320
github.com/ollama/ollama/template.(*Template).Subtree,github.com/ollama/ollama/template.(*Template).Subtree,ggml_ops,L6_2452,000000000169c840
github.com/ollama/ollama/template.(*Template).Subtree.func1,github.com/ollama/ollama/template.(*Template).Subtree.func1,ggml_ops,L6_2453,000000000169cb80
github.com/ollama/ollama/template.(*Template).Templates,github.com/ollama/ollama/template.(*Template).Templates,ggml_ops,L6_2454,00000000016a2440
github.com/ollama/ollama/template.Template.Templates,github.com/ollama/ollama/template.Template.Templates,ggml_ops,L6_2478,00000000016a23c0
github.com/ollama/ollama/template.(*Template).text/template.init,github.com/ollama/ollama/template.(*Template).text/template.init,ggml_ops,L6_2456,00000000016a24e0
github.com/ollama/ollama/template.Template.text/template.init,github.com/ollama/ollama/template.Template.text/template.init,ggml_ops,L6_2479,00000000016a2480
github.com/ollama/ollama/template.(*Template).Vars,github.com/ollama/ollama/template.(*Template).Vars,ggml_ops,L6_2455,000000000169c360
github.com/ollama/ollama/template.(*Values).String,github.com/ollama/ollama/template.(*Values).String,ggml_ops,L6_2457,00000000016a2560
github.com/ollama/ollama/template.Values.String,github.com/ollama/ollama/template.Values.String,ggml_ops,L6_2480,00000000016a2500
github.com/ollama/ollama/types/model.(*Capability).String,github.com/ollama/ollama/types/model.(*Capability).String,ggml_ops,L6_2488,0000000000a7c680
github.com/ollama/ollama/types/model.Capability.String,github.com/ollama/ollama/types/model.Capability.String,ggml_ops,L6_2496,0000000000a79e20
github.com/ollama/ollama/types/model.cutLast,github.com/ollama/ollama/types/model.cutLast,ggml_ops,L6_2510,0000000000a7c080
github.com/ollama/ollama/types/model.cutPromised,github.com/ollama/ollama/types/model.cutPromised,ggml_ops,L6_2511,0000000000a7c240
github.com/ollama/ollama/types/model.DefaultName,github.com/ollama/ollama/types/model.DefaultName,ggml_ops,L6_2497,0000000000a7a060
github.com/ollama/ollama/types/model.init,github.com/ollama/ollama/types/model.init,ggml_ops,L6_2512,0000000000a79dc0
github.com/ollama/ollama/types/model.isAlphanumericOrUnderscore,github.com/ollama/ollama/types/model.isAlphanumericOrUnderscore,ggml_ops,L6_2513,0000000000a7bfa0
github.com/ollama/ollama/types/model.isValidLen,github.com/ollama/ollama/types/model.isValidLen,ggml_ops,L6_2514,0000000000a7bc40
github.com/ollama/ollama/types/model.isValidPart,github.com/ollama/ollama/types/model.isValidPart,ggml_ops,L6_2515,0000000000a7bd40
github.com/ollama/ollama/types/model.Merge,github.com/ollama/ollama/types/model.Merge,ggml_ops,L6_2498,0000000000a7ac60
github.com/ollama/ollama/types/model.(*Name).DisplayShortest,github.com/ollama/ollama/types/model.(*Name).DisplayShortest,ggml_ops,L6_2489,0000000000a7c700
github.com/ollama/ollama/types/model.Name.DisplayShortest,github.com/ollama/ollama/types/model.Name.DisplayShortest,ggml_ops,L6_2499,0000000000a7b180
github.com/ollama/ollama/types/model.(*Name).EqualFold,github.com/ollama/ollama/types/model.(*Name).EqualFold,ggml_ops,L6_2490,0000000000a7c800
github.com/ollama/ollama/types/model.Name.EqualFold,github.com/ollama/ollama/types/model.Name.EqualFold,ggml_ops,L6_2500,0000000000a7baa0
github.com/ollama/ollama/types/model.(*Name).Filepath,github.com/ollama/ollama/types/model.(*Name).Filepath,ggml_ops,L6_2491,0000000000a7c9c0
github.com/ollama/ollama/types/model.Name.Filepath,github.com/ollama/ollama/types/model.Name.Filepath,ggml_ops,L6_2501,0000000000a7b700
github.com/ollama/ollama/types/model.(*Name).IsFullyQualified,github.com/ollama/ollama/types/model.(*Name).IsFullyQualified,ggml_ops,L6_2492,0000000000a7cac0
github.com/ollama/ollama/types/model.Name.IsFullyQualified,github.com/ollama/ollama/types/model.Name.IsFullyQualified,ggml_ops,L6_2502,0000000000a7b480
github.com/ollama/ollama/types/model.(*Name).IsValid,github.com/ollama/ollama/types/model.(*Name).IsValid,ggml_ops,L6_2493,0000000000a7cb80
github.com/ollama/ollama/types/model.Name.IsValid,github.com/ollama/ollama/types/model.Name.IsValid,ggml_ops,L6_2503,0000000000a7b3a0
github.com/ollama/ollama/types/model.(*Name).LogValue,github.com/ollama/ollama/types/model.(*Name).LogValue,ggml_ops,L6_2494,0000000000a7cc40
github.com/ollama/ollama/types/model.Name.LogValue,github.com/ollama/ollama/types/model.Name.LogValue,ggml_ops,L6_2504,0000000000a7b960
github.com/ollama/ollama/types/model.(*Name).String,github.com/ollama/ollama/types/model.(*Name).String,ggml_ops,L6_2495,0000000000a7cd40
github.com/ollama/ollama/types/model.Name.String,github.com/ollama/ollama/types/model.Name.String,ggml_ops,L6_2505,0000000000a7afe0
github.com/ollama/ollama/types/model.ParseName,github.com/ollama/ollama/types/model.ParseName,ggml_ops,L6_2506,0000000000a7a100
github.com/ollama/ollama/types/model.ParseNameBare,github.com/ollama/ollama/types/model.ParseNameBare,ggml_ops,L6_2507,0000000000a7a3e0
github.com/ollama/ollama/types/model.ParseNameFromFilepath,github.com/ollama/ollama/types/model.ParseNameFromFilepath,ggml_ops,L6_2508,0000000000a7aa20
github.com/ollama/ollama/types/model.Unqualified,github.com/ollama/ollama/types/model.Unqualified,ggml_ops,L6_2509,0000000000a79e60
github.com/pdevine/tensor.(*Dtype).reflect.common,github.com/pdevine/tensor.(*Dtype).reflect.common,ggml_ops,L6_2516,000000000160b560
github.com/pdevine/tensor.Dtype.reflect.common,github.com/pdevine/tensor.Dtype.reflect.common,ggml_ops,L6_2517,000000000160b4e0
github.com/ugorji/go/codec.(*Decoder).resetCommon,github.com/ugorji/go/codec.(*Decoder).resetCommon,ggml_ops,L6_2518,0000000000d926a0
github.com/ugorji/go/codec.(*Encoder).resetCommon,github.com/ugorji/go/codec.(*Encoder).resetCommon,ggml_ops,L6_2519,0000000000d9fea0
_GLOBAL__sub_I_ggml_cpu_aarch64.cpp,_GLOBAL__sub_I_ggml_cpu_aarch64.cpp,ggml_ops,L6_001,0000000000426140
_GLOBAL__sub_I_llama_arch.cpp,_GLOBAL__sub_I_llama_arch.cpp,ggml_ops,L6_002,0000000000425260
_GLOBAL__sub_I_llama_chat.cpp,_GLOBAL__sub_I_llama_chat.cpp,ggml_ops,L6_003,0000000000425a40
_GLOBAL__sub_I_llama_kv_cache.cpp,_GLOBAL__sub_I_llama_kv_cache.cpp,ggml_ops,L6_004,0000000000425a50
_GLOBAL__sub_I_llama_model.cpp,_GLOBAL__sub_I_llama_model.cpp,ggml_ops,L6_005,0000000000425a70
_GLOBAL__sub_I_llama_model.cpp.cold,_GLOBAL__sub_I_llama_model.cpp.cold,ggml_ops,L6_006,000000000041aaae
"golang.org/x/exp/maps.Keys[go.shape.map[int]github.com/ollama/ollama/convert.token,go.shape.int,go.shape.struct { ID int ""json:\""id\""""; Content string ""json:\""content\""""; Special bool ""json:\""special\""""; UserDefined bool }]","golang.org/x/exp/maps.Keys[go.shape.map[int]github.com/ollama/ollama/convert.token,go.shape.int,go.shape.struct { ID int ""json:\""id\""""; Content string ""json:\""content\""""; Special bool ""json:\""special\""""; UserDefined bool }]",ggml_ops,L6_2520,0000000001694080
"golang.org/x/exp/maps.Keys[go.shape.map[string]github.com/ollama/ollama/convert.safetensorMetadata,go.shape.string,go.shape.struct { Type string ""json:\""dtype\""""; Shape []uint64 ""json:\""shape\""""; Offsets []int64 ""json:\""data_offsets\"""" }]","golang.org/x/exp/maps.Keys[go.shape.map[string]github.com/ollama/ollama/convert.safetensorMetadata,go.shape.string,go.shape.struct { Type string ""json:\""dtype\""""; Shape []uint64 ""json:\""shape\""""; Offsets []int64 ""json:\""data_offsets\"""" }]",ggml_ops,L6_2521,0000000001694540
golang.org/x/net/internal/httpcommon.asciiToLower,golang.org/x/net/internal/httpcommon.asciiToLower,ggml_ops,L6_2524,0000000000ecc140
golang.org/x/net/internal/httpcommon.buildCommonHeaderMaps,golang.org/x/net/internal/httpcommon.buildCommonHeaderMaps,ggml_ops,L6_2525,0000000000ecc240
golang.org/x/net/internal/httpcommon.buildCommonHeaderMapsOnce,golang.org/x/net/internal/httpcommon.buildCommonHeaderMapsOnce,ggml_ops,L6_2526,0000000000ecc200
golang.org/x/net/internal/httpcommon.CachedCanonicalHeader,golang.org/x/net/internal/httpcommon.CachedCanonicalHeader,ggml_ops,L6_2522,0000000000ecc600
golang.org/x/net/internal/httpcommon.init,golang.org/x/net/internal/httpcommon.init,ggml_ops,L6_2527,0000000000ecc020
golang.org/x/net/internal/httpcommon.isASCIIPrint,golang.org/x/net/internal/httpcommon.isASCIIPrint,ggml_ops,L6_2528,0000000000ecc080
golang.org/x/net/internal/httpcommon.LowerHeader,golang.org/x/net/internal/httpcommon.LowerHeader,ggml_ops,L6_2523,0000000000ecc4c0
internal/abi.(*ArrayType).Common,internal/abi.(*ArrayType).Common,ggml_ops,L6_2535,0000000000428480
internal/abi.(*ArrayType).Uncommon,internal/abi.(*ArrayType).Uncommon,ggml_ops,L6_2536,0000000000428660
internal/abi.Escape[go.shape.func(go.shape.[]github.com/ollama/ollama/ml.Context)],internal/abi.Escape[go.shape.func(go.shape.[]github.com/ollama/ollama/ml.Context)],ggml_ops,L6_2551,0000000000c6be80
internal/abi.(*FuncType).Common,internal/abi.(*FuncType).Common,ggml_ops,L6_2537,00000000004286e0
internal/abi.(*FuncType).Uncommon,internal/abi.(*FuncType).Uncommon,ggml_ops,L6_2538,0000000000428900
internal/abi.(*InterfaceType).Common,internal/abi.(*InterfaceType).Common,ggml_ops,L6_2539,0000000000428980
internal/abi.(*InterfaceType).Uncommon,internal/abi.(*InterfaceType).Uncommon,ggml_ops,L6_2540,0000000000428b80
internal/abi.(*MapType).Common,internal/abi.(*MapType).Common,ggml_ops,L6_2541,0000000000428220
internal/abi.(*MapType).Uncommon,internal/abi.(*MapType).Uncommon,ggml_ops,L6_2542,0000000000428400
internal/abi.(*PtrType).Common,internal/abi.(*PtrType).Common,ggml_ops,L6_2543,0000000000428c00
internal/abi.(*PtrType).Uncommon,internal/abi.(*PtrType).Uncommon,ggml_ops,L6_2544,0000000000428e00
internal/abi.(*StructType).Common,internal/abi.(*StructType).Common,ggml_ops,L6_2545,0000000000427f80
internal/abi.(*StructType).Uncommon,internal/abi.(*StructType).Uncommon,ggml_ops,L6_2546,00000000004281a0
internal/abi.(*Type).Common,internal/abi.(*Type).Common,ggml_ops,L6_2547,0000000000426b80
internal/abi.TypeFor[go.shape.struct { encoding/gob.CommonType; Elem encoding/gob.typeId }],internal/abi.TypeFor[go.shape.struct { encoding/gob.CommonType; Elem encoding/gob.typeId }],ggml_ops,L6_2552,0000000000d5d440
internal/abi.TypeFor[go.shape.struct { encoding/gob.CommonType; Elem encoding/gob.typeId; Len int }],internal/abi.TypeFor[go.shape.struct { encoding/gob.CommonType; Elem encoding/gob.typeId; Len int }],ggml_ops,L6_2553,0000000000d5d640
internal/abi.TypeFor[go.shape.struct { encoding/gob.CommonType; Field []encoding/gob.fieldType }],internal/abi.TypeFor[go.shape.struct { encoding/gob.CommonType; Field []encoding/gob.fieldType }],ggml_ops,L6_2554,0000000000d5d340
internal/abi.TypeFor[go.shape.struct { encoding/gob.CommonType; Key encoding/gob.typeId; Elem encoding/gob.typeId }],internal/abi.TypeFor[go.shape.struct { encoding/gob.CommonType; Key encoding/gob.typeId; Elem encoding/gob.typeId }],ggml_ops,L6_2555,0000000000d5d240
internal/abi.TypeFor[go.shape.struct { github.com/ollama/ollama/runner/ollamarunner.list []github.com/ollama/ollama/ml.Context }],internal/abi.TypeFor[go.shape.struct { github.com/ollama/ollama/runner/ollamarunner.list []github.com/ollama/ollama/ml.Context }],ggml_ops,L6_2556,0000000000c6bd80
internal/abi.(*Type).Uncommon,internal/abi.(*Type).Uncommon,ggml_ops,L6_2548,0000000000426c00
internal/abi.(*UncommonType).ExportedMethods,internal/abi.(*UncommonType).ExportedMethods,ggml_ops,L6_2549,0000000000426a80
internal/abi.(*UncommonType).Methods,internal/abi.(*UncommonType).Methods,ggml_ops,L6_2550,0000000000426a00
internal/reflectlite.(*rtype).common,internal/reflectlite.(*rtype).common,ggml_ops,L6_2559,00000000004cd6e0
internal/reflectlite.rtype.common,internal/reflectlite.rtype.common,ggml_ops,L6_2562,00000000004c8660
internal/reflectlite.(*rtype).Common,internal/reflectlite.(*rtype).Common,ggml_ops,L6_2557,00000000004cc800
internal/reflectlite.rtype.Common,internal/reflectlite.rtype.Common,ggml_ops,L6_2560,00000000004cc7a0
internal/reflectlite.rtype.uncommon,internal/reflectlite.rtype.uncommon,ggml_ops,L6_2563,00000000004c8540
internal/reflectlite.(*rtype).Uncommon,internal/reflectlite.(*rtype).Uncommon,ggml_ops,L6_2558,00000000004cd6a0
internal/reflectlite.rtype.Uncommon,internal/reflectlite.rtype.Uncommon,ggml_ops,L6_2561,00000000004cd640
internal/strconv.commonPrefixLenIgnoreCase,internal/strconv.commonPrefixLenIgnoreCase,ggml_ops,L6_2564,000000000042c000
llama_adapter_lora_free,llama_adapter_lora_free,llama_api,L2_092,00000000018fe260
llama_adapter_lora_init,llama_adapter_lora_init,llama_api,L2_093,0000000001900b30
llama_adapter_lora_init.cold,llama_adapter_lora_init.cold,llama_api,L2_094,0000000000412364
llama_add_bos_token,llama_add_bos_token,batch_sampler,L3_001,00000000019688f0
llama_add_eos_token,llama_add_eos_token,batch_sampler,L3_002,0000000001968900
llama_apply_adapter_cvec,llama_apply_adapter_cvec,llama_api,L2_097,000000000197d7f0
llama_attach_threadpool,llama_attach_threadpool,llama_api,L2_098,000000000190bf50
llama_backend_free,llama_backend_free,ggml_backend,L5_447,000000000197d9f0
llama_backend_init,llama_backend_init,ggml_backend,L5_448,000000000197d940
llama_batch_free,llama_batch_free,batch_sampler,L3_006,0000000001904410
llama_batch_get_one,llama_batch_get_one,batch_sampler,L3_007,00000000019042e0
llama_batch_init,llama_batch_init,batch_sampler,L3_008,0000000001904310
llama_chat_apply_template,llama_chat_apply_template,llama_api,L2_099,000000000197db50
llama_chat_apply_template.cold,llama_chat_apply_template.cold,llama_api,L2_100,000000000041d85a
llama_chat_builtin_templates,llama_chat_builtin_templates,llama_api,L2_101,0000000001906a20
llama_clear_adapter_lora,llama_clear_adapter_lora,llama_api,L2_102,000000000197d770
llama_context_default_params,llama_context_default_params,llama_api,L2_103,000000000197d820
llama_copy_state_data,llama_copy_state_data,llama_api,L2_104,000000000190e7c0
llama_decode,llama_decode,llama_api,L2_105,0000000001981410
llama_detach_threadpool,llama_detach_threadpool,llama_api,L2_106,000000000190bf70
llama_detokenize,llama_detokenize,batch_sampler,L3_013,0000000001969b40
llama_encode,llama_encode,llama_api,L2_107,0000000001981490
llama_encode.cold,llama_encode.cold,llama_api,L2_108,000000000041db94
llamafile_sgemm,llamafile_sgemm,ggml_ops,L6_2567,0000000001a55210
llamafile_sgemm.cold,llamafile_sgemm.cold,ggml_ops,L6_2568,00000000004224fb
llama_free,llama_free,llama_api,L2_130,000000000190beb0
llama_free_model,llama_free_model,llama_api,L2_131,0000000001932540
llama_free_vocab,llama_free_vocab,vocab,L7_196,000000000187e660
llama_get_embeddings,llama_get_embeddings,llama_api,L2_132,000000000190c220
llama_get_embeddings_ith,llama_get_embeddings_ith,llama_api,L2_133,000000000190c240
llama_get_embeddings_ith.cold,llama_get_embeddings_ith.cold,llama_api,L2_134,0000000000413e84
llama_get_embeddings_seq,llama_get_embeddings_seq,llama_api,L2_135,000000000190c2f0
llama_get_kv_cache_token_count,llama_get_kv_cache_token_count,batch_sampler,L3_014,000000000197da70
llama_get_kv_cache_used_cells,llama_get_kv_cache_used_cells,llama_api,L2_136,000000000197da80
llama_get_logits,llama_get_logits,llama_api,L2_138,000000000190c150
llama_get_logits_ith,llama_get_logits_ith,llama_api,L2_139,000000000190c170
llama_get_logits_ith.cold,llama_get_logits_ith.cold,llama_api,L2_140,0000000000413b76
llama_get_model,llama_get_model,llama_api,L2_141,000000000190bf30
llama_get_state_size,llama_get_state_size,llama_api,L2_142,000000000190e830
llama_init_from_model,llama_init_from_model,llama_api,L2_192,0000000001983220
llama_init_from_model.cold,llama_init_from_model.cold,llama_api,L2_193,000000000041e149
llama_kv_cache_can_shift,llama_kv_cache_can_shift,llama_api,L2_195,000000000197db40
llama_kv_cache_clear,llama_kv_cache_clear,llama_api,L2_198,000000000197da90
llama_kv_cache_defrag,llama_kv_cache_defrag,llama_api,L2_200,000000000197db30
llama_kv_cache_seq_add,llama_kv_cache_seq_add,llama_api,L2_205,000000000197dae0
llama_kv_cache_seq_cp,llama_kv_cache_seq_cp,llama_api,L2_207,000000000197dab0
llama_kv_cache_seq_div,llama_kv_cache_seq_div,llama_api,L2_209,000000000197db00
llama_kv_cache_seq_keep,llama_kv_cache_seq_keep,llama_api,L2_211,000000000197dad0
llama_kv_cache_seq_pos_max,llama_kv_cache_seq_pos_max,llama_api,L2_213,000000000197db20
llama_kv_cache_seq_rm,llama_kv_cache_seq_rm,llama_api,L2_215,000000000197daa0
llama_kv_cache_update,llama_kv_cache_update,llama_api,L2_217,000000000197fd90
llama_kv_cache_view_free,llama_kv_cache_view_free,llama_api,L2_220,000000000191eb00
llama_kv_cache_view_init,llama_kv_cache_view_init,llama_api,L2_221,000000000197da10
llama_kv_cache_view_update,llama_kv_cache_view_update,llama_api,L2_223,000000000197da50
llama_load_model_from_file,llama_load_model_from_file,llama_api,L2_225,0000000001982bd0
llama_load_session_file,llama_load_session_file,llama_api,L2_226,000000000190f480
llama_load_vocab_from_file,llama_load_vocab_from_file,vocab,L7_201,000000000187eb80
llama_load_vocab_from_file.cold,llama_load_vocab_from_file.cold,vocab,L7_202,000000000040c319
llamaLog,llamaLog,ggml_ops,L6_2565,0000000001878200
llama_log_set,llama_log_set,llama_api,L2_230,000000000191ad20
llama_max_devices,llama_max_devices,llama_api,L2_231,000000000197d8c0
llama_model_chat_template,llama_model_chat_template,llama_api,L2_270,0000000001931fb0
llama_model_decoder_start_token,llama_model_decoder_start_token,batch_sampler,L3_020,0000000001932180
llama_model_default_params,llama_model_default_params,llama_api,L2_271,0000000001931a30
llama_model_desc,llama_model_desc,llama_api,L2_272,0000000001931f20
llama_model_free,llama_model_free,llama_api,L2_273,0000000001932500
llama_model_get_vocab,llama_model_get_vocab,llama_api,L2_276,0000000001931a60
llama_model_has_decoder,llama_model_has_decoder,llama_api,L2_277,0000000001932170
llama_model_has_encoder,llama_model_has_encoder,llama_api,L2_278,0000000001932160
llama_model_is_recurrent,llama_model_is_recurrent,llama_api,L2_279,0000000001932190
llama_model_load_from_file,llama_model_load_from_file,llama_api,L2_280,0000000001982a30
llama_model_load_from_file.cold,llama_model_load_from_file.cold,llama_api,L2_281,000000000041e073
llama_model_load_from_splits,llama_model_load_from_splits,llama_api,L2_285,0000000001982be0
llama_model_load_from_splits.cold,llama_model_load_from_splits.cold,llama_api,L2_286,000000000041e0c8
llama_model_meta_count,llama_model_meta_count,llama_api,L2_319,0000000001931e10
llama_model_meta_key_by_index,llama_model_meta_key_by_index,llama_api,L2_320,0000000001931e20
llama_model_meta_val_str,llama_model_meta_val_str,llama_api,L2_321,0000000001931bb0
llama_model_meta_val_str_by_index,llama_model_meta_val_str_by_index,llama_api,L2_323,0000000001931ea0
llama_model_meta_val_str.cold,llama_model_meta_val_str.cold,llama_api,L2_322,0000000000419c30
llama_model_n_ctx_train,llama_model_n_ctx_train,llama_api,L2_324,0000000001931a70
llama_model_n_embd,llama_model_n_embd,llama_api,L2_325,0000000001931a80
llama_model_n_head,llama_model_n_head,llama_api,L2_326,0000000001931aa0
llama_model_n_head_kv,llama_model_n_head_kv,llama_api,L2_327,0000000001931ab0
llama_model_n_layer,llama_model_n_layer,llama_api,L2_328,0000000001931a90
llama_model_n_params,llama_model_n_params,llama_api,L2_329,0000000001932150
llama_model_quantize,llama_model_quantize,llama_api,L2_330,000000000195b390
llama_model_quantize.cold,llama_model_quantize.cold,llama_api,L2_331,000000000041b809
llama_model_quantize_default_params,llama_model_quantize_default_params,llama_api,L2_332,0000000001957620
llama_model_rope_freq_scale_train,llama_model_rope_freq_scale_train,llama_api,L2_339,0000000001931ba0
llama_model_rope_type,llama_model_rope_type,llama_api,L2_340,0000000001931b00
llama_model_size,llama_model_size,llama_api,L2_341,0000000001931fa0
llama_n_batch,llama_n_batch,batch_sampler,L3_021,000000000190bf00
llama_n_ctx,llama_n_ctx,llama_api,L2_342,000000000190bef0
llama_n_ctx_train,llama_n_ctx_train,llama_api,L2_343,0000000001931ac0
llama_n_embd,llama_n_embd,llama_api,L2_344,0000000001931ad0
llama_new_context_with_model,llama_new_context_with_model,llama_api,L2_349,0000000001984900
llama_n_head,llama_n_head,llama_api,L2_345,0000000001931af0
llama_n_layer,llama_n_layer,llama_api,L2_346,0000000001931ae0
llama_n_seq_max,llama_n_seq_max,llama_api,L2_347,000000000190bf20
llama_n_threads,llama_n_threads,llama_api,L2_348,000000000190bf90
llama_n_threads_batch,llama_n_threads_batch,batch_sampler,L3_022,000000000190bfa0
llama_n_ubatch,llama_n_ubatch,batch_sampler,L3_023,000000000190bf10
llama_numa_init,llama_numa_init,llama_api,L2_350,000000000197d990
llama_n_vocab,llama_n_vocab,vocab,L7_203,00000000019686d0
llama_perf_context,llama_perf_context,llama_api,L2_354,000000000197e380
llama_perf_context_print,llama_perf_context_print,llama_api,L2_355,000000000197e420
llama_perf_context_reset,llama_perf_context_reset,llama_api,L2_356,000000000197e560
llama_perf_sampler,llama_perf_sampler,batch_sampler,L3_024,000000000195fc10
llama_perf_sampler_print,llama_perf_sampler_print,batch_sampler,L3_025,000000000195fc80
llama_perf_sampler_reset,llama_perf_sampler_reset,batch_sampler,L3_026,000000000195fcd0
llama_pooling_type,llama_pooling_type,llama_api,L2_357,000000000190bf40
llama_print_system_info,llama_print_system_info,llama_api,L2_358,000000000197e140
llama_print_system_info.cold,llama_print_system_info.cold,llama_api,L2_359,000000000041d917
llamaProgressCallback,llamaProgressCallback,ggml_ops,L6_2566,0000000001878290
llama_rm_adapter_lora,llama_rm_adapter_lora,llama_api,L2_361,000000000197d5e0
llama_sampler_accept,llama_sampler_accept,batch_sampler,L3_030,000000000195eb80
llama_sampler_apply,llama_sampler_apply,batch_sampler,L3_031,000000000195ec30
llama_sampler_chain_add,llama_sampler_chain_add,batch_sampler,L3_034,000000000195ee90
llama_sampler_chain_add.cold,llama_sampler_chain_add.cold,batch_sampler,L3_035,000000000041babe
llama_sampler_chain_default_params,llama_sampler_chain_default_params,batch_sampler,L3_039,000000000197d8b0
llama_sampler_chain_get,llama_sampler_chain_get,batch_sampler,L3_041,000000000195f030
llama_sampler_chain_init,llama_sampler_chain_init,batch_sampler,L3_042,000000000195ee50
llama_sampler_chain_n,llama_sampler_chain_n,batch_sampler,L3_043,000000000195f110
llama_sampler_chain_remove,llama_sampler_chain_remove,batch_sampler,L3_045,000000000195f060
llama_sampler_clone,llama_sampler_clone,batch_sampler,L3_047,000000000195ed60
llama_sampler_free,llama_sampler_free,batch_sampler,L3_062,000000000195eda0
llama_sampler_get_seed,llama_sampler_get_seed,batch_sampler,L3_063,000000000195fb80
llama_sampler_get_seed.localalias,llama_sampler_get_seed.localalias,batch_sampler,L3_064,000000000195fb80
llama_sampler_init,llama_sampler_init,batch_sampler,L3_079,000000000195e610
llama_sampler_init_dist,llama_sampler_init_dist,batch_sampler,L3_080,000000000195f140
llama_sampler_init_dry,llama_sampler_init_dry,batch_sampler,L3_081,00000000019626c0
llama_sampler_init_dry.cold,llama_sampler_init_dry.cold,batch_sampler,L3_082,000000000041c1bd
llama_sampler_init_grammar,llama_sampler_init_grammar,batch_sampler,L3_085,000000000195f750
llama_sampler_init_grammar_lazy,llama_sampler_init_grammar_lazy,batch_sampler,L3_088,000000000195f770
llama_sampler_init_greedy,llama_sampler_init_greedy,batch_sampler,L3_089,000000000195f130
llama_sampler_init_infill,llama_sampler_init_infill,batch_sampler,L3_090,000000000195fa70
llama_sampler_init_infill.cold,llama_sampler_init_infill.cold,batch_sampler,L3_091,000000000041bb18
llama_sampler_init_logit_bias,llama_sampler_init_logit_bias,batch_sampler,L3_092,000000000195f980
llama_sampler_init_logit_bias.cold,llama_sampler_init_logit_bias.cold,batch_sampler,L3_093,000000000041badf
llama_sampler_init_min_p,llama_sampler_init_min_p,batch_sampler,L3_094,000000000195f2b0
llama_sampler_init_mirostat,llama_sampler_init_mirostat,batch_sampler,L3_095,000000000195f540
llama_sampler_init_mirostat_v2,llama_sampler_init_mirostat_v2,batch_sampler,L3_096,000000000195f660
llama_sampler_init_penalties,llama_sampler_init_penalties,batch_sampler,L3_097,000000000195f790
llama_sampler_init_penalties.cold,llama_sampler_init_penalties.cold,batch_sampler,L3_098,000000000041baca
llama_sampler_init_softmax,llama_sampler_init_softmax,batch_sampler,L3_099,000000000195f200
llama_sampler_init_temp,llama_sampler_init_temp,batch_sampler,L3_100,000000000195f390
llama_sampler_init_temp_ext,llama_sampler_init_temp_ext,batch_sampler,L3_101,000000000195f3e0
llama_sampler_init_top_k,llama_sampler_init_top_k,batch_sampler,L3_102,000000000195f210
llama_sampler_init_top_n_sigma,llama_sampler_init_top_n_sigma,batch_sampler,L3_103,000000000195f930
llama_sampler_init_top_p,llama_sampler_init_top_p,batch_sampler,L3_104,000000000195f240
llama_sampler_init_typical,llama_sampler_init_typical,batch_sampler,L3_105,000000000195f320
llama_sampler_init_xtc,llama_sampler_init_xtc,batch_sampler,L3_106,000000000195f450
llama_sampler_name,llama_sampler_name,batch_sampler,L3_126,000000000195eb60
llama_sampler_reset,llama_sampler_reset,batch_sampler,L3_135,000000000195ecf0
llama_sampler_sample,llama_sampler_sample,batch_sampler,L3_136,000000000195fd20
llama_sampler_sample.cold,llama_sampler_sample.cold,batch_sampler,L3_137,000000000041bb4f
llama_save_session_file,llama_save_session_file,llama_api,L2_362,000000000190e960
llama_set_abort_callback,llama_set_abort_callback,llama_api,L2_363,000000000190bfb0
llama_set_adapter_lora,llama_set_adapter_lora,llama_api,L2_364,000000000197d320
llama_set_adapter_lora.cold,llama_set_adapter_lora.cold,llama_api,L2_365,000000000041d83e
llama_set_causal_attn,llama_set_causal_attn,llama_api,L2_366,000000000190c040
llama_set_cross_attention,llama_set_cross_attention,llama_api,L2_367,000000000190c050
llama_set_embeddings,llama_set_embeddings,llama_api,L2_368,000000000190c030
llama_set_n_threads,llama_set_n_threads,llama_api,L2_371,000000000190bf80
llama_set_state_data,llama_set_state_data,llama_api,L2_374,000000000190f500
llama_split_path,llama_split_path,llama_api,L2_375,000000000197ddf0
llama_split_prefix,llama_split_prefix,llama_api,L2_376,000000000197de30
llama_split_prefix.cold,llama_split_prefix.cold,llama_api,L2_377,000000000041d8c9
llama_state_get_data,llama_state_get_data,llama_api,L2_378,000000000190e750
llama_state_get_data.cold,llama_state_get_data.cold,llama_api,L2_379,0000000000414391
llama_state_get_size,llama_state_get_size,llama_api,L2_382,000000000190e7d0
llama_state_get_size.cold,llama_state_get_size.cold,llama_api,L2_383,000000000041440d
llama_state_load_file,llama_state_load_file,llama_api,L2_384,000000000190f280
llama_state_load_file.cold,llama_state_load_file.cold,llama_api,L2_385,0000000000414969
llama_state_save_file,llama_state_save_file,llama_api,L2_386,000000000190e840
llama_state_save_file.cold,llama_state_save_file.cold,llama_api,L2_387,0000000000414489
llama_state_seq_get_data,llama_state_seq_get_data,llama_api,L2_388,000000000190c3e0
llama_state_seq_get_data.cold,llama_state_seq_get_data.cold,llama_api,L2_389,0000000000414192
llama_state_seq_get_size,llama_state_seq_get_size,llama_api,L2_390,000000000190c370
llama_state_seq_load_file,llama_state_seq_load_file,llama_api,L2_391,000000000190ea90
llama_state_seq_load_file.cold,llama_state_seq_load_file.cold,llama_api,L2_392,000000000041464b
llama_state_seq_save_file,llama_state_seq_save_file,llama_api,L2_393,000000000190e070
llama_state_seq_save_file.cold,llama_state_seq_save_file.cold,llama_api,L2_394,00000000004142b1
llama_state_seq_set_data,llama_state_seq_set_data,llama_api,L2_395,000000000190e970
llama_state_seq_set_data.cold,llama_state_seq_set_data.cold,llama_api,L2_396,000000000041452a
llama_state_set_data,llama_state_set_data,llama_api,L2_397,000000000190f490
llama_state_set_data.cold,llama_state_set_data.cold,llama_api,L2_398,0000000000414a0a
llama_supports_gpu_offload,llama_supports_gpu_offload,llama_api,L2_401,000000000197d910
llama_supports_mlock,llama_supports_mlock,llama_api,L2_402,000000000197d8e0
llama_supports_mmap,llama_supports_mmap,memory,L8_038,000000000197d8d0
llama_supports_rpc,llama_supports_rpc,llama_api,L2_403,000000000197d8f0
llama_synchronize,llama_synchronize,llama_api,L2_404,000000000190c060
llama_time_us,llama_time_us,llama_api,L2_411,000000000197da00
llama_token_bos,llama_token_bos,batch_sampler,L3_183,0000000001968880
llama_token_cls,llama_token_cls,batch_sampler,L3_184,00000000019688b0
llama_token_eos,llama_token_eos,batch_sampler,L3_185,0000000001968890
llama_token_eot,llama_token_eot,batch_sampler,L3_186,00000000019688a0
llama_token_fim_mid,llama_token_fim_mid,batch_sampler,L3_187,0000000001968930
llama_token_fim_pad,llama_token_fim_pad,batch_sampler,L3_188,0000000001968940
llama_token_fim_pre,llama_token_fim_pre,batch_sampler,L3_189,0000000001968910
llama_token_fim_rep,llama_token_fim_rep,batch_sampler,L3_190,0000000001968950
llama_token_fim_sep,llama_token_fim_sep,batch_sampler,L3_191,0000000001968960
llama_token_fim_suf,llama_token_fim_suf,batch_sampler,L3_192,0000000001968920
llama_token_get_attr,llama_token_get_attr,batch_sampler,L3_193,0000000001968850
llama_token_get_score,llama_token_get_score,batch_sampler,L3_194,0000000001968840
llama_token_get_text,llama_token_get_text,batch_sampler,L3_195,0000000001968830
llama_token_is_control,llama_token_is_control,batch_sampler,L3_196,0000000001968870
llama_token_is_eog,llama_token_is_eog,batch_sampler,L3_197,0000000001968860
llama_tokenize,llama_tokenize,batch_sampler,L3_202,000000000196bbd0
llama_token_nl,llama_token_nl,batch_sampler,L3_198,00000000019688d0
llama_token_pad,llama_token_pad,batch_sampler,L3_199,00000000019688e0
llama_token_sep,llama_token_sep,batch_sampler,L3_200,00000000019688c0
llama_token_to_piece,llama_token_to_piece,batch_sampler,L3_201,0000000001969c40
llama_vocab_bos,llama_vocab_bos,vocab,L7_238,0000000001968740
llama_vocab_cls,llama_vocab_cls,vocab,L7_239,0000000001968770
llama_vocab_eos,llama_vocab_eos,vocab,L7_240,0000000001968750
llama_vocab_eot,llama_vocab_eot,vocab,L7_241,0000000001968760
llama_vocab_fim_mid,llama_vocab_fim_mid,vocab,L7_242,00000000019687f0
llama_vocab_fim_pad,llama_vocab_fim_pad,vocab,L7_243,0000000001968800
llama_vocab_fim_pre,llama_vocab_fim_pre,vocab,L7_244,00000000019687d0
llama_vocab_fim_rep,llama_vocab_fim_rep,vocab,L7_245,0000000001968810
llama_vocab_fim_sep,llama_vocab_fim_sep,vocab,L7_246,0000000001968820
llama_vocab_fim_suf,llama_vocab_fim_suf,vocab,L7_247,00000000019687e0
llama_vocab_get_add_bos,llama_vocab_get_add_bos,vocab,L7_248,00000000019687b0
llama_vocab_get_add_eos,llama_vocab_get_add_eos,vocab,L7_249,00000000019687c0
llama_vocab_get_attr,llama_vocab_get_attr,vocab,L7_250,0000000001968710
llama_vocab_get_score,llama_vocab_get_score,vocab,L7_251,0000000001968700
llama_vocab_get_text,llama_vocab_get_text,vocab,L7_252,00000000019686f0
llama_vocab_is_control,llama_vocab_is_control,vocab,L7_253,0000000001968730
llama_vocab_is_eog,llama_vocab_is_eog,vocab,L7_254,0000000001968720
llama_vocab_nl,llama_vocab_nl,vocab,L7_255,0000000001968790
llama_vocab_n_tokens,llama_vocab_n_tokens,batch_sampler,L3_263,00000000019686c0
llama_vocab_pad,llama_vocab_pad,vocab,L7_256,00000000019687a0
llama_vocab_sep,llama_vocab_sep,vocab,L7_257,0000000001968780
llama_vocab_type,llama_vocab_type,vocab,L7_258,00000000019686e0
log/slog.(*commonHandler).attrSep,log/slog.(*commonHandler).attrSep,ggml_ops,L6_2587,0000000000a62800
log/slog.(*commonHandler).clone,log/slog.(*commonHandler).clone,ggml_ops,L6_2588,0000000000a60fc0
log/slog.(*commonHandler).enabled,log/slog.(*commonHandler).enabled,ggml_ops,L6_2589,0000000000a61280
log/slog.(*commonHandler).handle,log/slog.(*commonHandler).handle,ggml_ops,L6_2590,0000000000a61860
log/slog.(*commonHandler).handle.deferwrap1,log/slog.(*commonHandler).handle.deferwrap1,ggml_ops,L6_2591,0000000000a621c0
log/slog.(*commonHandler).handle.deferwrap2,log/slog.(*commonHandler).handle.deferwrap2,ggml_ops,L6_2592,0000000000a62180
log/slog.(*commonHandler).newHandleState,log/slog.(*commonHandler).newHandleState,ggml_ops,L6_2593,0000000000a62880
log/slog.(*commonHandler).withAttrs,log/slog.(*commonHandler).withAttrs,ggml_ops,L6_2594,0000000000a61300
log/slog.(*commonHandler).withAttrs.deferwrap1,log/slog.(*commonHandler).withAttrs.deferwrap1,ggml_ops,L6_2595,0000000000a61700
log/slog.(*commonHandler).withGroup,log/slog.(*commonHandler).withGroup,ggml_ops,L6_2596,0000000000a61740
"maps.Copy[go.shape.map[*github.com/ollama/ollama/server/internal/client/ollama.Layer]int64,go.shape.map[*github.com/ollama/ollama/server/internal/client/ollama.Layer]int64,go.shape.*github.com/ollama/ollama/server/internal/client/ollama.Layer,go.shape.int64]","maps.Copy[go.shape.map[*github.com/ollama/ollama/server/internal/client/ollama.Layer]int64,go.shape.map[*github.com/ollama/ollama/server/internal/client/ollama.Layer]int64,go.shape.*github.com/ollama/ollama/server/internal/client/ollama.Layer,go.shape.int64]",ggml_ops,L6_2598,00000000016d3a20
"maps.Values[go.shape.map[*github.com/ollama/ollama/ml/backend/ggml._Ctype_struct_ggml_context]*github.com/ollama/ollama/ml/backend/ggml._Ctype_struct_ggml_backend_buffer,go.shape.*github.com/ollama/ollama/ml/backend/ggml._Ctype_struct_ggml_context,go.shape.*github.com/ollama/ollama/ml/backend/ggml._Ctype_struct_ggml_backend_buffer]","maps.Values[go.shape.map[*github.com/ollama/ollama/ml/backend/ggml._Ctype_struct_ggml_context]*github.com/ollama/ollama/ml/backend/ggml._Ctype_struct_ggml_backend_buffer,go.shape.*github.com/ollama/ollama/ml/backend/ggml._Ctype_struct_ggml_context,go.shape.*github.com/ollama/ollama/ml/backend/ggml._Ctype_struct_ggml_backend_buffer]",ggml_backend,L5_453,0000000000b6fde0
"maps.Values[go.shape.map[*github.com/ollama/ollama/ml/backend/ggml._Ctype_struct_ggml_context]*github.com/ollama/ollama/ml/backend/ggml._Ctype_struct_ggml_backend_buffer,go.shape.*github.com/ollama/ollama/ml/backend/ggml._Ctype_struct_ggml_context,go.shape.*github.com/ollama/ollama/ml/backend/ggml._Ctype_struct_ggml_backend_buffer].func1","maps.Values[go.shape.map[*github.com/ollama/ollama/ml/backend/ggml._Ctype_struct_ggml_context]*github.com/ollama/ollama/ml/backend/ggml._Ctype_struct_ggml_backend_buffer,go.shape.*github.com/ollama/ollama/ml/backend/ggml._Ctype_struct_ggml_context,go.shape.*github.com/ollama/ollama/ml/backend/ggml._Ctype_struct_ggml_backend_buffer].func1",ggml_backend,L5_454,0000000000b6fec0
mllama_free,mllama_free,ggml_ops,L6_2599,000000000187ab50
mllama_hidden_size,mllama_hidden_size,ggml_ops,L6_2600,000000000187aee0
mllama_image_batch_encode,mllama_image_batch_encode,ggml_ops,L6_2601,000000000187ac10
mllama_image_batch_encode.cold,mllama_image_batch_encode.cold,ggml_ops,L6_2602,000000000040b92f
mllama_image_batch_free,mllama_image_batch_free,ggml_ops,L6_2603,000000000187aac0
mllama_image_encode,mllama_image_encode,ggml_ops,L6_2608,000000000187ae70
mllama_image_free,mllama_image_free,ggml_ops,L6_2609,000000000187aa60
mllama_image_init,mllama_image_init,ggml_ops,L6_2610,000000000187aa30
mllama_image_load_from_data,mllama_image_load_from_data,ggml_ops,L6_2611,000000000187af80
mllama_image_size,mllama_image_size,ggml_ops,L6_2612,000000000187aec0
mllama_model_load,mllama_model_load,ggml_ops,L6_2615,000000000187b030
mllama_model_load.cold,mllama_model_load.cold,ggml_ops,L6_2616,000000000040b974
mllama_n_embd,mllama_n_embd,ggml_ops,L6_2617,000000000187af30
mllama_n_embd_bytes,mllama_n_embd_bytes,ggml_ops,L6_2618,000000000187af40
mllama_n_patches,mllama_n_patches,ggml_ops,L6_2619,000000000187aef0
mllama_n_positions,mllama_n_positions,ggml_ops,L6_2620,000000000187af00
mllama_n_tiles,mllama_n_tiles,ggml_ops,L6_2621,000000000187af20
mllama_patch_size,mllama_patch_size,ggml_ops,L6_2622,000000000187aed0
net.cgoLookupHostIP,net.cgoLookupHostIP,ggml_ops,L6_2625,0000000000636b60
net.cgoLookupHostIP.deferwrap1,net.cgoLookupHostIP.deferwrap1,ggml_ops,L6_2626,0000000000637780
net.cgoLookupIP,net.cgoLookupIP,ggml_ops,L6_2627,00000000006377c0
net.cgoLookupIP.func1,net.cgoLookupIP.func1,ggml_ops,L6_2628,0000000000637a00
net.cgoLookupPort,net.cgoLookupPort,ggml_ops,L6_2629,0000000000635760
net.cgoLookupPort.func1,net.cgoLookupPort.func1,ggml_ops,L6_2630,0000000000635fc0
net.cgoLookupServicePort,net.cgoLookupServicePort,ggml_ops,L6_2631,00000000006360a0
net.cgoLookupServicePort.deferwrap1,net.cgoLookupServicePort.deferwrap1,ggml_ops,L6_2632,0000000000636b20
net.commonPrefixLen,net.commonPrefixLen,ggml_ops,L6_2633,0000000000635360
net.goosPrefersCgo,net.goosPrefersCgo,ggml_ops,L6_2634,0000000000638220
net/http.commonPath,net/http.commonPath,ggml_ops,L6_2635,00000000009975c0
net/http/internal/httpcommon.asciiEqualFold,net/http/internal/httpcommon.asciiEqualFold,ggml_ops,L6_2646,0000000000920e20
net/http/internal/httpcommon.asciiToLower,net/http/internal/httpcommon.asciiToLower,ggml_ops,L6_2647,0000000000921080
net/http/internal/httpcommon.buildCommonHeaderMaps,net/http/internal/httpcommon.buildCommonHeaderMaps,ggml_ops,L6_2648,0000000000921180
net/http/internal/httpcommon.buildCommonHeaderMapsOnce,net/http/internal/httpcommon.buildCommonHeaderMapsOnce,ggml_ops,L6_2649,0000000000921140
net/http/internal/httpcommon.CachedCanonicalHeader,net/http/internal/httpcommon.CachedCanonicalHeader,ggml_ops,L6_2637,0000000000921640
net/http/internal/httpcommon.CanonicalHeader,net/http/internal/httpcommon.CanonicalHeader,ggml_ops,L6_2638,0000000000921540
net/http/internal/httpcommon.checkConnHeaders,net/http/internal/httpcommon.checkConnHeaders,ggml_ops,L6_2650,0000000000923740
net/http/internal/httpcommon.commaSeparatedTrailers,net/http/internal/httpcommon.commaSeparatedTrailers,ggml_ops,L6_2651,00000000009240a0
net/http/internal/httpcommon.EncodeHeaders,net/http/internal/httpcommon.EncodeHeaders,ggml_ops,L6_2639,0000000000921720
net/http/internal/httpcommon.EncodeHeaders.func1,net/http/internal/httpcommon.EncodeHeaders.func1,ggml_ops,L6_2640,0000000000922ac0
net/http/internal/httpcommon.EncodeHeaders.func2,net/http/internal/httpcommon.EncodeHeaders.func2,ggml_ops,L6_2641,00000000009229e0
net/http/internal/httpcommon.EncodeHeaders.func3,net/http/internal/httpcommon.EncodeHeaders.func3,ggml_ops,L6_2642,0000000000922800
net/http/internal/httpcommon.init,net/http/internal/httpcommon.init,ggml_ops,L6_2652,0000000000920dc0
net/http/internal/httpcommon.isASCIIPrint,net/http/internal/httpcommon.isASCIIPrint,ggml_ops,L6_2653,0000000000920fc0
net/http/internal/httpcommon.IsRequestGzip,net/http/internal/httpcommon.IsRequestGzip,ggml_ops,L6_2643,0000000000923580
net/http/internal/httpcommon.lower,net/http/internal/httpcommon.lower,ggml_ops,L6_2654,0000000000920f60
net/http/internal/httpcommon.LowerHeader,net/http/internal/httpcommon.LowerHeader,ggml_ops,L6_2644,0000000000921400
net/http/internal/httpcommon.NewServerRequest,net/http/internal/httpcommon.NewServerRequest,ggml_ops,L6_2645,0000000000924f60
net/http/internal/httpcommon.shouldSendReqContentLength,net/http/internal/httpcommon.shouldSendReqContentLength,ggml_ops,L6_2655,0000000000924d40
net/http/internal/httpcommon.validateHeaders,net/http/internal/httpcommon.validateHeaders,ggml_ops,L6_2657,00000000009247e0
net/http/internal/httpcommon.validPseudoPath,net/http/internal/httpcommon.validPseudoPath,ggml_ops,L6_2656,0000000000924740
net/http.isCommonNetReadError,net/http.isCommonNetReadError,ggml_ops,L6_2636,00000000009b1480
net/textproto.initCommonHeader,net/textproto.initCommonHeader,ggml_ops,L6_2658,00000000008dee20
ollama_debug,ollama_debug,ggml_ops,L6_2659,00000000019f74e0
ollama_debug_tensor.constprop.0,ollama_debug_tensor.constprop.0,ggml_ops,L6_2660,00000000019f7310
reflect.(*ptrType).Common,reflect.(*ptrType).Common,ggml_ops,L6_2663,0000000000573200
reflect.(*ptrType).Uncommon,reflect.(*ptrType).Uncommon,ggml_ops,L6_2664,00000000005735a0
reflect.(*rtype).common,reflect.(*rtype).common,ggml_ops,L6_2665,0000000000543900
reflect.(*rtype).uncommon,reflect.(*rtype).uncommon,ggml_ops,L6_2666,0000000000543940
reflect.(*structType).Common,reflect.(*structType).Common,ggml_ops,L6_2667,00000000005736a0
reflect.(*structType).Uncommon,reflect.(*structType).Uncommon,ggml_ops,L6_2668,0000000000573a40
reflect.TypeFor[go.shape.struct { encoding/gob.CommonType; Elem encoding/gob.typeId }],reflect.TypeFor[go.shape.struct { encoding/gob.CommonType; Elem encoding/gob.typeId }],ggml_ops,L6_2669,0000000000d5d3c0
reflect.TypeFor[go.shape.struct { encoding/gob.CommonType; Elem encoding/gob.typeId; Len int }],reflect.TypeFor[go.shape.struct { encoding/gob.CommonType; Elem encoding/gob.typeId; Len int }],ggml_ops,L6_2670,0000000000d5d5c0
reflect.TypeFor[go.shape.struct { encoding/gob.CommonType; Field []encoding/gob.fieldType }],reflect.TypeFor[go.shape.struct { encoding/gob.CommonType; Field []encoding/gob.fieldType }],ggml_ops,L6_2671,0000000000d5d2c0
reflect.TypeFor[go.shape.struct { encoding/gob.CommonType; Key encoding/gob.typeId; Elem encoding/gob.typeId }],reflect.TypeFor[go.shape.struct { encoding/gob.CommonType; Key encoding/gob.typeId; Elem encoding/gob.typeId }],ggml_ops,L6_2672,0000000000d5d1c0
"runtime.AddCleanup[go.shape.struct { github.com/ollama/ollama/runner/ollamarunner.list []github.com/ollama/ollama/ml.Context },go.shape.[]github.com/ollama/ollama/ml.Context]","runtime.AddCleanup[go.shape.struct { github.com/ollama/ollama/runner/ollamarunner.list []github.com/ollama/ollama/ml.Context },go.shape.[]github.com/ollama/ollama/ml.Context]",ggml_ops,L6_2677,0000000000c6b5c0
"runtime.AddCleanup[go.shape.struct { github.com/ollama/ollama/runner/ollamarunner.list []github.com/ollama/ollama/ml.Context },go.shape.[]github.com/ollama/ollama/ml.Context].func1","runtime.AddCleanup[go.shape.struct { github.com/ollama/ollama/runner/ollamarunner.list []github.com/ollama/ollama/ml.Context },go.shape.[]github.com/ollama/ollama/ml.Context].func1",ggml_ops,L6_2678,0000000000c6bd20
runtime.asmcgocall,runtime.asmcgocall,ggml_ops,L6_2680,00000000004c4e00
runtime.asmcgocall.abi0,runtime.asmcgocall.abi0,ggml_ops,L6_2681,00000000004c0f40
runtime.asmcgocall_landingpad.abi0,runtime.asmcgocall_landingpad.abi0,ggml_ops,L6_2682,00000000004c0f20
runtime.callCgoMmap.abi0,runtime.callCgoMmap.abi0,memory,L8_040,00000000004c2d00
runtime.callCgoMunmap.abi0,runtime.callCgoMunmap.abi0,memory,L8_041,00000000004c2da0
runtime.callCgoSigaction.abi0,runtime.callCgoSigaction.abi0,ggml_ops,L6_2683,00000000004c2ac0
runtime.callCgoSymbolizer,runtime.callCgoSymbolizer,ggml_ops,L6_2684,00000000004ab300
runtime.callCleanup[go.shape.[]github.com/ollama/ollama/ml.Context],runtime.callCleanup[go.shape.[]github.com/ollama/ollama/ml.Context],ggml_ops,L6_2685,0000000000c6be00
runtime.cgoBindM,runtime.cgoBindM,ggml_ops,L6_2686,0000000000487500
runtime.cgocall,runtime.cgocall,ggml_ops,L6_2698,00000000004b6860
runtime.cgocallback.abi0,runtime.cgocallback.abi0,ggml_ops,L6_2699,00000000004c1000
runtime.cgocallbackg,runtime.cgocallbackg,ggml_ops,L6_2700,0000000000444840
runtime.cgocallbackg1,runtime.cgocallbackg1,ggml_ops,L6_2702,0000000000444a40
runtime.cgocallbackg1.deferwrap1,runtime.cgocallbackg1.deferwrap1,ggml_ops,L6_2703,0000000000444e20
runtime.cgocallbackg1.deferwrap2,runtime.cgocallbackg1.deferwrap2,ggml_ops,L6_2704,0000000000444de0
runtime.cgocallbackg1.func1,runtime.cgocallbackg1.func1,ggml_ops,L6_2705,00000000004b6100
runtime.cgocallbackg.abi0,runtime.cgocallbackg.abi0,ggml_ops,L6_2701,00000000004c49c0
runtime.cgoCheckArg,runtime.cgoCheckArg,ggml_ops,L6_2687,0000000000444f00
runtime.cgoCheckPointer,runtime.cgoCheckPointer,ggml_ops,L6_2688,00000000004b6980
runtime.cgoCheckUnknownPointer,runtime.cgoCheckUnknownPointer,ggml_ops,L6_2689,0000000000445520
runtime.cgoContextPCs,runtime.cgoContextPCs,ggml_ops,L6_2690,00000000004ab3a0
runtime.cgoFormatErr,runtime.cgoFormatErr,ggml_ops,L6_2691,0000000000445800
runtime/cgo.(*Handle).Delete,runtime/cgo.(*Handle).Delete,ggml_ops,L6_2713,0000000000631d60
runtime/cgo.Handle.Delete,runtime/cgo.Handle.Delete,ggml_ops,L6_2715,0000000000631bc0
runtime/cgo.(*Handle).Value,runtime/cgo.(*Handle).Value,ggml_ops,L6_2714,0000000000631dc0
runtime/cgo.Handle.Value,runtime/cgo.Handle.Value,ggml_ops,L6_2716,0000000000631b00
runtime.cgoInRange,runtime.cgoInRange,ggml_ops,L6_2692,00000000004457e0
runtime.cgoIsGoPointer,runtime.cgoIsGoPointer,ggml_ops,L6_2693,0000000000445700
runtime/cgo.NewHandle,runtime/cgo.NewHandle,ggml_ops,L6_2717,0000000000631a40
runtime._cgo_panic_internal,runtime._cgo_panic_internal,go_cgo_bridge,L1_220,00000000004b6bc0
runtime/cgo.set_crosscall2,runtime/cgo.set_crosscall2,ggml_ops,L6_2718,0000000000631e40
runtime/cgo.set_crosscall2.abi0,runtime/cgo.set_crosscall2.abi0,ggml_ops,L6_2719,0000000000631cc0
runtime.cgoSigtramp.abi0,runtime.cgoSigtramp.abi0,ggml_ops,L6_2694,00000000004c2bc0
runtime.cgoSymbolizerAvailable,runtime.cgoSymbolizerAvailable,ggml_ops,L6_2695,00000000004ab000
runtime.cgoTracebackAvailable,runtime.cgoTracebackAvailable,ggml_ops,L6_2696,00000000004aafe0
runtime.cgoUse,runtime.cgoUse,ggml_ops,L6_2697,00000000004b6820
runtime.expandCgoFrames,runtime.expandCgoFrames,ggml_ops,L6_2706,00000000004a1200
runtime.fixSigactionForCgo,runtime.fixSigactionForCgo,ggml_ops,L6_2707,000000000047d3a0
runtime.mcommoninit,runtime.mcommoninit,ggml_ops,L6_2708,0000000000484920
runtime.(*m).hasCgoOnStack,runtime.(*m).hasCgoOnStack,ggml_ops,L6_2675,0000000000484d80
runtime.NumCgoCall,runtime.NumCgoCall,ggml_ops,L6_2679,0000000000448120
runtime.printCgoTraceback,runtime.printCgoTraceback,ggml_ops,L6_2709,00000000004ab020
runtime.printCgoTraceback.func1,runtime.printCgoTraceback.func1,ggml_ops,L6_2710,00000000004b4000
runtime.printOneCgoTraceback,runtime.printOneCgoTraceback,ggml_ops,L6_2711,00000000004ab140
runtime.rtype.uncommon,runtime.rtype.uncommon,ggml_ops,L6_2712,00000000004b0be0
runtime.(*unwinder).cgoCallers,runtime.(*unwinder).cgoCallers,ggml_ops,L6_2676,00000000004a7d00
"slices.BinarySearchFunc[go.shape.[]github.com/ollama/ollama/sample.token,go.shape.struct { github.com/ollama/ollama/sample.id int32; github.com/ollama/ollama/sample.value float32 },go.shape.float32]","slices.BinarySearchFunc[go.shape.[]github.com/ollama/ollama/sample.token,go.shape.struct { github.com/ollama/ollama/sample.id int32; github.com/ollama/ollama/sample.value float32 },go.shape.float32]",ggml_ops,L6_2720,0000000000bdc260
slices.breakPatternsCmpFunc[go.shape.struct { github.com/ollama/ollama/convert.id int; github.com/ollama/ollama/convert.content string }],slices.breakPatternsCmpFunc[go.shape.struct { github.com/ollama/ollama/convert.id int; github.com/ollama/ollama/convert.content string }],ggml_ops,L6_2741,00000000016931a0
slices.breakPatternsCmpFunc[go.shape.struct { github.com/ollama/ollama/sample.id int32; github.com/ollama/ollama/sample.value float32 }],slices.breakPatternsCmpFunc[go.shape.struct { github.com/ollama/ollama/sample.id int32; github.com/ollama/ollama/sample.value float32 }],ggml_ops,L6_2742,0000000000bdb6e0
slices.choosePivotCmpFunc[go.shape.struct { github.com/ollama/ollama/convert.id int; github.com/ollama/ollama/convert.content string }],slices.choosePivotCmpFunc[go.shape.struct { github.com/ollama/ollama/convert.id int; github.com/ollama/ollama/convert.content string }],ggml_ops,L6_2743,0000000001692900
slices.choosePivotCmpFunc[go.shape.struct { github.com/ollama/ollama/sample.id int32; github.com/ollama/ollama/sample.value float32 }],slices.choosePivotCmpFunc[go.shape.struct { github.com/ollama/ollama/sample.id int32; github.com/ollama/ollama/sample.value float32 }],ggml_ops,L6_2744,0000000000bdaea0
"slices.ContainsFunc[go.shape.[]github.com/ollama/ollama/runner/llamarunner.input,go.shape.struct { github.com/ollama/ollama/runner/llamarunner.token int; github.com/ollama/ollama/runner/llamarunner.embed []float32 }]","slices.ContainsFunc[go.shape.[]github.com/ollama/ollama/runner/llamarunner.input,go.shape.struct { github.com/ollama/ollama/runner/llamarunner.token int; github.com/ollama/ollama/runner/llamarunner.embed []float32 }]",ggml_ops,L6_2721,0000000000bd64e0
"slices.Contains[go.shape.[]*github.com/ollama/ollama/llama._Ctype_int,go.shape.*github.com/ollama/ollama/llama._Ctype_int]","slices.Contains[go.shape.[]*github.com/ollama/ollama/llama._Ctype_int,go.shape.*github.com/ollama/ollama/llama._Ctype_int]",ggml_ops,L6_2722,0000000000ab32c0
"slices.Contains[go.shape.[]*github.com/ollama/ollama/ml/backend/ggml._Ctype_struct_ggml_backend_device,go.shape.*github.com/ollama/ollama/ml/backend/ggml._Ctype_struct_ggml_backend_device]","slices.Contains[go.shape.[]*github.com/ollama/ollama/ml/backend/ggml._Ctype_struct_ggml_backend_device,go.shape.*github.com/ollama/ollama/ml/backend/ggml._Ctype_struct_ggml_backend_device]",ggml_backend,L5_455,0000000000b6fc60
"slices.Contains[go.shape.[]github.com/ollama/ollama/types/model.Capability,go.shape.string]","slices.Contains[go.shape.[]github.com/ollama/ollama/types/model.Capability,go.shape.string]",ggml_ops,L6_2723,000000000172fea0
"slices.DeleteFunc[go.shape.[]github.com/ollama/ollama/convert.Tensor,go.shape.interface { Kind() uint32; Name() string; SetRepacker(github.com/ollama/ollama/convert.repacker); Shape() []uint64; WriteTo(io.Writer) (int64, error) }]","slices.DeleteFunc[go.shape.[]github.com/ollama/ollama/convert.Tensor,go.shape.interface { Kind() uint32; Name() string; SetRepacker(github.com/ollama/ollama/convert.repacker); Shape() []uint64; WriteTo(io.Writer) (int64, error) }]",ggml_ops,L6_2724,0000000001694780
"slices.DeleteFunc[go.shape.[]github.com/ollama/ollama/model/input.Input,go.shape.struct { Token int32; Multimodal interface {}; MultimodalHash uint64; SameBatch int }]","slices.DeleteFunc[go.shape.[]github.com/ollama/ollama/model/input.Input,go.shape.struct { Token int32; Multimodal interface {}; MultimodalHash uint64; SameBatch int }]",ggml_ops,L6_2725,0000000000c5e440
"slices.DeleteFunc[go.shape.[]github.com/ollama/ollama/server.Layer,go.shape.struct { MediaType string ""json:\""mediaType\""""; Digest string ""json:\""digest\""""; Size int64 ""json:\""size\""""; From string ""json:\""from,omitempty\""""; github.com/ollama/ollama/server.status string }]","slices.DeleteFunc[go.shape.[]github.com/ollama/ollama/server.Layer,go.shape.struct { MediaType string ""json:\""mediaType\""""; Digest string ""json:\""digest\""""; Size int64 ""json:\""size\""""; From string ""json:\""from,omitempty\""""; github.com/ollama/ollama/server.status string }]",ggml_ops,L6_2726,000000000172b8e0
slices.heapSortCmpFunc[go.shape.struct { github.com/ollama/ollama/convert.id int; github.com/ollama/ollama/convert.content string }],slices.heapSortCmpFunc[go.shape.struct { github.com/ollama/ollama/convert.id int; github.com/ollama/ollama/convert.content string }],ggml_ops,L6_2745,0000000001693480
slices.heapSortCmpFunc[go.shape.struct { github.com/ollama/ollama/sample.id int32; github.com/ollama/ollama/sample.value float32 }],slices.heapSortCmpFunc[go.shape.struct { github.com/ollama/ollama/sample.id int32; github.com/ollama/ollama/sample.value float32 }],ggml_ops,L6_2746,0000000000bdb940
"slices.IndexFunc[go.shape.[]github.com/ollama/ollama/convert.Tensor,go.shape.interface { Kind() uint32; Name() string; SetRepacker(github.com/ollama/ollama/convert.repacker); Shape() []uint64; WriteTo(io.Writer) (int64, error) }]","slices.IndexFunc[go.shape.[]github.com/ollama/ollama/convert.Tensor,go.shape.interface { Kind() uint32; Name() string; SetRepacker(github.com/ollama/ollama/convert.repacker); Shape() []uint64; WriteTo(io.Writer) (int64, error) }]",ggml_ops,L6_2727,0000000001694a60
"slices.IndexFunc[go.shape.[]github.com/ollama/ollama/model/input.Input,go.shape.struct { Token int32; Multimodal interface {}; MultimodalHash uint64; SameBatch int }]","slices.IndexFunc[go.shape.[]github.com/ollama/ollama/model/input.Input,go.shape.struct { Token int32; Multimodal interface {}; MultimodalHash uint64; SameBatch int }]",ggml_ops,L6_2728,0000000000c5e780
"slices.IndexFunc[go.shape.[]github.com/ollama/ollama/runner/llamarunner.input,go.shape.struct { github.com/ollama/ollama/runner/llamarunner.token int; github.com/ollama/ollama/runner/llamarunner.embed []float32 }]","slices.IndexFunc[go.shape.[]github.com/ollama/ollama/runner/llamarunner.input,go.shape.struct { github.com/ollama/ollama/runner/llamarunner.token int; github.com/ollama/ollama/runner/llamarunner.embed []float32 }]",ggml_ops,L6_2729,0000000000bd65a0
"slices.IndexFunc[go.shape.[]github.com/ollama/ollama/server.Layer,go.shape.struct { MediaType string ""json:\""mediaType\""""; Digest string ""json:\""digest\""""; Size int64 ""json:\""size\""""; From string ""json:\""from,omitempty\""""; github.com/ollama/ollama/server.status string }]","slices.IndexFunc[go.shape.[]github.com/ollama/ollama/server.Layer,go.shape.struct { MediaType string ""json:\""mediaType\""""; Digest string ""json:\""digest\""""; Size int64 ""json:\""size\""""; From string ""json:\""from,omitempty\""""; github.com/ollama/ollama/server.status string }]",ggml_ops,L6_2730,000000000172bc80
"slices.Index[go.shape.[]*github.com/ollama/ollama/llama._Ctype_int,go.shape.*github.com/ollama/ollama/llama._Ctype_int]","slices.Index[go.shape.[]*github.com/ollama/ollama/llama._Ctype_int,go.shape.*github.com/ollama/ollama/llama._Ctype_int]",ggml_ops,L6_2731,0000000000ab3380
"slices.Index[go.shape.[]*github.com/ollama/ollama/ml/backend/ggml._Ctype_struct_ggml_backend_device,go.shape.*github.com/ollama/ollama/ml/backend/ggml._Ctype_struct_ggml_backend_device]","slices.Index[go.shape.[]*github.com/ollama/ollama/ml/backend/ggml._Ctype_struct_ggml_backend_device,go.shape.*github.com/ollama/ollama/ml/backend/ggml._Ctype_struct_ggml_backend_device]",ggml_backend,L5_456,0000000000b6fd20
"slices.Index[go.shape.[]github.com/ollama/ollama/types/model.Capability,go.shape.string]","slices.Index[go.shape.[]github.com/ollama/ollama/types/model.Capability,go.shape.string]",ggml_ops,L6_2732,000000000172ff60
slices.insertionSortCmpFunc[go.shape.struct { github.com/ollama/ollama/convert.id int; github.com/ollama/ollama/convert.content string }],slices.insertionSortCmpFunc[go.shape.struct { github.com/ollama/ollama/convert.id int; github.com/ollama/ollama/convert.content string }],ggml_ops,L6_2749,0000000001693ce0
slices.insertionSortCmpFunc[go.shape.struct { github.com/ollama/ollama/sample.id int32; github.com/ollama/ollama/sample.value float32 }],slices.insertionSortCmpFunc[go.shape.struct { github.com/ollama/ollama/sample.id int32; github.com/ollama/ollama/sample.value float32 }],ggml_ops,L6_2750,0000000000bdbfc0
"slices.insertionSortCmpFunc[go.shape.struct { Name string ""json:\""name\""""; Model string ""json:\""model\""""; ModifiedAt time.Time ""json:\""modified_at\""""; Size int64 ""json:\""size\""""; Digest string ""json:\""digest\""""; Details github.com/ollama/ollama/api.ModelDetails ""json:\""details,omitempty\"""" }]","slices.insertionSortCmpFunc[go.shape.struct { Name string ""json:\""name\""""; Model string ""json:\""model\""""; ModifiedAt time.Time ""json:\""modified_at\""""; Size int64 ""json:\""size\""""; Digest string ""json:\""digest\""""; Details github.com/ollama/ollama/api.ModelDetails ""json:\""details,omitempty\"""" }]",ggml_ops,L6_2747,000000000172f740
"slices.insertionSortCmpFunc[go.shape.struct { Name string ""json:\""name\""""; Model string ""json:\""model\""""; Size int64 ""json:\""size\""""; Digest string ""json:\""digest\""""; Details github.com/ollama/ollama/api.ModelDetails ""json:\""details,omitempty\""""; ExpiresAt time.Time ""json:\""expires_at\""""; SizeVRAM int64 ""json:\""size_vram\"""" }]","slices.insertionSortCmpFunc[go.shape.struct { Name string ""json:\""name\""""; Model string ""json:\""model\""""; Size int64 ""json:\""size\""""; Digest string ""json:\""digest\""""; Details github.com/ollama/ollama/api.ModelDetails ""json:\""details,omitempty\""""; ExpiresAt time.Time ""json:\""expires_at\""""; SizeVRAM int64 ""json:\""size_vram\"""" }]",ggml_ops,L6_2748,000000000172d4a0
slices.medianAdjacentCmpFunc[go.shape.struct { github.com/ollama/ollama/convert.id int; github.com/ollama/ollama/convert.content string }],slices.medianAdjacentCmpFunc[go.shape.struct { github.com/ollama/ollama/convert.id int; github.com/ollama/ollama/convert.content string }],ggml_ops,L6_2751,0000000001693080
slices.medianAdjacentCmpFunc[go.shape.struct { github.com/ollama/ollama/sample.id int32; github.com/ollama/ollama/sample.value float32 }],slices.medianAdjacentCmpFunc[go.shape.struct { github.com/ollama/ollama/sample.id int32; github.com/ollama/ollama/sample.value float32 }],ggml_ops,L6_2752,0000000000bdb5c0
slices.medianCmpFunc[go.shape.struct { github.com/ollama/ollama/convert.id int; github.com/ollama/ollama/convert.content string }],slices.medianCmpFunc[go.shape.struct { github.com/ollama/ollama/convert.id int; github.com/ollama/ollama/convert.content string }],ggml_ops,L6_2753,0000000001692c20
slices.medianCmpFunc[go.shape.struct { github.com/ollama/ollama/sample.id int32; github.com/ollama/ollama/sample.value float32 }],slices.medianCmpFunc[go.shape.struct { github.com/ollama/ollama/sample.id int32; github.com/ollama/ollama/sample.value float32 }],ggml_ops,L6_2754,0000000000bdb1c0
slices.order2CmpFunc[go.shape.struct { github.com/ollama/ollama/convert.id int; github.com/ollama/ollama/convert.content string }],slices.order2CmpFunc[go.shape.struct { github.com/ollama/ollama/convert.id int; github.com/ollama/ollama/convert.content string }],ggml_ops,L6_2755,0000000001692e80
slices.order2CmpFunc[go.shape.struct { github.com/ollama/ollama/sample.id int32; github.com/ollama/ollama/sample.value float32 }],slices.order2CmpFunc[go.shape.struct { github.com/ollama/ollama/sample.id int32; github.com/ollama/ollama/sample.value float32 }],ggml_ops,L6_2756,0000000000bdb420
slices.partialInsertionSortCmpFunc[go.shape.struct { github.com/ollama/ollama/convert.id int; github.com/ollama/ollama/convert.content string }],slices.partialInsertionSortCmpFunc[go.shape.struct { github.com/ollama/ollama/convert.id int; github.com/ollama/ollama/convert.content string }],ggml_ops,L6_2757,0000000001691d20
slices.partialInsertionSortCmpFunc[go.shape.struct { github.com/ollama/ollama/sample.id int32; github.com/ollama/ollama/sample.value float32 }],slices.partialInsertionSortCmpFunc[go.shape.struct { github.com/ollama/ollama/sample.id int32; github.com/ollama/ollama/sample.value float32 }],ggml_ops,L6_2758,0000000000bda620
slices.partitionCmpFunc[go.shape.struct { github.com/ollama/ollama/convert.id int; github.com/ollama/ollama/convert.content string }],slices.partitionCmpFunc[go.shape.struct { github.com/ollama/ollama/convert.id int; github.com/ollama/ollama/convert.content string }],ggml_ops,L6_2759,0000000001690900
slices.partitionCmpFunc[go.shape.struct { github.com/ollama/ollama/sample.id int32; github.com/ollama/ollama/sample.value float32 }],slices.partitionCmpFunc[go.shape.struct { github.com/ollama/ollama/sample.id int32; github.com/ollama/ollama/sample.value float32 }],ggml_ops,L6_2760,0000000000bd9720
slices.partitionEqualCmpFunc[go.shape.struct { github.com/ollama/ollama/convert.id int; github.com/ollama/ollama/convert.content string }],slices.partitionEqualCmpFunc[go.shape.struct { github.com/ollama/ollama/convert.id int; github.com/ollama/ollama/convert.content string }],ggml_ops,L6_2761,00000000016916a0
slices.partitionEqualCmpFunc[go.shape.struct { github.com/ollama/ollama/sample.id int32; github.com/ollama/ollama/sample.value float32 }],slices.partitionEqualCmpFunc[go.shape.struct { github.com/ollama/ollama/sample.id int32; github.com/ollama/ollama/sample.value float32 }],ggml_ops,L6_2762,0000000000bda160
slices.pdqsortCmpFunc[go.shape.struct { github.com/ollama/ollama/convert.id int; github.com/ollama/ollama/convert.content string }],slices.pdqsortCmpFunc[go.shape.struct { github.com/ollama/ollama/convert.id int; github.com/ollama/ollama/convert.content string }],ggml_ops,L6_2763,0000000001690220
slices.pdqsortCmpFunc[go.shape.struct { github.com/ollama/ollama/sample.id int32; github.com/ollama/ollama/sample.value float32 }],slices.pdqsortCmpFunc[go.shape.struct { github.com/ollama/ollama/sample.id int32; github.com/ollama/ollama/sample.value float32 }],ggml_ops,L6_2764,0000000000bd90a0
"slices.Repeat[go.shape.[]github.com/ollama/ollama/ml.Tensor,go.shape.6dad4a289a418f93f25360437a9a520b0316b8c726cb97099f74730101ffb14f]","slices.Repeat[go.shape.[]github.com/ollama/ollama/ml.Tensor,go.shape.6dad4a289a418f93f25360437a9a520b0316b8c726cb97099f74730101ffb14f]",ggml_ops,L6_2733,0000000000c5ea00
"slices.Repeat[go.shape.[]github.com/ollama/ollama/model/input.Input,go.shape.struct { Token int32; Multimodal interface {}; MultimodalHash uint64; SameBatch int }]","slices.Repeat[go.shape.[]github.com/ollama/ollama/model/input.Input,go.shape.struct { Token int32; Multimodal interface {}; MultimodalHash uint64; SameBatch int }]",ggml_ops,L6_2734,0000000000c4c3e0
slices.reverseRangeCmpFunc[go.shape.struct { github.com/ollama/ollama/convert.id int; github.com/ollama/ollama/convert.content string }],slices.reverseRangeCmpFunc[go.shape.struct { github.com/ollama/ollama/convert.id int; github.com/ollama/ollama/convert.content string }],ggml_ops,L6_2765,00000000016926e0
slices.reverseRangeCmpFunc[go.shape.struct { github.com/ollama/ollama/sample.id int32; github.com/ollama/ollama/sample.value float32 }],slices.reverseRangeCmpFunc[go.shape.struct { github.com/ollama/ollama/sample.id int32; github.com/ollama/ollama/sample.value float32 }],ggml_ops,L6_2766,0000000000bdad60
"slices.rotateCmpFunc[go.shape.struct { Name string ""json:\""name\""""; Model string ""json:\""model\""""; ModifiedAt time.Time ""json:\""modified_at\""""; Size int64 ""json:\""size\""""; Digest string ""json:\""digest\""""; Details github.com/ollama/ollama/api.ModelDetails ""json:\""details,omitempty\"""" }]","slices.rotateCmpFunc[go.shape.struct { Name string ""json:\""name\""""; Model string ""json:\""model\""""; ModifiedAt time.Time ""json:\""modified_at\""""; Size int64 ""json:\""size\""""; Digest string ""json:\""digest\""""; Details github.com/ollama/ollama/api.ModelDetails ""json:\""details,omitempty\"""" }]",ggml_ops,L6_2767,000000000172f100
"slices.rotateCmpFunc[go.shape.struct { Name string ""json:\""name\""""; Model string ""json:\""model\""""; Size int64 ""json:\""size\""""; Digest string ""json:\""digest\""""; Details github.com/ollama/ollama/api.ModelDetails ""json:\""details,omitempty\""""; ExpiresAt time.Time ""json:\""expires_at\""""; SizeVRAM int64 ""json:\""size_vram\"""" }]","slices.rotateCmpFunc[go.shape.struct { Name string ""json:\""name\""""; Model string ""json:\""model\""""; Size int64 ""json:\""size\""""; Digest string ""json:\""digest\""""; Details github.com/ollama/ollama/api.ModelDetails ""json:\""details,omitempty\""""; ExpiresAt time.Time ""json:\""expires_at\""""; SizeVRAM int64 ""json:\""size_vram\"""" }]",ggml_ops,L6_2768,000000000172cf80
slices.siftDownCmpFunc[go.shape.struct { github.com/ollama/ollama/convert.id int; github.com/ollama/ollama/convert.content string }],slices.siftDownCmpFunc[go.shape.struct { github.com/ollama/ollama/convert.id int; github.com/ollama/ollama/convert.content string }],ggml_ops,L6_2769,00000000016937e0
slices.siftDownCmpFunc[go.shape.struct { github.com/ollama/ollama/sample.id int32; github.com/ollama/ollama/sample.value float32 }],slices.siftDownCmpFunc[go.shape.struct { github.com/ollama/ollama/sample.id int32; github.com/ollama/ollama/sample.value float32 }],ggml_ops,L6_2770,0000000000bdbc00
"slices.SortFunc[go.shape.[]github.com/ollama/ollama/convert.t.1,go.shape.struct { github.com/ollama/ollama/convert.id int; github.com/ollama/ollama/convert.content string }]","slices.SortFunc[go.shape.[]github.com/ollama/ollama/convert.t.1,go.shape.struct { github.com/ollama/ollama/convert.id int; github.com/ollama/ollama/convert.content string }]",ggml_ops,L6_2735,0000000001690140
"slices.SortFunc[go.shape.[]github.com/ollama/ollama/sample.token,go.shape.struct { github.com/ollama/ollama/sample.id int32; github.com/ollama/ollama/sample.value float32 }]","slices.SortFunc[go.shape.[]github.com/ollama/ollama/sample.token,go.shape.struct { github.com/ollama/ollama/sample.id int32; github.com/ollama/ollama/sample.value float32 }]",ggml_ops,L6_2736,0000000000bd8fc0
"slices.SortFunc[go.shape.[]go.shape.*github.com/ollama/ollama/model.pair,go.shape.*uint8]","slices.SortFunc[go.shape.[]go.shape.*github.com/ollama/ollama/model.pair,go.shape.*uint8]",ggml_ops,L6_2737,0000000000bb1300
"slices.SortStableFunc[go.shape.[]github.com/ollama/ollama/api.ListModelResponse,go.shape.struct { Name string ""json:\""name\""""; Model string ""json:\""model\""""; ModifiedAt time.Time ""json:\""modified_at\""""; Size int64 ""json:\""size\""""; Digest string ""json:\""digest\""""; Details github.com/ollama/ollama/api.ModelDetails ""json:\""details,omitempty\"""" }]","slices.SortStableFunc[go.shape.[]github.com/ollama/ollama/api.ListModelResponse,go.shape.struct { Name string ""json:\""name\""""; Model string ""json:\""model\""""; ModifiedAt time.Time ""json:\""modified_at\""""; Size int64 ""json:\""size\""""; Digest string ""json:\""digest\""""; Details github.com/ollama/ollama/api.ModelDetails ""json:\""details,omitempty\"""" }]",ggml_ops,L6_2738,000000000172d9a0
"slices.SortStableFunc[go.shape.[]github.com/ollama/ollama/api.ProcessModelResponse,go.shape.struct { Name string ""json:\""name\""""; Model string ""json:\""model\""""; Size int64 ""json:\""size\""""; Digest string ""json:\""digest\""""; Details github.com/ollama/ollama/api.ModelDetails ""json:\""details,omitempty\""""; ExpiresAt time.Time ""json:\""expires_at\""""; SizeVRAM int64 ""json:\""size_vram\"""" }]","slices.SortStableFunc[go.shape.[]github.com/ollama/ollama/api.ProcessModelResponse,go.shape.struct { Name string ""json:\""name\""""; Model string ""json:\""model\""""; Size int64 ""json:\""size\""""; Digest string ""json:\""digest\""""; Details github.com/ollama/ollama/api.ModelDetails ""json:\""details,omitempty\""""; ExpiresAt time.Time ""json:\""expires_at\""""; SizeVRAM int64 ""json:\""size_vram\"""" }]",ggml_ops,L6_2739,000000000172be40
"slices.SortStableFunc[go.shape.[]github.com/ollama/ollama/fs/ggml.Tensor,go.shape.struct { Name string ""json:\""name\""""; Kind uint32 ""json:\""kind\""""; Offset uint64 ""json:\""-\""""; Shape []uint64 ""json:\""shape\""""; io.WriterTo ""json:\""-\"""" }]","slices.SortStableFunc[go.shape.[]github.com/ollama/ollama/fs/ggml.Tensor,go.shape.struct { Name string ""json:\""name\""""; Kind uint32 ""json:\""kind\""""; Offset uint64 ""json:\""-\""""; Shape []uint64 ""json:\""shape\""""; io.WriterTo ""json:\""-\"""" }]",ggml_ops,L6_2740,0000000000ae4a20
"slices.stableCmpFunc[go.shape.struct { Name string ""json:\""name\""""; Model string ""json:\""model\""""; ModifiedAt time.Time ""json:\""modified_at\""""; Size int64 ""json:\""size\""""; Digest string ""json:\""digest\""""; Details github.com/ollama/ollama/api.ModelDetails ""json:\""details,omitempty\"""" }]","slices.stableCmpFunc[go.shape.struct { Name string ""json:\""name\""""; Model string ""json:\""model\""""; ModifiedAt time.Time ""json:\""modified_at\""""; Size int64 ""json:\""size\""""; Digest string ""json:\""digest\""""; Details github.com/ollama/ollama/api.ModelDetails ""json:\""details,omitempty\"""" }]",ggml_ops,L6_2771,000000000172da40
"slices.stableCmpFunc[go.shape.struct { Name string ""json:\""name\""""; Model string ""json:\""model\""""; Size int64 ""json:\""size\""""; Digest string ""json:\""digest\""""; Details github.com/ollama/ollama/api.ModelDetails ""json:\""details,omitempty\""""; ExpiresAt time.Time ""json:\""expires_at\""""; SizeVRAM int64 ""json:\""size_vram\"""" }]","slices.stableCmpFunc[go.shape.struct { Name string ""json:\""name\""""; Model string ""json:\""model\""""; Size int64 ""json:\""size\""""; Digest string ""json:\""digest\""""; Details github.com/ollama/ollama/api.ModelDetails ""json:\""details,omitempty\""""; ExpiresAt time.Time ""json:\""expires_at\""""; SizeVRAM int64 ""json:\""size_vram\"""" }]",ggml_ops,L6_2772,000000000172bee0
"slices.swapRangeCmpFunc[go.shape.struct { Name string ""json:\""name\""""; Model string ""json:\""model\""""; ModifiedAt time.Time ""json:\""modified_at\""""; Size int64 ""json:\""size\""""; Digest string ""json:\""digest\""""; Details github.com/ollama/ollama/api.ModelDetails ""json:\""details,omitempty\"""" }]","slices.swapRangeCmpFunc[go.shape.struct { Name string ""json:\""name\""""; Model string ""json:\""model\""""; ModifiedAt time.Time ""json:\""modified_at\""""; Size int64 ""json:\""size\""""; Digest string ""json:\""digest\""""; Details github.com/ollama/ollama/api.ModelDetails ""json:\""details,omitempty\"""" }]",ggml_ops,L6_2773,000000000172f320
"slices.swapRangeCmpFunc[go.shape.struct { Name string ""json:\""name\""""; Model string ""json:\""model\""""; Size int64 ""json:\""size\""""; Digest string ""json:\""digest\""""; Details github.com/ollama/ollama/api.ModelDetails ""json:\""details,omitempty\""""; ExpiresAt time.Time ""json:\""expires_at\""""; SizeVRAM int64 ""json:\""size_vram\"""" }]","slices.swapRangeCmpFunc[go.shape.struct { Name string ""json:\""name\""""; Model string ""json:\""model\""""; Size int64 ""json:\""size\""""; Digest string ""json:\""digest\""""; Details github.com/ollama/ollama/api.ModelDetails ""json:\""details,omitempty\""""; ExpiresAt time.Time ""json:\""expires_at\""""; SizeVRAM int64 ""json:\""size_vram\"""" }]",ggml_ops,L6_2774,000000000172d1a0
"slices.symMergeCmpFunc[go.shape.struct { Name string ""json:\""name\""""; Model string ""json:\""model\""""; ModifiedAt time.Time ""json:\""modified_at\""""; Size int64 ""json:\""size\""""; Digest string ""json:\""digest\""""; Details github.com/ollama/ollama/api.ModelDetails ""json:\""details,omitempty\"""" }]","slices.symMergeCmpFunc[go.shape.struct { Name string ""json:\""name\""""; Model string ""json:\""model\""""; ModifiedAt time.Time ""json:\""modified_at\""""; Size int64 ""json:\""size\""""; Digest string ""json:\""digest\""""; Details github.com/ollama/ollama/api.ModelDetails ""json:\""details,omitempty\"""" }]",ggml_ops,L6_2775,000000000172dce0
"slices.symMergeCmpFunc[go.shape.struct { Name string ""json:\""name\""""; Model string ""json:\""model\""""; Size int64 ""json:\""size\""""; Digest string ""json:\""digest\""""; Details github.com/ollama/ollama/api.ModelDetails ""json:\""details,omitempty\""""; ExpiresAt time.Time ""json:\""expires_at\""""; SizeVRAM int64 ""json:\""size_vram\"""" }]","slices.symMergeCmpFunc[go.shape.struct { Name string ""json:\""name\""""; Model string ""json:\""model\""""; Size int64 ""json:\""size\""""; Digest string ""json:\""digest\""""; Details github.com/ollama/ollama/api.ModelDetails ""json:\""details,omitempty\""""; ExpiresAt time.Time ""json:\""expires_at\""""; SizeVRAM int64 ""json:\""size_vram\"""" }]",ggml_ops,L6_2776,000000000172c180
strings.longestCommonSuffix,strings.longestCommonSuffix,ggml_ops,L6_2834,00000000005dba00
"sync.OnceValues[go.shape.[]*github.com/ollama/ollama/template.named,go.shape.interface { Error() string }]","sync.OnceValues[go.shape.[]*github.com/ollama/ollama/template.named,go.shape.interface { Error() string }]",ggml_ops,L6_2835,00000000016a0a60
"sync.OnceValues[go.shape.[]*github.com/ollama/ollama/template.named,go.shape.interface { Error() string }].func1","sync.OnceValues[go.shape.[]*github.com/ollama/ollama/template.named,go.shape.interface { Error() string }].func1",ggml_ops,L6_2836,00000000016a0be0
"sync.OnceValues[go.shape.[]*github.com/ollama/ollama/template.named,go.shape.interface { Error() string }].func1.1","sync.OnceValues[go.shape.[]*github.com/ollama/ollama/template.named,go.shape.interface { Error() string }].func1.1",ggml_ops,L6_2837,00000000016a0ce0
"sync.OnceValues[go.shape.[]*github.com/ollama/ollama/template.named,go.shape.interface { Error() string }].func1.1.1","sync.OnceValues[go.shape.[]*github.com/ollama/ollama/template.named,go.shape.interface { Error() string }].func1.1.1",ggml_ops,L6_2838,00000000016a0ec0
type:.eq.[1]github.com/ollama/ollama/model/input.Input,type:.eq.[1]github.com/ollama/ollama/model/input.Input,ggml_ops,L6_2839,0000000000c4dda0
type:.eq.[1]github.com/ollama/ollama/openai.CompleteChunkChoice,type:.eq.[1]github.com/ollama/ollama/openai.CompleteChunkChoice,ggml_ops,L6_2840,00000000016b6420
type:.eq.[2]github.com/ollama/ollama/kvcache.Cache,type:.eq.[2]github.com/ollama/ollama/kvcache.Cache,ggml_ops,L6_2841,0000000000be1260
type:.eq.[2]github.com/ollama/ollama/ml.Tensor,type:.eq.[2]github.com/ollama/ollama/ml.Tensor,ggml_ops,L6_2842,0000000000b56e00
type:.eq.encoding/gob.CommonType,type:.eq.encoding/gob.CommonType,ggml_ops,L6_2843,0000000000d5cd00
type:.eq.github.com/ollama/ollama/api.CopyRequest,type:.eq.github.com/ollama/ollama/api.CopyRequest,ggml_ops,L6_2844,0000000000a859c0
type:.eq.github.com/ollama/ollama/api.DeleteRequest,type:.eq.github.com/ollama/ollama/api.DeleteRequest,ggml_ops,L6_2845,0000000000a85ae0
type:.eq.github.com/ollama/ollama/api.ProgressResponse,type:.eq.github.com/ollama/ollama/api.ProgressResponse,ggml_ops,L6_2846,0000000000a85c00
type:.eq.github.com/ollama/ollama/api.PullRequest,type:.eq.github.com/ollama/ollama/api.PullRequest,ggml_ops,L6_2847,0000000000a85d60
type:.eq.github.com/ollama/ollama/api.PushRequest,type:.eq.github.com/ollama/ollama/api.PushRequest,ggml_ops,L6_2848,0000000000a85fe0
type:.eq.github.com/ollama/ollama/api.Runner,type:.eq.github.com/ollama/ollama/api.Runner,ggml_ops,L6_2849,0000000000a85900
type:.eq.github.com/ollama/ollama/api.StatusError,type:.eq.github.com/ollama/ollama/api.StatusError,ggml_ops,L6_2850,0000000000a84b80
type:.eq.github.com/ollama/ollama/cmd.progressWriter,type:.eq.github.com/ollama/ollama/cmd.progressWriter,ggml_ops,L6_2851,0000000001768d00
type:.eq.github.com/ollama/ollama/convert.AdapterParameters,type:.eq.github.com/ollama/ollama/convert.AdapterParameters,ggml_ops,L6_2852,0000000001694f80
type:.eq.github.com/ollama/ollama/convert.gemma2Adapter,type:.eq.github.com/ollama/ollama/convert.gemma2Adapter,ggml_ops,L6_2853,00000000016950a0
type:.eq.github.com/ollama/ollama/convert.llamaAdapter,type:.eq.github.com/ollama/ollama/convert.llamaAdapter,ggml_ops,L6_2854,0000000001694ee0
type:.eq.github.com/ollama/ollama/convert.safetensor,type:.eq.github.com/ollama/ollama/convert.safetensor,ggml_ops,L6_2855,0000000001694320
type:.eq.github.com/ollama/ollama/convert.specialToken,type:.eq.github.com/ollama/ollama/convert.specialToken,ggml_ops,L6_2856,0000000001699d80
type:.eq.github.com/ollama/ollama/convert.SpecialVocabulary,type:.eq.github.com/ollama/ollama/convert.SpecialVocabulary,vocab,L7_263,0000000001694ce0
type:.eq.github.com/ollama/ollama/convert.t.1,type:.eq.github.com/ollama/ollama/convert.t.1,ggml_ops,L6_2857,0000000001699f80
type:.eq.github.com/ollama/ollama/convert.token,type:.eq.github.com/ollama/ollama/convert.token,ggml_ops,L6_2858,0000000001699e80
type:.eq.github.com/ollama/ollama/convert.torch,type:.eq.github.com/ollama/ollama/convert.torch,ggml_ops,L6_2859,0000000001694260
type:.eq.github.com/ollama/ollama/discover.CPU,type:.eq.github.com/ollama/ollama/discover.CPU,ggml_ops,L6_2860,0000000000ad1c60
type:.eq.github.com/ollama/ollama/discover._Ctype_struct_cudart_handle,type:.eq.github.com/ollama/ollama/discover._Ctype_struct_cudart_handle,ggml_ops,L6_2863,0000000000ad1e40
type:.eq.github.com/ollama/ollama/discover._Ctype_struct_cudart_init_resp,type:.eq.github.com/ollama/ollama/discover._Ctype_struct_cudart_init_resp,ggml_ops,L6_2864,0000000000ad24c0
type:.eq.github.com/ollama/ollama/discover._Ctype_struct_mem_info,type:.eq.github.com/ollama/ollama/discover._Ctype_struct_mem_info,ggml_ops,L6_2865,0000000000ad2560
type:.eq.github.com/ollama/ollama/discover._Ctype_struct_nvcuda_handle,type:.eq.github.com/ollama/ollama/discover._Ctype_struct_nvcuda_handle,ggml_ops,L6_2866,0000000000ad1ee0
type:.eq.github.com/ollama/ollama/discover._Ctype_struct_nvcuda_init_resp,type:.eq.github.com/ollama/ollama/discover._Ctype_struct_nvcuda_init_resp,ggml_ops,L6_2867,0000000000ad25e0
type:.eq.github.com/ollama/ollama/discover._Ctype_struct_nvml_handle,type:.eq.github.com/ollama/ollama/discover._Ctype_struct_nvml_handle,ggml_ops,L6_2868,0000000000ad1fa0
type:.eq.github.com/ollama/ollama/discover._Ctype_struct_nvml_init_resp,type:.eq.github.com/ollama/ollama/discover._Ctype_struct_nvml_init_resp,ggml_ops,L6_2869,0000000000ad26a0
type:.eq.github.com/ollama/ollama/discover._Ctype_struct_oneapi_handle,type:.eq.github.com/ollama/ollama/discover._Ctype_struct_oneapi_handle,ggml_ops,L6_2870,0000000000ad2040
type:.eq.github.com/ollama/ollama/discover._Ctype_struct_oneapi_init_resp,type:.eq.github.com/ollama/ollama/discover._Ctype_struct_oneapi_init_resp,ggml_ops,L6_2871,0000000000ad2720
type:.eq.github.com/ollama/ollama/discover._Ctype_struct__zes_device_handle_t,type:.eq.github.com/ollama/ollama/discover._Ctype_struct__zes_device_handle_t,ggml_ops,L6_2861,0000000000ad2120
type:.eq.github.com/ollama/ollama/discover._Ctype_struct__zes_driver_handle_t,type:.eq.github.com/ollama/ollama/discover._Ctype_struct__zes_driver_handle_t,ggml_ops,L6_2862,0000000000ad20e0
type:.eq.github.com/ollama/ollama/discover.linuxCpuInfo,type:.eq.github.com/ollama/ollama/discover.linuxCpuInfo,ggml_ops,L6_2872,0000000000ad2160
type:.eq.github.com/ollama/ollama/envconfig.EnvVar,type:.eq.github.com/ollama/ollama/envconfig.EnvVar,ggml_ops,L6_2873,0000000000a77fa0
type:.eq.github.com/ollama/ollama/fs/ggml.containerGGUF,type:.eq.github.com/ollama/ollama/fs/ggml.containerGGUF,ggml_ops,L6_2875,0000000000ae7340
type:.eq.github.com/ollama/ollama/fs/ggml.GGML,type:.eq.github.com/ollama/ollama/fs/ggml.GGML,ggml_ops,L6_2874,0000000000aeaae0
type:.eq.github.com/ollama/ollama/fs/util/bufioutil.BufferedSeeker,type:.eq.github.com/ollama/ollama/fs/util/bufioutil.BufferedSeeker,memory,L8_042,0000000000ad2bc0
type:.eq.github.com/ollama/ollama/llama.Batch,type:.eq.github.com/ollama/ollama/llama.Batch,ggml_ops,L6_2876,0000000000ab3ca0
type:.eq.github.com/ollama/ollama/llama._Ctype_struct_clip_ctx,type:.eq.github.com/ollama/ollama/llama._Ctype_struct_clip_ctx,ggml_ops,L6_2879,0000000000ab3a40
type:.eq.github.com/ollama/ollama/llama._Ctype_struct_common_sampler,type:.eq.github.com/ollama/ollama/llama._Ctype_struct_common_sampler,ggml_ops,L6_2880,0000000000ab3a80
type:.eq.github.com/ollama/ollama/llama._Ctype_struct_common_sampler_cparams,type:.eq.github.com/ollama/ollama/llama._Ctype_struct_common_sampler_cparams,ggml_ops,L6_2881,0000000000ab3d80
type:.eq.github.com/ollama/ollama/llama._Ctype_struct_ggml_backend_device,type:.eq.github.com/ollama/ollama/llama._Ctype_struct_ggml_backend_device,ggml_backend,L5_510,0000000000ab38c0
type:.eq.github.com/ollama/ollama/llama._Ctype_struct_ggml_context,type:.eq.github.com/ollama/ollama/llama._Ctype_struct_ggml_context,ggml_ops,L6_2882,0000000000ab3500
type:.eq.github.com/ollama/ollama/llama._Ctype_struct_gguf_context,type:.eq.github.com/ollama/ollama/llama._Ctype_struct_gguf_context,ggml_ops,L6_2883,0000000000ab3ac0
type:.eq.github.com/ollama/ollama/llama._Ctype_struct_gguf_init_params,type:.eq.github.com/ollama/ollama/llama._Ctype_struct_gguf_init_params,ggml_ops,L6_2884,0000000000ab34a0
type:.eq.github.com/ollama/ollama/llama._Ctype_struct_llama_adapter_lora,type:.eq.github.com/ollama/ollama/llama._Ctype_struct_llama_adapter_lora,ggml_ops,L6_2885,0000000000ab3ee0
type:.eq.github.com/ollama/ollama/llama._Ctype_struct_llama_batch,type:.eq.github.com/ollama/ollama/llama._Ctype_struct_llama_batch,ggml_ops,L6_2886,0000000000ab3540
type:.eq.github.com/ollama/ollama/llama._Ctype_struct_llama_context,type:.eq.github.com/ollama/ollama/llama._Ctype_struct_llama_context,ggml_ops,L6_2887,0000000000ab3b00
type:.eq.github.com/ollama/ollama/llama._Ctype_struct_llama_context_params,type:.eq.github.com/ollama/ollama/llama._Ctype_struct_llama_context_params,ggml_ops,L6_2888,0000000000ab35e0
type:.eq.github.com/ollama/ollama/llama._Ctype_struct_llama_model,type:.eq.github.com/ollama/ollama/llama._Ctype_struct_llama_model,ggml_ops,L6_2889,0000000000ab3b40
type:.eq.github.com/ollama/ollama/llama._Ctype_struct_llama_model_kv_override,type:.eq.github.com/ollama/ollama/llama._Ctype_struct_llama_model_kv_override,ggml_ops,L6_2890,0000000000ab3900
type:.eq.github.com/ollama/ollama/llama._Ctype_struct_llama_model_params,type:.eq.github.com/ollama/ollama/llama._Ctype_struct_llama_model_params,ggml_ops,L6_2891,0000000000ab3800
type:.eq.github.com/ollama/ollama/llama._Ctype_struct_llama_model_quantize_params,type:.eq.github.com/ollama/ollama/llama._Ctype_struct_llama_model_quantize_params,ggml_ops,L6_2892,0000000000ab3f20
type:.eq.github.com/ollama/ollama/llama._Ctype_struct_llama_token_data,type:.eq.github.com/ollama/ollama/llama._Ctype_struct_llama_token_data,ggml_ops,L6_2893,0000000000ab39c0
type:.eq.github.com/ollama/ollama/llama._Ctype_struct_llama_token_data_array,type:.eq.github.com/ollama/ollama/llama._Ctype_struct_llama_token_data_array,ggml_ops,L6_2894,0000000000ab4000
type:.eq.github.com/ollama/ollama/llama._Ctype_struct_llama_vocab,type:.eq.github.com/ollama/ollama/llama._Ctype_struct_llama_vocab,vocab,L7_264,0000000000ab3b80
type:.eq.github.com/ollama/ollama/llama._Ctype_struct_llava_image_embed,type:.eq.github.com/ollama/ollama/llama._Ctype_struct_llava_image_embed,ggml_ops,L6_2895,0000000000ab3bc0
type:.eq.github.com/ollama/ollama/llama._Ctype_struct_mllama_ctx,type:.eq.github.com/ollama/ollama/llama._Ctype_struct_mllama_ctx,ggml_ops,L6_2896,0000000000ab3c20
type:.eq.github.com/ollama/ollama/llama._Ctype_struct_mllama_image,type:.eq.github.com/ollama/ollama/llama._Ctype_struct_mllama_image,ggml_ops,L6_2897,0000000000ab3c60
type:.eq.github.com/ollama/ollama/llama.SamplingParams,type:.eq.github.com/ollama/ollama/llama.SamplingParams,ggml_ops,L6_2877,0000000000ab4080
type:.eq.github.com/ollama/ollama/llama.TokenData,type:.eq.github.com/ollama/ollama/llama.TokenData,ggml_ops,L6_2878,0000000000ab3440
type:.eq.github.com/ollama/ollama/llm.CompletionResponse,type:.eq.github.com/ollama/ollama/llm.CompletionResponse,ggml_ops,L6_2898,0000000000bc7b40
type:.eq.github.com/ollama/ollama/llm.ServerStatusResponse,type:.eq.github.com/ollama/ollama/llm.ServerStatusResponse,ggml_ops,L6_2899,0000000000bc7ec0
type:.eq.github.com/ollama/ollama/llm.StatusWriter,type:.eq.github.com/ollama/ollama/llm.StatusWriter,ggml_ops,L6_2900,0000000000bc7a80
type:.eq.github.com/ollama/ollama/ml/backend/ggml._Ctype_struct_ggml_backend,type:.eq.github.com/ollama/ollama/ml/backend/ggml._Ctype_struct_ggml_backend,ggml_backend,L5_511,0000000000b70b00
type:.eq.github.com/ollama/ollama/ml/backend/ggml._Ctype_struct_ggml_backend_buffer,type:.eq.github.com/ollama/ollama/ml/backend/ggml._Ctype_struct_ggml_backend_buffer,ggml_backend,L5_512,0000000000b6f6a0
type:.eq.github.com/ollama/ollama/ml/backend/ggml._Ctype_struct_ggml_backend_buffer_type,type:.eq.github.com/ollama/ollama/ml/backend/ggml._Ctype_struct_ggml_backend_buffer_type,ggml_backend,L5_513,0000000000b6f6e0
type:.eq.github.com/ollama/ollama/ml/backend/ggml._Ctype_struct_ggml_backend_device,type:.eq.github.com/ollama/ollama/ml/backend/ggml._Ctype_struct_ggml_backend_device,ggml_backend,L5_514,0000000000b70ac0
type:.eq.github.com/ollama/ollama/ml/backend/ggml._Ctype_struct_ggml_backend_sched,type:.eq.github.com/ollama/ollama/ml/backend/ggml._Ctype_struct_ggml_backend_sched,sched_compute,L4_069,0000000000b6f5c0
type:.eq.github.com/ollama/ollama/ml/backend/ggml._Ctype_struct_ggml_cgraph,type:.eq.github.com/ollama/ollama/ml/backend/ggml._Ctype_struct_ggml_cgraph,ggml_backend,L5_515,0000000000b6f760
type:.eq.github.com/ollama/ollama/ml/backend/ggml._Ctype_struct_ggml_context,type:.eq.github.com/ollama/ollama/ml/backend/ggml._Ctype_struct_ggml_context,ggml_backend,L5_516,0000000000b6f720
type:.eq.github.com/ollama/ollama/ml/backend/ggml._Ctype_struct_ggml_init_params,type:.eq.github.com/ollama/ollama/ml/backend/ggml._Ctype_struct_ggml_init_params,ggml_backend,L5_517,0000000000b70b40
type:.eq.github.com/ollama/ollama/ml/backend/ggml._Ctype_struct_ggml_tensor,type:.eq.github.com/ollama/ollama/ml/backend/ggml._Ctype_struct_ggml_tensor,ggml_backend,L5_518,0000000000b6f600
type:.eq.github.com/ollama/ollama/ml/backend/ggml/ggml/src._Ctype_struct_ggml_backend_device,type:.eq.github.com/ollama/ollama/ml/backend/ggml/ggml/src._Ctype_struct_ggml_backend_device,ggml_backend,L5_519,0000000000aa61a0
type:.eq.github.com/ollama/ollama/ml/backend/ggml/ggml/src._Ctype_struct_ggml_backend_reg,type:.eq.github.com/ollama/ollama/ml/backend/ggml/ggml/src._Ctype_struct_ggml_backend_reg,ggml_backend,L5_520,0000000000aa61e0
type:.eq.github.com/ollama/ollama/ml.CacheConfig,type:.eq.github.com/ollama/ollama/ml.CacheConfig,ggml_ops,L6_2901,0000000000b4d900
type:.eq.github.com/ollama/ollama/ml/nn.LayerNorm,type:.eq.github.com/ollama/ollama/ml/nn.LayerNorm,ggml_ops,L6_2902,0000000000bdddc0
type:.eq.github.com/ollama/ollama/ml/nn.Linear,type:.eq.github.com/ollama/ollama/ml/nn.Linear,ggml_ops,L6_2903,0000000000bddcc0
type:.eq.github.com/ollama/ollama/model.Base,type:.eq.github.com/ollama/ollama/model.Base,ggml_ops,L6_2904,0000000000bb42a0
type:.eq.github.com/ollama/ollama/model.candidate,type:.eq.github.com/ollama/ollama/model.candidate,ggml_ops,L6_2905,0000000000bb3880
type:.eq.github.com/ollama/ollama/model/input.Input,type:.eq.github.com/ollama/ollama/model/input.Input,ggml_ops,L6_2907,0000000000b4d980
type:.eq.github.com/ollama/ollama/model/input.MultimodalIndex,type:.eq.github.com/ollama/ollama/model/input.MultimodalIndex,ggml_ops,L6_2908,0000000000b4da60
type:.eq.github.com/ollama/ollama/model/models/gemma2.Options,type:.eq.github.com/ollama/ollama/model/models/gemma2.Options,ggml_ops,L6_2909,0000000000be08a0
type:.eq.github.com/ollama/ollama/model/models/gemma3.Model,type:.eq.github.com/ollama/ollama/model/models/gemma3.Model,ggml_ops,L6_2910,0000000000c4c140
type:.eq.github.com/ollama/ollama/model/models/gemma3.TextOptions,type:.eq.github.com/ollama/ollama/model/models/gemma3.TextOptions,ggml_ops,L6_2911,0000000000c4c300
type:.eq.github.com/ollama/ollama/model/models/gemma3.VisionModelOptions,type:.eq.github.com/ollama/ollama/model/models/gemma3.VisionModelOptions,ggml_ops,L6_2912,0000000000c4c280
type:.eq.github.com/ollama/ollama/model/models/llama.Options,type:.eq.github.com/ollama/ollama/model/models/llama.Options,ggml_ops,L6_2913,0000000000c4ff00
type:.eq.github.com/ollama/ollama/model/models/llama.SelfAttention,type:.eq.github.com/ollama/ollama/model/models/llama.SelfAttention,ggml_ops,L6_2914,0000000000c4ffc0
type:.eq.github.com/ollama/ollama/model/models/mllama.Model,type:.eq.github.com/ollama/ollama/model/models/mllama.Model,ggml_ops,L6_2915,0000000000c5de60
type:.eq.github.com/ollama/ollama/model/models/mllama.PrecomputedAspectRatioEmbedding,type:.eq.github.com/ollama/ollama/model/models/mllama.PrecomputedAspectRatioEmbedding,ggml_ops,L6_2916,0000000000c5e0c0
type:.eq.github.com/ollama/ollama/model/models/mllama.PrecomputedPositionEmbedding,type:.eq.github.com/ollama/ollama/model/models/mllama.PrecomputedPositionEmbedding,ggml_ops,L6_2917,0000000000c5e180
type:.eq.github.com/ollama/ollama/model/models/mllama.TextCrossAttentionDecoderLayer,type:.eq.github.com/ollama/ollama/model/models/mllama.TextCrossAttentionDecoderLayer,ggml_ops,L6_2918,0000000000c5dc20
type:.eq.github.com/ollama/ollama/model/models/mllama.TextSelfAttention,type:.eq.github.com/ollama/ollama/model/models/mllama.TextSelfAttention,ggml_ops,L6_2919,0000000000c5dd80
type:.eq.github.com/ollama/ollama/model/models/mllama.VisionMLP,type:.eq.github.com/ollama/ollama/model/models/mllama.VisionMLP,ggml_ops,L6_2920,0000000000c5e380
type:.eq.github.com/ollama/ollama/model/models/mllama.VisionModel,type:.eq.github.com/ollama/ollama/model/models/mllama.VisionModel,ggml_ops,L6_2921,0000000000c5dfa0
type:.eq.github.com/ollama/ollama/model/models/mllama.VisionSelfAttention,type:.eq.github.com/ollama/ollama/model/models/mllama.VisionSelfAttention,ggml_ops,L6_2922,0000000000c5e2a0
type:.eq.github.com/ollama/ollama/model.pair,type:.eq.github.com/ollama/ollama/model.pair,ggml_ops,L6_2906,0000000000bb41c0
type:.eq.github.com/ollama/ollama/openai.ChatWriter,type:.eq.github.com/ollama/ollama/openai.ChatWriter,ggml_ops,L6_2923,00000000016b06e0
type:.eq.github.com/ollama/ollama/openai.CompleteChunkChoice,type:.eq.github.com/ollama/ollama/openai.CompleteChunkChoice,ggml_ops,L6_2924,00000000016b5a20
type:.eq.github.com/ollama/ollama/openai.CompleteWriter,type:.eq.github.com/ollama/ollama/openai.CompleteWriter,ggml_ops,L6_2925,00000000016b0940
type:.eq.github.com/ollama/ollama/openai.CompletionRequest,type:.eq.github.com/ollama/ollama/openai.CompletionRequest,ggml_ops,L6_2926,00000000016b5fa0
type:.eq.github.com/ollama/ollama/openai.EmbedRequest,type:.eq.github.com/ollama/ollama/openai.EmbedRequest,ggml_ops,L6_2927,00000000016b6300
type:.eq.github.com/ollama/ollama/openai.EmbedWriter,type:.eq.github.com/ollama/ollama/openai.EmbedWriter,ggml_ops,L6_2928,00000000016b0820
type:.eq.github.com/ollama/ollama/openai.Error,type:.eq.github.com/ollama/ollama/openai.Error,ggml_ops,L6_2929,00000000016b5b60
type:.eq.github.com/ollama/ollama/openai.ErrorResponse,type:.eq.github.com/ollama/ollama/openai.ErrorResponse,ggml_ops,L6_2930,00000000016b5b00
type:.eq.github.com/ollama/ollama/openai.Model,type:.eq.github.com/ollama/ollama/openai.Model,ggml_ops,L6_2931,00000000016b5d20
type:.eq.github.com/ollama/ollama/openai.ResponseFormat,type:.eq.github.com/ollama/ollama/openai.ResponseFormat,ggml_ops,L6_2932,00000000016b5ee0
type:.eq.github.com/ollama/ollama/openai.RetrieveWriter,type:.eq.github.com/ollama/ollama/openai.RetrieveWriter,ggml_ops,L6_2933,00000000016b0a80
type:.eq.github.com/ollama/ollama/openai.ToolCall,type:.eq.github.com/ollama/ollama/openai.ToolCall,ggml_ops,L6_2934,00000000016b56c0
type:.eq.github.com/ollama/ollama/parser.Command,type:.eq.github.com/ollama/ollama/parser.Command,ggml_ops,L6_2935,0000000000a9d140
type:.eq.github.com/ollama/ollama/parser.ParserError,type:.eq.github.com/ollama/ollama/parser.ParserError,ggml_ops,L6_2936,0000000000a9d080
type:.eq.github.com/ollama/ollama/readline.History,type:.eq.github.com/ollama/ollama/readline.History,ggml_ops,L6_2937,000000000174c2a0
type:.eq.github.com/ollama/ollama/readline.Instance,type:.eq.github.com/ollama/ollama/readline.Instance,ggml_ops,L6_2938,000000000174c460
type:.eq.github.com/ollama/ollama/readline.Prompt,type:.eq.github.com/ollama/ollama/readline.Prompt,ggml_ops,L6_2939,000000000174c040
type:.eq.github.com/ollama/ollama/readline.Terminal,type:.eq.github.com/ollama/ollama/readline.Terminal,ggml_ops,L6_2940,000000000174c3a0
type:.eq.github.com/ollama/ollama/sample.Grammar,type:.eq.github.com/ollama/ollama/sample.Grammar,ggml_ops,L6_2941,0000000000bdc6a0
type:.eq.github.com/ollama/ollama/sample.Sampler,type:.eq.github.com/ollama/ollama/sample.Sampler,ggml_ops,L6_2942,0000000000bdc600
type:.eq.github.com/ollama/ollama/sample.token,type:.eq.github.com/ollama/ollama/sample.token,ggml_ops,L6_2943,0000000000bd8f60
type:.eq.github.com/ollama/ollama/sample.Vocab,type:.eq.github.com/ollama/ollama/sample.Vocab,vocab,L7_265,0000000000bdc780
type:.eq.github.com/ollama/ollama/server.blobDownloadPart,type:.eq.github.com/ollama/ollama/server.blobDownloadPart,ggml_ops,L6_2946,000000000172b820
type:.eq.github.com/ollama/ollama/server.blobUploadPart,type:.eq.github.com/ollama/ollama/server.blobUploadPart,ggml_ops,L6_2947,000000000172b740
type:.eq.github.com/ollama/ollama/server/internal/client/ollama.chunksum,type:.eq.github.com/ollama/ollama/server/internal/client/ollama.chunksum,ggml_ops,L6_2954,00000000016d0680
type:.eq.github.com/ollama/ollama/server/internal/client/ollama.E.1,type:.eq.github.com/ollama/ollama/server/internal/client/ollama.E.1,ggml_ops,L6_2950,00000000016d0540
type:.eq.github.com/ollama/ollama/server/internal/client/ollama.Error,type:.eq.github.com/ollama/ollama/server/internal/client/ollama.Error,ggml_ops,L6_2951,00000000016ce7c0
type:.eq.github.com/ollama/ollama/server/internal/client/ollama.Layer,type:.eq.github.com/ollama/ollama/server/internal/client/ollama.Layer,ggml_ops,L6_2952,00000000016cf880
type:.eq.github.com/ollama/ollama/server/internal/client/ollama.publicError,type:.eq.github.com/ollama/ollama/server/internal/client/ollama.publicError,ggml_ops,L6_2955,00000000016ce6a0
type:.eq.github.com/ollama/ollama/server/internal/client/ollama.Registry,type:.eq.github.com/ollama/ollama/server/internal/client/ollama.Registry,ggml_ops,L6_2953,00000000016d0780
type:.eq.github.com/ollama/ollama/server/internal/registry.params,type:.eq.github.com/ollama/ollama/server/internal/registry.params,ggml_ops,L6_2956,00000000016d44c0
type:.eq.github.com/ollama/ollama/server/internal/registry.progressUpdateJSON,type:.eq.github.com/ollama/ollama/server/internal/registry.progressUpdateJSON,ggml_ops,L6_2957,00000000016d43c0
type:.eq.github.com/ollama/ollama/server/internal/registry.serverError,type:.eq.github.com/ollama/ollama/server/internal/registry.serverError,ggml_ops,L6_2958,00000000016d38e0
type:.eq.github.com/ollama/ollama/server/internal/registry.statusCodeRecorder,type:.eq.github.com/ollama/ollama/server/internal/registry.statusCodeRecorder,ggml_ops,L6_2959,00000000016d3f40
type:.eq.github.com/ollama/ollama/server.Layer,type:.eq.github.com/ollama/ollama/server.Layer,ggml_ops,L6_2944,000000000172b4e0
type:.eq.github.com/ollama/ollama/server.layerGGML,type:.eq.github.com/ollama/ollama/server.layerGGML,ggml_ops,L6_2948,0000000001731700
type:.eq.github.com/ollama/ollama/server.predKey.1,type:.eq.github.com/ollama/ollama/server.predKey.1,ggml_ops,L6_2949,00000000017317a0
type:.eq.github.com/ollama/ollama/server.Server,type:.eq.github.com/ollama/ollama/server.Server,ggml_ops,L6_2945,0000000001731a00
type:.eq.github.com/ollama/ollama/template.Template,type:.eq.github.com/ollama/ollama/template.Template,ggml_ops,L6_2960,00000000016a25e0
type:.eq.github.com/ollama/ollama/types/model.Name,type:.eq.github.com/ollama/ollama/types/model.Name,ggml_ops,L6_2961,0000000000a7ce40
"type:.eq.go.shape.struct { MediaType string ""json:\""mediaType\""""; Digest string ""json:\""digest\""""; Size int64 ""json:\""size\""""; From string ""json:\""from,omitempty\""""; github.com/ollama/ollama/server.status string }","type:.eq.go.shape.struct { MediaType string ""json:\""mediaType\""""; Digest string ""json:\""digest\""""; Size int64 ""json:\""size\""""; From string ""json:\""from,omitempty\""""; github.com/ollama/ollama/server.status string }",ggml_ops,L6_2962,0000000001731ac0
type:.eq.internal/abi.UncommonType,type:.eq.internal/abi.UncommonType,ggml_ops,L6_2963,0000000000428e20
type:.hash.github.com/ollama/ollama/server.predKey.1,type:.hash.github.com/ollama/ollama/server.predKey.1,ggml_ops,L6_2964,00000000017318c0
type:.hash.github.com/ollama/ollama/types/model.Name,type:.hash.github.com/ollama/ollama/types/model.Name,ggml_ops,L6_2965,0000000001731940
x_cgo_bindm,x_cgo_bindm,go_cgo_bridge,L1_221,00000000018776a0
x_cgo_callers,x_cgo_callers,go_cgo_bridge,L1_224,0000000001877ca0
x_cgo_call_symbolizer_function,x_cgo_call_symbolizer_function,go_cgo_bridge,L1_222,0000000001877780
x_cgo_call_traceback_function,x_cgo_call_traceback_function,go_cgo_bridge,L1_223,0000000001877730
x_cgo_clearenv,x_cgo_clearenv,go_cgo_bridge,L1_225,0000000001877430
x_cgo_getstackbound,x_cgo_getstackbound,go_cgo_bridge,L1_226,0000000001877c30
x_cgo_init,x_cgo_init,go_cgo_bridge,L1_227,00000000018778e0
x_cgo_mmap,x_cgo_mmap,go_cgo_bridge,L1_228,0000000001877a30
x_cgo_munmap,x_cgo_munmap,go_cgo_bridge,L1_229,0000000001877a60
x_cgo_munmap.cold,x_cgo_munmap.cold,go_cgo_bridge,L1_230,000000000040b500
x_cgo_notify_runtime_init_done,x_cgo_notify_runtime_init_done,go_cgo_bridge,L1_231,00000000018776b0
x_cgo_setenv,x_cgo_setenv,go_cgo_bridge,L1_233,0000000001877a80
x_cgo_set_traceback_functions,x_cgo_set_traceback_functions,go_cgo_bridge,L1_232,00000000018776f0
x_cgo_sigaction,x_cgo_sigaction,go_cgo_bridge,L1_234,0000000001877ac0
x_cgo_sys_thread_create,x_cgo_sys_thread_create,go_cgo_bridge,L1_235,0000000001877840
x_cgo_thread_start,x_cgo_thread_start,go_cgo_bridge,L1_236,0000000001877cf0
x_cgo_unsetenv,x_cgo_unsetenv,go_cgo_bridge,L1_237,0000000001877aa0
"common_lcp(std::vector<int, std::allocator<int> > const&, std::vector<int, std::allocator<int> > const&)","common_lcp(std::vector<int, std::allocator<int> > const&, std::vector<int, std::allocator<int> > const&)",llama_api,L2_018,0000000001891950
"common_lcs(std::vector<int, std::allocator<int> > const&, std::vector<int, std::allocator<int> > const&)","common_lcs(std::vector<int, std::allocator<int> > const&, std::vector<int, std::allocator<int> > const&)",llama_api,L2_019,0000000001891990
"common_lcs(std::vector<int, std::allocator<int> > const&, std::vector<int, std::allocator<int> > const&) [clone .cold]","common_lcs(std::vector<int, std::allocator<int> > const&, std::vector<int, std::allocator<int> > const&) [clone .cold]",llama_api,L2_020,000000000040c8b9
common_init(),common_init(),llama_api,L2_011,0000000001890170
"string_from[abi:cxx11](llama_context const*, llama_batch const&)","string_from[abi:cxx11](llama_context const*, llama_batch const&)",ggml_ops,L6_2828,0000000001893b40
"string_from[abi:cxx11](llama_context const*, llama_batch const&) [clone .cold]","string_from[abi:cxx11](llama_context const*, llama_batch const&) [clone .cold]",ggml_ops,L6_2829,000000000040cc34
"string_from[abi:cxx11](llama_context const*, std::vector<int, std::allocator<int> > const&)","string_from[abi:cxx11](llama_context const*, std::vector<int, std::allocator<int> > const&)",ggml_ops,L6_2830,00000000018933a0
"string_from[abi:cxx11](llama_context const*, std::vector<int, std::allocator<int> > const&) [clone .cold]","string_from[abi:cxx11](llama_context const*, std::vector<int, std::allocator<int> > const&) [clone .cold]",ggml_ops,L6_2831,000000000040cb58
"build_grammar[abi:cxx11](std::function<void (common_grammar_builder const&)> const&, common_grammar_options const&)","build_grammar[abi:cxx11](std::function<void (common_grammar_builder const&)> const&, common_grammar_options const&)",ggml_ops,L6_012,000000000189c060
"build_grammar[abi:cxx11](std::function<void (common_grammar_builder const&)> const&, common_grammar_options const&) [clone .cold]","build_grammar[abi:cxx11](std::function<void (common_grammar_builder const&)> const&, common_grammar_options const&) [clone .cold]",ggml_ops,L6_013,000000000040df47
"common_log_add(common_log*, ggml_log_level, char const*, ...)","common_log_add(common_log*, ggml_log_level, char const*, ...)",llama_api,L2_023,00000000018cc320
llama_path_max(),llama_path_max(),llama_api,L2_353,00000000019204b0
common_log_free(common_log*),common_log_free(common_log*),llama_api,L2_024,00000000018cc180
common_log_free(common_log*) [clone .cold],common_log_free(common_log*) [clone .cold],llama_api,L2_025,000000000040eb54
common_log_init(),common_log_init(),llama_api,L2_026,00000000018cc3d0
common_log_init() [clone .cold],common_log_init() [clone .cold],llama_api,L2_027,000000000040eb6e
common_log_main(),common_log_main(),llama_api,L2_028,00000000018cc410
common_log_main() [clone .cold],common_log_main() [clone .cold],llama_api,L2_029,000000000040eb7e
"common_tokenize(llama_vocab const*, std::__cxx11::basic_string<char, std::char_traits<char>, std::allocator<char> > const&, bool, bool)","common_tokenize(llama_vocab const*, std::__cxx11::basic_string<char, std::char_traits<char>, std::allocator<char> > const&, bool, bool)",vocab,L7_009,0000000001896460
"common_tokenize(llama_vocab const*, std::__cxx11::basic_string<char, std::char_traits<char>, std::allocator<char> > const&, bool, bool) [clone .cold]","common_tokenize(llama_vocab const*, std::__cxx11::basic_string<char, std::char_traits<char>, std::allocator<char> > const&, bool, bool) [clone .cold]",vocab,L7_010,000000000040d164
"common_tokenize(llama_context const*, std::__cxx11::basic_string<char, std::char_traits<char>, std::allocator<char> > const&, bool, bool)","common_tokenize(llama_context const*, std::__cxx11::basic_string<char, std::char_traits<char>, std::allocator<char> > const&, bool, bool)",vocab,L7_008,0000000001896660
"common_batch_add(llama_batch&, int, int, std::vector<int, std::allocator<int> > const&, bool)","common_batch_add(llama_batch&, int, int, std::vector<int, std::allocator<int> > const&, bool)",llama_api,L2_002,00000000018918a0
common_log_pause(common_log*),common_log_pause(common_log*),llama_api,L2_030,00000000018cc0f0
common_log_pause(common_log*) [clone .cold],common_log_pause(common_log*) [clone .cold],llama_api,L2_031,000000000040eb4d
"llama_set_inputs(llama_context&, llama_ubatch const&)","llama_set_inputs(llama_context&, llama_ubatch const&)",batch_sampler,L3_181,000000000190c470
"llama_set_inputs(llama_context&, llama_ubatch const&) [clone .cold]","llama_set_inputs(llama_context&, llama_ubatch const&) [clone .cold]",batch_sampler,L3_182,000000000041420e
llama_set_s_copy(llama_context&),llama_set_s_copy(llama_context&),llama_api,L2_372,000000000190bb40
llama_set_s_copy(llama_context&) [clone .cold],llama_set_s_copy(llama_context&) [clone .cold],llama_api,L2_373,0000000000413b57
"common_detokenize[abi:cxx11](llama_vocab const*, std::vector<int, std::allocator<int> > const&, bool)","common_detokenize[abi:cxx11](llama_vocab const*, std::vector<int, std::allocator<int> > const&, bool)",vocab,L7_002,0000000001891d80
"common_detokenize[abi:cxx11](llama_vocab const*, std::vector<int, std::allocator<int> > const&, bool) [clone .cold]","common_detokenize[abi:cxx11](llama_vocab const*, std::vector<int, std::allocator<int> > const&, bool) [clone .cold]",vocab,L7_003,000000000040c8f2
"common_detokenize[abi:cxx11](llama_context const*, std::vector<int, std::allocator<int> > const&, bool)","common_detokenize[abi:cxx11](llama_context const*, std::vector<int, std::allocator<int> > const&, bool)",vocab,L7_001,0000000001891e90
common_log_resume(common_log*),common_log_resume(common_log*),llama_api,L2_032,00000000018cc4b0
common_log_resume(common_log*) [clone .cold],common_log_resume(common_log*) [clone .cold],llama_api,L2_033,000000000040eb92
"common_perf_print(llama_context const*, common_sampler const*)","common_perf_print(llama_context const*, common_sampler const*)",llama_api,L2_047,00000000018ce480
llama_set_k_shift(llama_context&),llama_set_k_shift(llama_context&),llama_api,L2_369,000000000190bad0
llama_set_k_shift(llama_context&) [clone .cold],llama_set_k_shift(llama_context&) [clone .cold],llama_api,L2_370,0000000000413b38
common_batch_clear(llama_batch&),common_batch_clear(llama_batch&),llama_api,L2_003,0000000001891890
"common_get_hf_file(std::__cxx11::basic_string<char, std::char_traits<char>, std::allocator<char> > const&, std::__cxx11::basic_string<char, std::char_traits<char>, std::allocator<char> > const&)","common_get_hf_file(std::__cxx11::basic_string<char, std::char_traits<char>, std::allocator<char> > const&, std::__cxx11::basic_string<char, std::char_traits<char>, std::allocator<char> > const&)",llama_api,L2_009,0000000001891810
"common_get_hf_file(std::__cxx11::basic_string<char, std::char_traits<char>, std::allocator<char> > const&, std::__cxx11::basic_string<char, std::char_traits<char>, std::allocator<char> > const&) [clone .cold]","common_get_hf_file(std::__cxx11::basic_string<char, std::char_traits<char>, std::allocator<char> > const&, std::__cxx11::basic_string<char, std::char_traits<char>, std::allocator<char> > const&) [clone .cold]",llama_api,L2_010,000000000040c8a9
"llama_log_internal(ggml_log_level, char const*, ...)","llama_log_internal(ggml_log_level, char const*, ...)",llama_api,L2_228,000000000191ad60
"common_log_set_file(common_log*, char const*)","common_log_set_file(common_log*, char const*)",llama_api,L2_036,00000000018cc580
"common_log_set_file(common_log*, char const*) [clone .cold]","common_log_set_file(common_log*, char const*) [clone .cold]",llama_api,L2_037,000000000040ebee
common_sampler_free(common_sampler*),common_sampler_free(common_sampler*),llama_api,L2_058,00000000018ce250
"common_sampler_init(llama_model const*, common_params_sampling const&)","common_sampler_init(llama_model const*, common_params_sampling const&)",llama_api,L2_062,00000000018cfd00
"common_sampler_init(llama_model const*, common_params_sampling const&) [clone .cold]","common_sampler_init(llama_model const*, common_params_sampling const&) [clone .cold]",llama_api,L2_063,000000000040ef40
common_sampler_last(common_sampler const*),common_sampler_last(common_sampler const*),llama_api,L2_064,00000000018ce4f0
common_sampler_last(common_sampler const*) [clone .cold],common_sampler_last(common_sampler const*) [clone .cold],llama_api,L2_065,000000000040ec94
"llama_kv_cache_init(llama_kv_cache&, llama_model const&, llama_cparams const&, ggml_type, ggml_type, unsigned int, bool)","llama_kv_cache_init(llama_kv_cache&, llama_model const&, llama_cparams const&, ggml_type, ggml_type, unsigned int, bool)",llama_api,L2_203,000000000191ee60
"llama_kv_cache_init(llama_kv_cache&, llama_model const&, llama_cparams const&, ggml_type, ggml_type, unsigned int, bool) [clone .cold]","llama_kv_cache_init(llama_kv_cache&, llama_model const&, llama_cparams const&, ggml_type, ggml_type, unsigned int, bool) [clone .cold]",llama_api,L2_204,0000000000416dd4
common_sampler_clone(common_sampler*),common_sampler_clone(common_sampler*),llama_api,L2_054,00000000018cf0f0
common_sampler_clone(common_sampler*) [clone .cold],common_sampler_clone(common_sampler*) [clone .cold],llama_api,L2_055,000000000040ee58
common_sampler_print[abi:cxx11](common_sampler const*),common_sampler_print[abi:cxx11](common_sampler const*),llama_api,L2_069,00000000018ce520
common_sampler_print[abi:cxx11](common_sampler const*) [clone .cold],common_sampler_print[abi:cxx11](common_sampler const*) [clone .cold],llama_api,L2_070,000000000040ecdd
common_sampler_reset(common_sampler*),common_sampler_reset(common_sampler*),llama_api,L2_071,00000000018ce460
"llama_grammar_accept(llama_grammar*, unsigned int)","llama_grammar_accept(llama_grammar*, unsigned int)",llama_api,L2_143,0000000001916640
"llama_grammar_accept(llama_grammar*, unsigned int) [clone .cold]","llama_grammar_accept(llama_grammar*, unsigned int) [clone .cold]",llama_api,L2_144,000000000041635c
llama_kv_cache_clear(llama_kv_cache&),llama_kv_cache_clear(llama_kv_cache&),llama_api,L2_199,000000000191dcc0
llama_output_reorder(llama_context&),llama_output_reorder(llama_context&),llama_api,L2_351,000000000190bbc0
"llama_output_reserve(llama_context&, unsigned long)","llama_output_reserve(llama_context&, unsigned long)",llama_api,L2_352,000000000190e1f0
set_process_priority(ggml_sched_priority),set_process_priority(ggml_sched_priority),sched_compute,L4_068,000000000188fec0
"common_embd_normalize(float const*, float*, int, int)","common_embd_normalize(float const*, float*, int, int)",llama_api,L2_007,0000000001892010
"common_log_set_colors(common_log*, bool)","common_log_set_colors(common_log*, bool)",llama_api,L2_034,00000000018cc710
"common_log_set_colors(common_log*, bool) [clone .cold]","common_log_set_colors(common_log*, bool) [clone .cold]",llama_api,L2_035,000000000040ec41
"common_log_set_prefix(common_log*, bool)","common_log_set_prefix(common_log*, bool)",llama_api,L2_038,00000000018cc2c0
"common_log_set_prefix(common_log*, bool) [clone .cold]","common_log_set_prefix(common_log*, bool) [clone .cold]",llama_api,L2_039,000000000040eb60
"common_sampler_accept(common_sampler*, int, bool)","common_sampler_accept(common_sampler*, int, bool)",llama_api,L2_049,00000000018ce3c0
"common_sampler_sample(common_sampler*, llama_context*, int, bool)","common_sampler_sample(common_sampler*, llama_context*, int, bool)",llama_api,L2_073,00000000018cecf0
"common_token_to_piece[abi:cxx11](llama_vocab const*, int, bool)","common_token_to_piece[abi:cxx11](llama_vocab const*, int, bool)",vocab,L7_006,0000000001891c50
"common_token_to_piece[abi:cxx11](llama_vocab const*, int, bool) [clone .cold]","common_token_to_piece[abi:cxx11](llama_vocab const*, int, bool) [clone .cold]",vocab,L7_007,000000000040c8e2
"common_token_to_piece[abi:cxx11](llama_context const*, int, bool)","common_token_to_piece[abi:cxx11](llama_context const*, int, bool)",vocab,L7_005,0000000001891d20
llama_kv_cache_defrag(llama_kv_cache&),llama_kv_cache_defrag(llama_kv_cache&),llama_api,L2_201,000000000191ea50
"llama_kv_cache_seq_cp(llama_kv_cache&, int, int, int, int)","llama_kv_cache_seq_cp(llama_kv_cache&, int, int, int, int)",llama_api,L2_208,000000000191e040
"llama_kv_cache_seq_rm(llama_kv_cache&, int, int, int)","llama_kv_cache_seq_rm(llama_kv_cache&, int, int, int)",llama_api,L2_216,000000000191ddc0
"llama_kv_cache_seq_add(llama_kv_cache&, int, int, int, int)","llama_kv_cache_seq_add(llama_kv_cache&, int, int, int, int)",llama_api,L2_206,000000000191e640
"llama_kv_cache_seq_div(llama_kv_cache&, int, int, int, int)","llama_kv_cache_seq_div(llama_kv_cache&, int, int, int, int)",llama_api,L2_210,000000000191e890
common_init_from_params(common_params&),common_init_from_params(common_params&),llama_api,L2_013,00000000018975b0
common_init_from_params(common_params&) [clone .cold],common_init_from_params(common_params&) [clone .cold],llama_api,L2_014,000000000040d315
common_sampler_get_seed(common_sampler const*),common_sampler_get_seed(common_sampler const*),llama_api,L2_060,00000000018ce4d0
"common_sampler_prev_str[abi:cxx11](common_sampler*, llama_context*, int)","common_sampler_prev_str[abi:cxx11](common_sampler*, llama_context*, int)",llama_api,L2_066,00000000018ce8b0
"common_sampler_prev_str[abi:cxx11](common_sampler*, llama_context*, int) [clone .cold]","common_sampler_prev_str[abi:cxx11](common_sampler*, llama_context*, int) [clone .cold]",llama_api,L2_067,000000000040edaa
"common_set_adapter_lora(llama_context*, std::vector<common_adapter_lora_info, std::allocator<common_adapter_lora_info> >&)","common_set_adapter_lora(llama_context*, std::vector<common_adapter_lora_info, std::allocator<common_adapter_lora_info> >&)",llama_api,L2_084,0000000001891490
llama_file_version_name(llama_fver),llama_file_version_name(llama_fver),llama_api,L2_126,0000000001923170
llama_grammar_free_impl(llama_grammar*),llama_grammar_free_impl(llama_grammar*),llama_api,L2_154,0000000001912fc0
llama_grammar_get_rules(llama_grammar const*),llama_grammar_get_rules(llama_grammar const*),llama_api,L2_155,0000000001912fa0
"llama_grammar_init_impl(llama_vocab const*, char const*, char const*, bool, char const**, unsigned long, int const*, unsigned long)","llama_grammar_init_impl(llama_vocab const*, char const*, char const*, bool, char const**, unsigned long, int const*, unsigned long)",vocab,L7_197,0000000001918300
"llama_grammar_init_impl(llama_vocab const*, char const*, char const*, bool, char const**, unsigned long, int const*, unsigned long) [clone .cold]","llama_grammar_init_impl(llama_vocab const*, char const*, char const*, bool, char const**, unsigned long, int const*, unsigned long) [clone .cold]",vocab,L7_198,00000000004167e8
"llama_grammar_init_impl(llama_vocab const*, llama_grammar_element const**, unsigned long, unsigned long)","llama_grammar_init_impl(llama_vocab const*, llama_grammar_element const**, unsigned long, unsigned long)",vocab,L7_199,0000000001917bc0
"llama_grammar_init_impl(llama_vocab const*, llama_grammar_element const**, unsigned long, unsigned long) [clone .cold]","llama_grammar_init_impl(llama_vocab const*, llama_grammar_element const**, unsigned long, unsigned long) [clone .cold]",vocab,L7_200,00000000004166e0
llama_kv_cache_cell_max(llama_kv_cache const&),llama_kv_cache_cell_max(llama_kv_cache const&),llama_api,L2_197,000000000191dc80
"llama_kv_cache_seq_keep(llama_kv_cache&, int)","llama_kv_cache_seq_keep(llama_kv_cache&, int)",llama_api,L2_212,000000000191e3c0
"llm_chat_apply_template(llm_chat_template, std::vector<llama_chat_message const*, std::allocator<llama_chat_message const*> > const&, std::__cxx11::basic_string<char, std::char_traits<char>, std::allocator<char> >&, bool)","llm_chat_apply_template(llm_chat_template, std::vector<llama_chat_message const*, std::allocator<llama_chat_message const*> > const&, std::__cxx11::basic_string<char, std::char_traits<char>, std::allocator<char> >&, bool)",ggml_ops,L6_2585,0000000001906a70
"llm_chat_apply_template(llm_chat_template, std::vector<llama_chat_message const*, std::allocator<llama_chat_message const*> > const&, std::__cxx11::basic_string<char, std::char_traits<char>, std::allocator<char> >&, bool) [clone .cold]","llm_chat_apply_template(llm_chat_template, std::vector<llama_chat_message const*, std::allocator<llama_chat_message const*> > const&, std::__cxx11::basic_string<char, std::char_traits<char>, std::allocator<char> >&, bool) [clone .cold]",ggml_ops,L6_2586,0000000000413366
"llama_grammar_accept_str(llama_grammar&, std::__cxx11::basic_string<char, std::char_traits<char>, std::allocator<char> > const&)","llama_grammar_accept_str(llama_grammar&, std::__cxx11::basic_string<char, std::char_traits<char>, std::allocator<char> > const&)",llama_api,L2_147,00000000019169d0
"llama_grammar_accept_str(llama_grammar&, std::__cxx11::basic_string<char, std::char_traits<char>, std::allocator<char> > const&) [clone .cold]","llama_grammar_accept_str(llama_grammar&, std::__cxx11::basic_string<char, std::char_traits<char>, std::allocator<char> > const&) [clone .cold]",llama_api,L2_148,00000000004163ec
"llama_grammar_apply_impl(llama_grammar const&, llama_token_data_array*)","llama_grammar_apply_impl(llama_grammar const&, llama_token_data_array*)",batch_sampler,L3_016,00000000019176e0
"llama_grammar_apply_impl(llama_grammar const&, llama_token_data_array*) [clone .cold]","llama_grammar_apply_impl(llama_grammar const&, llama_token_data_array*) [clone .cold]",batch_sampler,L3_017,00000000004165eb
llama_grammar_clone_impl(llama_grammar const&),llama_grammar_clone_impl(llama_grammar const&),llama_api,L2_151,0000000001914560
llama_grammar_clone_impl(llama_grammar const&) [clone .cold],llama_grammar_clone_impl(llama_grammar const&) [clone .cold],llama_api,L2_152,00000000004156a3
llama_grammar_get_stacks(llama_grammar*),llama_grammar_get_stacks(llama_grammar*),llama_api,L2_156,0000000001912fb0
llama_kv_cache_can_shift(llama_kv_cache const&),llama_kv_cache_can_shift(llama_kv_cache const&),llama_api,L2_196,000000000191eab0
"llama_kv_cache_find_slot(llama_kv_cache&, llama_ubatch const&)","llama_kv_cache_find_slot(llama_kv_cache&, llama_ubatch const&)",batch_sampler,L3_018,000000000191ce10
"llama_kv_cache_find_slot(llama_kv_cache&, llama_ubatch const&) [clone .cold]","llama_kv_cache_find_slot(llama_kv_cache&, llama_ubatch const&) [clone .cold]",batch_sampler,L3_019,0000000000416dc1
"llama_kv_cache_view_init(llama_kv_cache const&, int)","llama_kv_cache_view_init(llama_kv_cache const&, int)",llama_api,L2_222,000000000191eac0
"string_parse_kv_override(char const*, std::vector<llama_model_kv_override, std::allocator<llama_model_kv_override> >&)","string_parse_kv_override(char const*, std::vector<llama_model_kv_override, std::allocator<llama_model_kv_override> >&)",ggml_ops,L6_2832,0000000001890f80
"string_parse_kv_override(char const*, std::vector<llama_model_kv_override, std::allocator<llama_model_kv_override> >&) [clone .cold]","string_parse_kv_override(char const*, std::vector<llama_model_kv_override, std::allocator<llama_model_kv_override> >&) [clone .cold]",ggml_ops,L6_2833,000000000040c885
"common_kv_cache_dump_view(llama_kv_cache_view const&, int)","common_kv_cache_dump_view(llama_kv_cache_view const&, int)",llama_api,L2_015,0000000001891ef0
"common_load_model_from_hf(std::__cxx11::basic_string<char, std::char_traits<char>, std::allocator<char> > const&, std::__cxx11::basic_string<char, std::char_traits<char>, std::allocator<char> > const&, std::__cxx11::basic_string<char, std::char_traits<char>, std::allocator<char> > const&, std::__cxx11::basic_string<char, std::char_traits<char>, std::allocator<char> > const&, llama_model_params const&)","common_load_model_from_hf(std::__cxx11::basic_string<char, std::char_traits<char>, std::allocator<char> > const&, std::__cxx11::basic_string<char, std::char_traits<char>, std::allocator<char> > const&, std::__cxx11::basic_string<char, std::char_traits<char>, std::allocator<char> > const&, std::__cxx11::basic_string<char, std::char_traits<char>, std::allocator<char> > const&, llama_model_params const&)",llama_api,L2_021,00000000018917d0
"common_log_set_timestamps(common_log*, bool)","common_log_set_timestamps(common_log*, bool)",llama_api,L2_040,00000000018cc2f0
"common_log_set_timestamps(common_log*, bool) [clone .cold]","common_log_set_timestamps(common_log*, bool) [clone .cold]",llama_api,L2_041,000000000040eb67
llama_format_tensor_shape[abi:cxx11](ggml_tensor const*),llama_format_tensor_shape[abi:cxx11](ggml_tensor const*),llama_api,L2_127,000000000191b4c0
"llama_format_tensor_shape[abi:cxx11](std::vector<long, std::allocator<long> > const&)","llama_format_tensor_shape[abi:cxx11](std::vector<long, std::allocator<long> > const&)",llama_api,L2_128,000000000191b2f0
"llama_format_tensor_shape[abi:cxx11](std::vector<long, std::allocator<long> > const&) [clone .cold]","llama_format_tensor_shape[abi:cxx11](std::vector<long, std::allocator<long> > const&) [clone .cold]",llama_api,L2_129,0000000000416bc0
"llama_grammar_accept_impl(llama_grammar&, int)","llama_grammar_accept_impl(llama_grammar&, int)",llama_api,L2_145,0000000001916ac0
"llama_grammar_accept_impl(llama_grammar&, int) [clone .cold]","llama_grammar_accept_impl(llama_grammar&, int) [clone .cold]",llama_api,L2_146,0000000000416492
"common_control_vector_load(std::vector<common_control_vector_load_info, std::allocator<common_control_vector_load_info> > const&)","common_control_vector_load(std::vector<common_control_vector_load_info, std::allocator<common_control_vector_load_info> > const&)",llama_api,L2_005,0000000001896cb0
"common_control_vector_load(std::vector<common_control_vector_load_info, std::allocator<common_control_vector_load_info> > const&) [clone .cold]","common_control_vector_load(std::vector<common_control_vector_load_info, std::allocator<common_control_vector_load_info> > const&) [clone .cold]",llama_api,L2_006,000000000040d1d4
"common_embd_similarity_cos(float const*, float const*, int)","common_embd_similarity_cos(float const*, float const*, int)",llama_api,L2_008,00000000018922e0
"common_load_model_from_url(std::__cxx11::basic_string<char, std::char_traits<char>, std::allocator<char> > const&, std::__cxx11::basic_string<char, std::char_traits<char>, std::allocator<char> > const&, std::__cxx11::basic_string<char, std::char_traits<char>, std::allocator<char> > const&, llama_model_params const&)","common_load_model_from_url(std::__cxx11::basic_string<char, std::char_traits<char>, std::allocator<char> > const&, std::__cxx11::basic_string<char, std::char_traits<char>, std::allocator<char> > const&, std::__cxx11::basic_string<char, std::char_traits<char>, std::allocator<char> > const&, llama_model_params const&)",llama_api,L2_022,0000000001891790
common_sampler_type_to_chr(common_sampler_type),common_sampler_type_to_chr(common_sampler_type),llama_api,L2_078,00000000018ceb60
common_sampler_type_to_str[abi:cxx11](common_sampler_type),common_sampler_type_to_str[abi:cxx11](common_sampler_type),llama_api,L2_079,00000000018ceb80
llama_kv_cache_get_padding(llama_cparams const&),llama_kv_cache_get_padding(llama_cparams const&),llama_api,L2_202,000000000191ce00
"llama_kv_cache_seq_pos_max(llama_kv_cache&, int)","llama_kv_cache_seq_pos_max(llama_kv_cache&, int)",llama_api,L2_214,000000000191e9d0
"llama_kv_cache_view_update(llama_kv_cache_view*, llama_kv_cache const&)","llama_kv_cache_view_update(llama_kv_cache_view*, llama_kv_cache const&)",llama_api,L2_224,000000000191eb40
"llama_log_callback_default(ggml_log_level, char const*, void*)","llama_log_callback_default(ggml_log_level, char const*, void*)",llama_api,L2_227,000000000191ac80
common_model_params_to_llama(common_params&),common_model_params_to_llama(common_params&),llama_api,L2_043,00000000018914f0
common_params_get_system_info[abi:cxx11](common_params const&),common_params_get_system_info[abi:cxx11](common_params const&),llama_api,L2_044,00000000018927b0
common_params_get_system_info[abi:cxx11](common_params const&) [clone .cold],common_params_get_system_info[abi:cxx11](common_params const&) [clone .cold],llama_api,L2_045,000000000040c97c
common_sampler_get_candidates(common_sampler*),common_sampler_get_candidates(common_sampler*),llama_api,L2_059,00000000018ce4e0
llama_get_kv_cache_used_cells(llama_kv_cache const&),llama_get_kv_cache_used_cells(llama_kv_cache const&),llama_api,L2_137,000000000191eaa0
llama_internal_get_tensor_map[abi:cxx11](llama_context*),llama_internal_get_tensor_map[abi:cxx11](llama_context*),llama_api,L2_194,000000000190c460
common_context_params_to_llama(common_params const&),common_context_params_to_llama(common_params const&),llama_api,L2_004,00000000018915d0
"common_kv_cache_dump_view_seqs(llama_kv_cache_view const&, int)","common_kv_cache_dump_view_seqs(llama_kv_cache_view const&, int)",llama_api,L2_016,00000000018966d0
"common_kv_cache_dump_view_seqs(llama_kv_cache_view const&, int) [clone .cold]","common_kv_cache_dump_view_seqs(llama_kv_cache_view const&, int) [clone .cold]",llama_api,L2_017,000000000040d185
common_log_set_verbosity_thold(int),common_log_set_verbosity_thold(int),llama_api,L2_042,00000000018cc0e0
llama_get_kv_cache_token_count(llama_kv_cache const&),llama_get_kv_cache_token_count(llama_kv_cache const&),batch_sampler,L3_015,000000000191ea60
"llama_sampler_init_dry_testing(int, float, float, int, int, std::vector<std::vector<int, std::allocator<int> >, std::allocator<std::vector<int, std::allocator<int> > > > const&)","llama_sampler_init_dry_testing(int, float, float, int, int, std::vector<std::vector<int, std::allocator<int> >, std::allocator<std::vector<int, std::allocator<int> > > > const&)",batch_sampler,L3_083,0000000001963160
"llama_sampler_init_dry_testing(int, float, float, int, int, std::vector<std::vector<int, std::allocator<int> >, std::allocator<std::vector<int, std::allocator<int> > > > const&) [clone .cold]","llama_sampler_init_dry_testing(int, float, float, int, int, std::vector<std::vector<int, std::allocator<int> >, std::allocator<std::vector<int, std::allocator<int> > > > const&) [clone .cold]",batch_sampler,L3_084,000000000041c362
"common_sampler_types_from_chars(std::__cxx11::basic_string<char, std::char_traits<char>, std::allocator<char> > const&)","common_sampler_types_from_chars(std::__cxx11::basic_string<char, std::char_traits<char>, std::allocator<char> > const&)",llama_api,L2_080,00000000018cf6b0
"common_sampler_types_from_chars(std::__cxx11::basic_string<char, std::char_traits<char>, std::allocator<char> > const&) [clone .cold]","common_sampler_types_from_chars(std::__cxx11::basic_string<char, std::char_traits<char>, std::allocator<char> > const&) [clone .cold]",llama_api,L2_081,000000000040eef6
"common_sampler_types_from_names(std::vector<std::__cxx11::basic_string<char, std::char_traits<char>, std::allocator<char> >, std::allocator<std::__cxx11::basic_string<char, std::char_traits<char>, std::allocator<char> > > > const&, bool)","common_sampler_types_from_names(std::vector<std::__cxx11::basic_string<char, std::char_traits<char>, std::allocator<char> >, std::allocator<std::__cxx11::basic_string<char, std::char_traits<char>, std::allocator<char> > > > const&, bool)",llama_api,L2_082,00000000018d06d0
"common_sampler_types_from_names(std::vector<std::__cxx11::basic_string<char, std::char_traits<char>, std::allocator<char> >, std::allocator<std::__cxx11::basic_string<char, std::char_traits<char>, std::allocator<char> > > > const&, bool) [clone .cold]","common_sampler_types_from_names(std::vector<std::__cxx11::basic_string<char, std::char_traits<char>, std::allocator<char> >, std::allocator<std::__cxx11::basic_string<char, std::char_traits<char>, std::allocator<char> > > > const&, bool) [clone .cold]",llama_api,L2_083,000000000040efef
"common_sampler_sample_and_accept_n(common_sampler*, llama_context*, std::vector<int, std::allocator<int> > const&, bool)","common_sampler_sample_and_accept_n(common_sampler*, llama_context*, std::vector<int, std::allocator<int> > const&, bool)",llama_api,L2_074,00000000018cf510
"common_sampler_sample_and_accept_n(common_sampler*, llama_context*, std::vector<int, std::allocator<int> > const&, bool) [clone .cold]","common_sampler_sample_and_accept_n(common_sampler*, llama_context*, std::vector<int, std::allocator<int> > const&, bool) [clone .cold]",llama_api,L2_075,000000000040eea9
"common_sampler_sample_and_accept_n(common_sampler*, llama_context*, std::vector<int, std::allocator<int> > const&, std::vector<int, std::allocator<int> > const&, bool)","common_sampler_sample_and_accept_n(common_sampler*, llama_context*, std::vector<int, std::allocator<int> > const&, std::vector<int, std::allocator<int> > const&, bool)",llama_api,L2_076,00000000018cf2d0
"common_sampler_sample_and_accept_n(common_sampler*, llama_context*, std::vector<int, std::allocator<int> > const&, std::vector<int, std::allocator<int> > const&, bool) [clone .cold]","common_sampler_sample_and_accept_n(common_sampler*, llama_context*, std::vector<int, std::allocator<int> > const&, std::vector<int, std::allocator<int> > const&, bool) [clone .cold]",llama_api,L2_077,000000000040ee7f
ggml_backend_cpu_aarch64_buffer_type(),ggml_backend_cpu_aarch64_buffer_type(),ggml_backend,L5_035,0000000001a4e370
ggml_backend_cpu_aarch64_buffer_type() [clone .cold],ggml_backend_cpu_aarch64_buffer_type() [clone .cold],ggml_backend,L5_036,000000000042242b
ggml_threadpool_params_from_cpu_params(cpu_params const&),ggml_threadpool_params_from_cpu_params(cpu_params const&),ggml_ops,L6_485,0000000001891700
ggml_backend_cpu_get_extra_buffers_type(),ggml_backend_cpu_get_extra_buffers_type(),ggml_backend,L5_066,0000000001a52ac0
ggml_backend_cpu_get_extra_buffers_type() [clone .cold],ggml_backend_cpu_get_extra_buffers_type() [clone .cold],ggml_backend,L5_067,0000000000422440
"llama_grammar_reject_candidates_for_stack(std::vector<std::vector<llama_grammar_element, std::allocator<llama_grammar_element> >, std::allocator<std::vector<llama_grammar_element, std::allocator<llama_grammar_element> > > > const&, std::vector<llama_grammar_element const*, std::allocator<llama_grammar_element const*> > const&, std::vector<llama_grammar_candidate, std::allocator<llama_grammar_candidate> > const&)","llama_grammar_reject_candidates_for_stack(std::vector<std::vector<llama_grammar_element, std::allocator<llama_grammar_element> >, std::allocator<std::vector<llama_grammar_element, std::allocator<llama_grammar_element> > > > const&, std::vector<llama_grammar_element const*, std::allocator<llama_grammar_element const*> > const&, std::vector<llama_grammar_candidate, std::allocator<llama_grammar_candidate> > const&)",llama_api,L2_179,0000000001916f30
"llama_grammar_reject_candidates_for_stack(std::vector<std::vector<llama_grammar_element, std::allocator<llama_grammar_element> >, std::allocator<std::vector<llama_grammar_element, std::allocator<llama_grammar_element> > > > const&, std::vector<llama_grammar_element const*, std::allocator<llama_grammar_element const*> > const&, std::vector<llama_grammar_candidate, std::allocator<llama_grammar_candidate> > const&) [clone .cold]","llama_grammar_reject_candidates_for_stack(std::vector<std::vector<llama_grammar_element, std::allocator<llama_grammar_element> >, std::allocator<std::vector<llama_grammar_element, std::allocator<llama_grammar_element> > > > const&, std::vector<llama_grammar_element const*, std::allocator<llama_grammar_element const*> > const&, std::vector<llama_grammar_candidate, std::allocator<llama_grammar_candidate> > const&) [clone .cold]",llama_api,L2_180,0000000000416521
"get_tensor(ggml_context*, std::__cxx11::basic_string<char, std::char_traits<char>, std::allocator<char> > const&)","get_tensor(ggml_context*, std::__cxx11::basic_string<char, std::char_traits<char>, std::allocator<char> > const&)",ggml_ops,L6_022,00000000018d5e10
"get_tensor(ggml_context*, std::__cxx11::basic_string<char, std::char_traits<char>, std::allocator<char> > const&) [clone .cold]","get_tensor(ggml_context*, std::__cxx11::basic_string<char, std::char_traits<char>, std::allocator<char> > const&) [clone .cold]",ggml_ops,L6_023,000000000040f1a5
"map_tensor(std::map<ggml_tensor*, ggml_tensor*, std::less<ggml_tensor*>, std::allocator<std::pair<ggml_tensor* const, ggml_tensor*> > >&, ggml_context*, ggml_tensor*)","map_tensor(std::map<ggml_tensor*, ggml_tensor*, std::less<ggml_tensor*>, std::allocator<std::pair<ggml_tensor* const, ggml_tensor*> > >&, ggml_context*, ggml_tensor*)",ggml_ops,L6_2597,0000000001a00e90
"print_rule(_IO_FILE*, unsigned int, std::vector<llama_grammar_element, std::allocator<llama_grammar_element> > const&, std::map<unsigned int, std::__cxx11::basic_string<char, std::char_traits<char>, std::allocator<char> >, std::less<unsigned int>, std::allocator<std::pair<unsigned int const, std::__cxx11::basic_string<char, std::char_traits<char>, std::allocator<char> > > > > const&)","print_rule(_IO_FILE*, unsigned int, std::vector<llama_grammar_element, std::allocator<llama_grammar_element> > const&, std::map<unsigned int, std::__cxx11::basic_string<char, std::char_traits<char>, std::allocator<char> >, std::less<unsigned int>, std::allocator<std::pair<unsigned int const, std::__cxx11::basic_string<char, std::char_traits<char>, std::allocator<char> > > > > const&)",ggml_ops,L6_2661,0000000001913c30
"print_rule(_IO_FILE*, unsigned int, std::vector<llama_grammar_element, std::allocator<llama_grammar_element> > const&, std::map<unsigned int, std::__cxx11::basic_string<char, std::char_traits<char>, std::allocator<char> >, std::less<unsigned int>, std::allocator<std::pair<unsigned int const, std::__cxx11::basic_string<char, std::char_traits<char>, std::allocator<char> > > > > const&) [clone .cold]","print_rule(_IO_FILE*, unsigned int, std::vector<llama_grammar_element, std::allocator<llama_grammar_element> > const&, std::map<unsigned int, std::__cxx11::basic_string<char, std::char_traits<char>, std::allocator<char> >, std::less<unsigned int>, std::allocator<std::pair<unsigned int const, std::__cxx11::basic_string<char, std::char_traits<char>, std::allocator<char> > > > > const&) [clone .cold]",ggml_ops,L6_2662,00000000004150ba
"decode_utf8(std::__cxx11::basic_string<char, std::char_traits<char>, std::allocator<char> > const&, llama_partial_utf8) [clone .isra.0]","decode_utf8(std::__cxx11::basic_string<char, std::char_traits<char>, std::allocator<char> > const&, llama_partial_utf8) [clone .isra.0]",ggml_ops,L6_014,0000000001914a60
"decode_utf8(std::__cxx11::basic_string<char, std::char_traits<char>, std::allocator<char> > const&, llama_partial_utf8) [clone .isra.0] [clone .cold]","decode_utf8(std::__cxx11::basic_string<char, std::char_traits<char>, std::allocator<char> > const&, llama_partial_utf8) [clone .isra.0] [clone .cold]",ggml_ops,L6_015,000000000041577d
"llm_build_kv(ggml_context*, llama_context&, llama_kv_cache const&, ggml_cgraph*, ggml_tensor*, ggml_tensor*, ggml_tensor*, ggml_tensor*, ggml_tensor*, ggml_tensor*, int, int, int, float, std::function<void (ggml_tensor*, char const*, int)> const&, int)","llm_build_kv(ggml_context*, llama_context&, llama_kv_cache const&, ggml_cgraph*, ggml_tensor*, ggml_tensor*, ggml_tensor*, ggml_tensor*, ggml_tensor*, ggml_tensor*, int, int, int, float, std::function<void (ggml_tensor*, char const*, int)> const&, int)",ggml_ops,L6_2574,0000000001979ad0
"llm_build_kv(ggml_context*, llama_context&, llama_kv_cache const&, ggml_cgraph*, ggml_tensor*, ggml_tensor*, ggml_tensor*, ggml_tensor*, ggml_tensor*, ggml_tensor*, int, int, int, float, std::function<void (ggml_tensor*, char const*, int)> const&, int) [clone .cold]","llm_build_kv(ggml_context*, llama_context&, llama_kv_cache const&, ggml_cgraph*, ggml_tensor*, ggml_tensor*, ggml_tensor*, ggml_tensor*, ggml_tensor*, ggml_tensor*, int, int, int, float, std::function<void (ggml_tensor*, char const*, int)> const&, int) [clone .cold]",ggml_ops,L6_2575,000000000041d528
"llm_build_ffn(ggml_context*, llama_context&, ggml_tensor*, ggml_tensor*, ggml_tensor*, ggml_tensor*, ggml_tensor*, ggml_tensor*, ggml_tensor*, ggml_tensor*, ggml_tensor*, ggml_tensor*, ggml_tensor*, llm_ffn_op_type, llm_ffn_gate_type, std::function<void (ggml_tensor*, char const*, int)> const&, int) [clone .constprop.0]","llm_build_ffn(ggml_context*, llama_context&, ggml_tensor*, ggml_tensor*, ggml_tensor*, ggml_tensor*, ggml_tensor*, ggml_tensor*, ggml_tensor*, ggml_tensor*, ggml_tensor*, ggml_tensor*, ggml_tensor*, llm_ffn_op_type, llm_ffn_gate_type, std::function<void (ggml_tensor*, char const*, int)> const&, int) [clone .constprop.0]",ggml_ops,L6_2570,000000000197acf0
"llm_build_ffn(ggml_context*, llama_context&, ggml_tensor*, ggml_tensor*, ggml_tensor*, ggml_tensor*, ggml_tensor*, ggml_tensor*, ggml_tensor*, ggml_tensor*, ggml_tensor*, ggml_tensor*, ggml_tensor*, llm_ffn_op_type, llm_ffn_gate_type, std::function<void (ggml_tensor*, char const*, int)> const&, int) [clone .constprop.0] [clone .cold]","llm_build_ffn(ggml_context*, llama_context&, ggml_tensor*, ggml_tensor*, ggml_tensor*, ggml_tensor*, ggml_tensor*, ggml_tensor*, ggml_tensor*, ggml_tensor*, ggml_tensor*, ggml_tensor*, ggml_tensor*, llm_ffn_op_type, llm_ffn_gate_type, std::function<void (ggml_tensor*, char const*, int)> const&, int) [clone .constprop.0] [clone .cold]",ggml_ops,L6_2571,000000000041d57c
"llm_build_norm(ggml_context*, ggml_tensor*, llama_hparams const&, ggml_tensor*, ggml_tensor*, llm_norm_type, std::function<void (ggml_tensor*, char const*, int)> const&, int)","llm_build_norm(ggml_context*, ggml_tensor*, llama_hparams const&, ggml_tensor*, ggml_tensor*, llm_norm_type, std::function<void (ggml_tensor*, char const*, int)> const&, int)",ggml_ops,L6_2582,000000000197a340
"llm_build_norm(ggml_context*, ggml_tensor*, llama_hparams const&, ggml_tensor*, ggml_tensor*, llm_norm_type, std::function<void (ggml_tensor*, char const*, int)> const&, int) [clone .cold]","llm_build_norm(ggml_context*, ggml_tensor*, llama_hparams const&, ggml_tensor*, ggml_tensor*, llm_norm_type, std::function<void (ggml_tensor*, char const*, int)> const&, int) [clone .cold]",ggml_ops,L6_2583,000000000041d545
"llama_build_graph(llama_context&, llama_ubatch const&, bool)","llama_build_graph(llama_context&, llama_ubatch const&, bool)",batch_sampler,L3_009,000000000197b500
"llama_build_graph(llama_context&, llama_ubatch const&, bool) [clone .cold]","llama_build_graph(llama_context&, llama_ubatch const&, bool) [clone .cold]",batch_sampler,L3_010,000000000041d599
"llama_decode_impl(llama_context&, llama_batch)","llama_decode_impl(llama_context&, llama_batch)",batch_sampler,L3_011,000000000197fda0
"llama_decode_impl(llama_context&, llama_batch) [clone .cold]","llama_decode_impl(llama_context&, llama_batch) [clone .cold]",batch_sampler,L3_012,000000000041db2f
"llama_sample_dist(llama_token_data_array*, std::mersenne_twister_engine<unsigned long, 32ul, 624ul, 397ul, 31ul, 2567483615ul, 11ul, 4294967295ul, 7ul, 2636928640ul, 15ul, 4022730752ul, 18ul, 1812433253ul>&) [clone .isra.0]","llama_sample_dist(llama_token_data_array*, std::mersenne_twister_engine<unsigned long, 32ul, 624ul, 397ul, 31ul, 2567483615ul, 11ul, 4294967295ul, 7ul, 2636928640ul, 15ul, 4022730752ul, 18ul, 1812433253ul>&) [clone .isra.0]",batch_sampler,L3_027,00000000019635b0
"llama_sample_dist(llama_token_data_array*, std::mersenne_twister_engine<unsigned long, 32ul, 624ul, 397ul, 31ul, 2567483615ul, 11ul, 4294967295ul, 7ul, 2636928640ul, 15ul, 4022730752ul, 18ul, 1812433253ul>&) [clone .isra.0] [clone .cold]","llama_sample_dist(llama_token_data_array*, std::mersenne_twister_engine<unsigned long, 32ul, 624ul, 397ul, 31ul, 2567483615ul, 11ul, 4294967295ul, 7ul, 2636928640ul, 15ul, 4022730752ul, 18ul, 1812433253ul>&) [clone .isra.0] [clone .cold]",batch_sampler,L3_028,000000000041c3f4
"llm_build_lora_mm(llama_context&, ggml_context*, ggml_tensor*, ggml_tensor*)","llm_build_lora_mm(llama_context&, ggml_context*, ggml_tensor*, ggml_tensor*)",ggml_ops,L6_2578,00000000019783a0
"llm_build_moe_ffn(ggml_context*, llama_context&, ggml_tensor*, ggml_tensor*, ggml_tensor*, ggml_tensor*, ggml_tensor*, ggml_tensor*, long, long, llm_ffn_op_type, bool, bool, float, llama_expert_gating_func_type, std::function<void (ggml_tensor*, char const*, int)> const&, int)","llm_build_moe_ffn(ggml_context*, llama_context&, ggml_tensor*, ggml_tensor*, ggml_tensor*, ggml_tensor*, ggml_tensor*, ggml_tensor*, long, long, llm_ffn_op_type, bool, bool, float, llama_expert_gating_func_type, std::function<void (ggml_tensor*, char const*, int)> const&, int)",ggml_ops,L6_2580,000000000197a4f0
"llm_build_moe_ffn(ggml_context*, llama_context&, ggml_tensor*, ggml_tensor*, ggml_tensor*, ggml_tensor*, ggml_tensor*, ggml_tensor*, long, long, llm_ffn_op_type, bool, bool, float, llama_expert_gating_func_type, std::function<void (ggml_tensor*, char const*, int)> const&, int) [clone .cold]","llm_build_moe_ffn(ggml_context*, llama_context&, ggml_tensor*, ggml_tensor*, ggml_tensor*, ggml_tensor*, ggml_tensor*, ggml_tensor*, long, long, llm_ffn_op_type, bool, bool, float, llama_expert_gating_func_type, std::function<void (ggml_tensor*, char const*, int)> const&, int) [clone .cold]",ggml_ops,L6_2581,000000000041d55f
"llm_build_inp_embd(ggml_context*, llama_context&, llama_hparams const&, llama_ubatch const&, ggml_tensor*, std::function<void (ggml_tensor*, char const*, int)> const&) [clone .isra.0]","llm_build_inp_embd(ggml_context*, llama_context&, llama_hparams const&, llama_ubatch const&, ggml_tensor*, std::function<void (ggml_tensor*, char const*, int)> const&) [clone .isra.0]",ggml_ops,L6_2572,0000000001979890
"llm_build_inp_embd(ggml_context*, llama_context&, llama_hparams const&, llama_ubatch const&, ggml_tensor*, std::function<void (ggml_tensor*, char const*, int)> const&) [clone .isra.0] [clone .cold]","llm_build_inp_embd(ggml_context*, llama_context&, llama_hparams const&, llama_ubatch const&, ggml_tensor*, std::function<void (ggml_tensor*, char const*, int)> const&) [clone .isra.0] [clone .cold]",ggml_ops,L6_2573,000000000041d50e
"llm_build_kv_store(ggml_context*, llama_hparams const&, llama_cparams const&, llama_kv_cache const&, ggml_cgraph*, ggml_tensor*, ggml_tensor*, int, int, std::function<void (ggml_tensor*, char const*, int)> const&, long)","llm_build_kv_store(ggml_context*, llama_hparams const&, llama_cparams const&, llama_kv_cache const&, ggml_cgraph*, ggml_tensor*, ggml_tensor*, int, int, std::function<void (ggml_tensor*, char const*, int)> const&, long)",ggml_ops,L6_2576,0000000001979600
"llm_build_kv_store(ggml_context*, llama_hparams const&, llama_cparams const&, llama_kv_cache const&, ggml_cgraph*, ggml_tensor*, ggml_tensor*, int, int, std::function<void (ggml_tensor*, char const*, int)> const&, long) [clone .cold]","llm_build_kv_store(ggml_context*, llama_hparams const&, llama_cparams const&, llama_kv_cache const&, ggml_cgraph*, ggml_tensor*, ggml_tensor*, int, int, std::function<void (ggml_tensor*, char const*, int)> const&, long) [clone .cold]",ggml_ops,L6_2577,000000000041d4d5
"make_cpu_buft_list(std::vector<ggml_backend_device*, std::allocator<ggml_backend_device*> > const&)","make_cpu_buft_list(std::vector<ggml_backend_device*, std::allocator<ggml_backend_device*> > const&)",ggml_backend,L5_449,0000000001933910
"make_cpu_buft_list(std::vector<ggml_backend_device*, std::allocator<ggml_backend_device*> > const&) [clone .cold]","make_cpu_buft_list(std::vector<ggml_backend_device*, std::allocator<ggml_backend_device*> > const&) [clone .cold]",ggml_backend,L5_450,0000000000419fe8
"make_gpu_buft_list(ggml_backend_device*, llama_split_mode, float const*)","make_gpu_buft_list(ggml_backend_device*, llama_split_mode, float const*)",ggml_backend,L5_451,00000000019337b0
"make_gpu_buft_list(ggml_backend_device*, llama_split_mode, float const*) [clone .cold]","make_gpu_buft_list(ggml_backend_device*, llama_split_mode, float const*) [clone .cold]",ggml_backend,L5_452,0000000000419f37
"mllama_layers_load(ggml_context*, char const*, int)","mllama_layers_load(ggml_context*, char const*, int)",ggml_ops,L6_2613,0000000001879230
"mllama_layers_load(ggml_context*, char const*, int) [clone .cold]","mllama_layers_load(ggml_context*, char const*, int) [clone .cold]",ggml_ops,L6_2614,000000000040b655
"mllama_tensor_load(ggml_context*, char const*, bool)","mllama_tensor_load(ggml_context*, char const*, bool)",ggml_ops,L6_2623,0000000001879020
"mllama_tensor_load(ggml_context*, char const*, bool) [clone .cold]","mllama_tensor_load(ggml_context*, char const*, bool) [clone .cold]",ggml_ops,L6_2624,000000000040b54a
"ggml_opt_eval_graph(ggml_opt_context*, ggml_cgraph*, ggml_opt_result*)","ggml_opt_eval_graph(ggml_opt_context*, ggml_cgraph*, ggml_opt_result*)",ggml_ops,L6_355,0000000001a012f0
"ggml_opt_eval_graph(ggml_opt_context*, ggml_cgraph*, ggml_opt_result*) [clone .cold]","ggml_opt_eval_graph(ggml_opt_context*, ggml_cgraph*, ggml_opt_result*) [clone .cold]",ggml_ops,L6_356,000000000041f8e8
"llama_graph_compute(llama_context&, ggml_cgraph*, int, ggml_threadpool*)","llama_graph_compute(llama_context&, ggml_cgraph*, int, ggml_threadpool*)",llama_api,L2_181,0000000001978fc0
"llama_log_internal_v(ggml_log_level, char const*, __va_list_tag*)","llama_log_internal_v(ggml_log_level, char const*, __va_list_tag*)",llama_api,L2_229,000000000191ab70
"llm_build_lora_mm_id(llama_context&, ggml_context*, ggml_tensor*, ggml_tensor*, ggml_tensor*)","llm_build_lora_mm_id(llama_context&, ggml_context*, ggml_tensor*, ggml_tensor*, ggml_tensor*)",ggml_ops,L6_2579,00000000019785a0
ggml_backend_cpu_free(ggml_backend*),ggml_backend_cpu_free(ggml_backend*),ggml_backend,L5_065,0000000001a52760
"graph_copy_dup_tensor(ggml_hash_set, ggml_tensor**, ggml_context*, ggml_context*, ggml_tensor*)","graph_copy_dup_tensor(ggml_hash_set, ggml_tensor**, ggml_context*, ggml_context*, ggml_tensor*)",ggml_ops,L6_2529,00000000019fc5a0
"llama_tensor_get_type(quantize_state_impl&, ggml_type, ggml_tensor const*, llama_ftype)","llama_tensor_get_type(quantize_state_impl&, ggml_type, ggml_tensor const*, llama_ftype)",llama_api,L2_405,00000000019565c0
"llama_tensor_get_type(quantize_state_impl&, ggml_type, ggml_tensor const*, llama_ftype) [clone .cold]","llama_tensor_get_type(quantize_state_impl&, ggml_type, ggml_tensor const*, llama_ftype) [clone .cold]",llama_api,L2_406,000000000041ac5f
"ggml_backend_load_best(char const*, bool, char const*) [clone .constprop.0] [clone .isra.0]","ggml_backend_load_best(char const*, bool, char const*) [clone .constprop.0] [clone .isra.0]",ggml_backend,L5_123,00000000019f9050
"ggml_backend_load_best(char const*, bool, char const*) [clone .constprop.0] [clone .isra.0] [clone .cold]","ggml_backend_load_best(char const*, bool, char const*) [clone .constprop.0] [clone .isra.0] [clone .cold]",ggml_backend,L5_124,000000000041f37a
"graph_copy_init_tensor(ggml_hash_set*, ggml_tensor**, bool*, ggml_tensor*)","graph_copy_init_tensor(ggml_hash_set*, ggml_tensor**, bool*, ggml_tensor*)",ggml_ops,L6_2530,0000000001a00530
llama_model_ftype_name(llama_ftype),llama_model_ftype_name(llama_ftype),llama_api,L2_274,0000000001922620
llama_model_ftype_name(llama_ftype) [clone .cold],llama_model_ftype_name(llama_ftype) [clone .cold],llama_api,L2_275,00000000004176a7
llama_sampler_dry_free(llama_sampler*),llama_sampler_dry_free(llama_sampler*),batch_sampler,L3_059,0000000001960940
llama_sampler_dry_name(llama_sampler const*),llama_sampler_dry_name(llama_sampler const*),batch_sampler,L3_060,000000000195b9d0
llama_sampler_xtc_free(llama_sampler*),llama_sampler_xtc_free(llama_sampler*),batch_sampler,L3_170,000000000195bc40
llama_sampler_xtc_name(llama_sampler const*),llama_sampler_xtc_name(llama_sampler const*),batch_sampler,L3_171,000000000195b970
"llama_sample_xtc_apply(llama_sampler*, llama_token_data_array*)","llama_sample_xtc_apply(llama_sampler*, llama_token_data_array*)",batch_sampler,L3_029,0000000001963450
llama_sampler_dist_free(llama_sampler*),llama_sampler_dist_free(llama_sampler*),batch_sampler,L3_050,000000000195bb60
llama_sampler_dist_name(llama_sampler const*),llama_sampler_dist_name(llama_sampler const*),batch_sampler,L3_051,000000000195b8f0
"llama_sampler_dry_apply(llama_sampler*, llama_token_data_array*)","llama_sampler_dry_apply(llama_sampler*, llama_token_data_array*)",batch_sampler,L3_055,0000000001961e80
"llama_sampler_dry_apply(llama_sampler*, llama_token_data_array*) [clone .cold]","llama_sampler_dry_apply(llama_sampler*, llama_token_data_array*) [clone .cold]",batch_sampler,L3_056,000000000041be87
llama_sampler_dry_clone(llama_sampler const*),llama_sampler_dry_clone(llama_sampler const*),batch_sampler,L3_057,0000000001963370
llama_sampler_dry_clone(llama_sampler const*) [clone .cold],llama_sampler_dry_clone(llama_sampler const*) [clone .cold],batch_sampler,L3_058,000000000041c3cf
llama_sampler_dry_reset(llama_sampler*),llama_sampler_dry_reset(llama_sampler*),batch_sampler,L3_061,0000000001961370
llama_sampler_temp_free(llama_sampler*),llama_sampler_temp_free(llama_sampler*),batch_sampler,L3_147,000000000195bc00
"llama_sampler_temp_impl(llama_token_data_array*, float)","llama_sampler_temp_impl(llama_token_data_array*, float)",batch_sampler,L3_148,000000000195bd00
llama_sampler_temp_name(llama_sampler const*),llama_sampler_temp_name(llama_sampler const*),batch_sampler,L3_149,000000000195b950
llama_sampler_xtc_clone(llama_sampler const*),llama_sampler_xtc_clone(llama_sampler const*),batch_sampler,L3_169,000000000195f510
llama_sampler_xtc_reset(llama_sampler*),llama_sampler_xtc_reset(llama_sampler*),batch_sampler,L3_172,000000000195e380
"llama_grammar_match_char(llama_grammar_element const*, unsigned int)","llama_grammar_match_char(llama_grammar_element const*, unsigned int)",llama_api,L2_157,0000000001911d70
llama_sampler_chain_free(llama_sampler*),llama_sampler_chain_free(llama_sampler*),batch_sampler,L3_040,000000000195edf0
llama_sampler_chain_name(llama_sampler const*),llama_sampler_chain_name(llama_sampler const*),batch_sampler,L3_044,000000000195b840
"llama_sampler_dist_apply(llama_sampler*, llama_token_data_array*)","llama_sampler_dist_apply(llama_sampler*, llama_token_data_array*)",batch_sampler,L3_048,0000000001963cc0
llama_sampler_dist_clone(llama_sampler const*),llama_sampler_dist_clone(llama_sampler const*),batch_sampler,L3_049,000000000195f1d0
llama_sampler_dist_reset(llama_sampler*),llama_sampler_dist_reset(llama_sampler*),batch_sampler,L3_052,000000000195e320
"llama_sampler_dry_accept(llama_sampler*, int)","llama_sampler_dry_accept(llama_sampler*, int)",batch_sampler,L3_053,000000000195e0d0
"llama_sampler_dry_accept(llama_sampler*, int) [clone .cold]","llama_sampler_dry_accept(llama_sampler*, int) [clone .cold]",batch_sampler,L3_054,000000000041b93c
llama_sampler_min_p_free(llama_sampler*),llama_sampler_min_p_free(llama_sampler*),batch_sampler,L3_114,000000000195bbc0
llama_sampler_min_p_name(llama_sampler const*),llama_sampler_min_p_name(llama_sampler const*),batch_sampler,L3_115,000000000195b930
"llama_sampler_temp_apply(llama_sampler*, llama_token_data_array*)","llama_sampler_temp_apply(llama_sampler*, llama_token_data_array*)",batch_sampler,L3_141,000000000195be50
llama_sampler_temp_clone(llama_sampler const*),llama_sampler_temp_clone(llama_sampler const*),batch_sampler,L3_142,000000000195f3d0
llama_sampler_top_k_free(llama_sampler*),llama_sampler_top_k_free(llama_sampler*),batch_sampler,L3_152,000000000195bb80
"llama_sampler_top_k_impl(llama_token_data_array*, int)","llama_sampler_top_k_impl(llama_token_data_array*, int)",batch_sampler,L3_153,000000000195fff0
"llama_sampler_top_k_impl(llama_token_data_array*, int) [clone .cold]","llama_sampler_top_k_impl(llama_token_data_array*, int) [clone .cold]",batch_sampler,L3_154,000000000041bbdf
llama_sampler_top_k_name(llama_sampler const*),llama_sampler_top_k_name(llama_sampler const*),batch_sampler,L3_155,000000000195b910
llama_sampler_top_p_free(llama_sampler*),llama_sampler_top_p_free(llama_sampler*),batch_sampler,L3_162,000000000195bba0
llama_sampler_top_p_name(llama_sampler const*),llama_sampler_top_p_name(llama_sampler const*),batch_sampler,L3_163,000000000195b920
"llm_build_rwkv6_time_mix(llama_context&, ggml_context*, llama_layer const*, ggml_tensor*, ggml_tensor*, ggml_tensor**, unsigned long, unsigned long)","llm_build_rwkv6_time_mix(llama_context&, ggml_context*, llama_layer const*, ggml_tensor*, ggml_tensor*, ggml_tensor**, unsigned long, unsigned long)",ggml_ops,L6_2584,00000000019786a0
"mllama_image_build_graph(mllama_ctx*, mllama_image_batch const*)","mllama_image_build_graph(mllama_ctx*, mllama_image_batch const*)",ggml_ops,L6_2606,000000000187a0a0
"mllama_image_build_graph(mllama_ctx*, mllama_image_batch const*) [clone .cold]","mllama_image_build_graph(mllama_ctx*, mllama_image_batch const*) [clone .cold]",ggml_ops,L6_2607,000000000040b8bb
"repack_q4_0_to_q4_0_4_bl(ggml_tensor*, int, void const*, unsigned long)","repack_q4_0_to_q4_0_4_bl(ggml_tensor*, int, void const*, unsigned long)",ggml_ops,L6_2673,0000000001a4ba20
"repack_q4_0_to_q4_0_8_bl(ggml_tensor*, int, void const*, unsigned long) [clone .constprop.0]","repack_q4_0_to_q4_0_8_bl(ggml_tensor*, int, void const*, unsigned long) [clone .constprop.0]",ggml_ops,L6_2674,0000000001a4c140
ggml_backend_cpu_get_name(ggml_backend*),ggml_backend_cpu_get_name(ggml_backend*),ggml_backend,L5_072,0000000001a526a0
"llama_model_quantize_impl(std::__cxx11::basic_string<char, std::char_traits<char>, std::allocator<char> > const&, std::__cxx11::basic_string<char, std::char_traits<char>, std::allocator<char> > const&, llama_model_quantize_params const*)","llama_model_quantize_impl(std::__cxx11::basic_string<char, std::char_traits<char>, std::allocator<char> > const&, std::__cxx11::basic_string<char, std::char_traits<char>, std::allocator<char> > const&, llama_model_quantize_params const*)",llama_api,L2_333,0000000001957e10
"llama_model_quantize_impl(std::__cxx11::basic_string<char, std::char_traits<char>, std::allocator<char> > const&, std::__cxx11::basic_string<char, std::char_traits<char>, std::allocator<char> > const&, llama_model_quantize_params const*) [clone .cold]","llama_model_quantize_impl(std::__cxx11::basic_string<char, std::char_traits<char>, std::allocator<char> > const&, std::__cxx11::basic_string<char, std::char_traits<char>, std::allocator<char> > const&, llama_model_quantize_params const*) [clone .cold]",llama_api,L2_334,000000000041adcb
"llama_sampler_chain_apply(llama_sampler*, llama_token_data_array*)","llama_sampler_chain_apply(llama_sampler*, llama_token_data_array*)",batch_sampler,L3_036,000000000195ec60
"llama_sampler_chain_apply(llama_sampler*, llama_token_data_array*) [clone .cold]","llama_sampler_chain_apply(llama_sampler*, llama_token_data_array*) [clone .cold]",batch_sampler,L3_037,000000000041ba99
llama_sampler_chain_clone(llama_sampler const*),llama_sampler_chain_clone(llama_sampler const*),batch_sampler,L3_038,000000000195efd0
llama_sampler_chain_reset(llama_sampler*),llama_sampler_chain_reset(llama_sampler*),batch_sampler,L3_046,000000000195ed10
llama_sampler_greedy_name(llama_sampler const*),llama_sampler_greedy_name(llama_sampler const*),batch_sampler,L3_073,000000000195b850
llama_sampler_infill_free(llama_sampler*),llama_sampler_infill_free(llama_sampler*),batch_sampler,L3_077,000000000195ca10
llama_sampler_infill_name(llama_sampler const*),llama_sampler_infill_name(llama_sampler const*),batch_sampler,L3_078,000000000195b9f0
"llama_sampler_min_p_apply(llama_sampler*, llama_token_data_array*)","llama_sampler_min_p_apply(llama_sampler*, llama_token_data_array*)",batch_sampler,L3_111,0000000001960a00
"llama_sampler_min_p_apply(llama_sampler*, llama_token_data_array*) [clone .cold]","llama_sampler_min_p_apply(llama_sampler*, llama_token_data_array*) [clone .cold]",batch_sampler,L3_112,000000000041bcb4
llama_sampler_min_p_clone(llama_sampler const*),llama_sampler_min_p_clone(llama_sampler const*),batch_sampler,L3_113,000000000195f300
"llama_sampler_top_k_apply(llama_sampler*, llama_token_data_array*)","llama_sampler_top_k_apply(llama_sampler*, llama_token_data_array*)",batch_sampler,L3_150,0000000001960920
llama_sampler_top_k_clone(llama_sampler const*),llama_sampler_top_k_clone(llama_sampler const*),batch_sampler,L3_151,000000000195f230
"llama_sampler_top_p_apply(llama_sampler*, llama_token_data_array*)","llama_sampler_top_p_apply(llama_sampler*, llama_token_data_array*)",batch_sampler,L3_160,000000000195dbb0
llama_sampler_top_p_clone(llama_sampler const*),llama_sampler_top_p_clone(llama_sampler const*),batch_sampler,L3_161,000000000195f290
"llama_unescape_rwkv_token(std::__cxx11::basic_string<char, std::char_traits<char>, std::allocator<char> > const&)","llama_unescape_rwkv_token(std::__cxx11::basic_string<char, std::char_traits<char>, std::allocator<char> > const&)",batch_sampler,L3_203,0000000001968c40
"llama_unescape_rwkv_token(std::__cxx11::basic_string<char, std::char_traits<char>, std::allocator<char> > const&) [clone .cold]","llama_unescape_rwkv_token(std::__cxx11::basic_string<char, std::char_traits<char>, std::allocator<char> > const&) [clone .cold]",batch_sampler,L3_204,000000000041c66b
"llm_build_copy_mask_state(ggml_context*, ggml_cgraph*, ggml_tensor*, ggml_tensor*, ggml_tensor*, int, int, int, int, int)","llm_build_copy_mask_state(ggml_context*, ggml_cgraph*, ggml_tensor*, ggml_tensor*, ggml_tensor*, int, int, int, int, int)",ggml_ops,L6_2569,0000000001978490
"ggml_backend_try_load_best(char const*, bool, char const*) [clone .constprop.0]","ggml_backend_try_load_best(char const*, bool, char const*) [clone .constprop.0]",ggml_backend,L5_151,00000000019fb190
"ggml_backend_try_load_best(char const*, bool, char const*) [clone .constprop.0] [clone .cold]","ggml_backend_try_load_best(char const*, bool, char const*) [clone .constprop.0] [clone .cold]",ggml_backend,L5_152,000000000041f899
llama_kv_cache_update_impl(llama_context&),llama_kv_cache_update_impl(llama_context&),llama_api,L2_218,000000000197e590
llama_kv_cache_update_impl(llama_context&) [clone .cold],llama_kv_cache_update_impl(llama_context&) [clone .cold],llama_api,L2_219,000000000041d923
"llama_sampler_chain_accept(llama_sampler*, int)","llama_sampler_chain_accept(llama_sampler*, int)",batch_sampler,L3_032,000000000195eba0
"llama_sampler_chain_accept(llama_sampler*, int) [clone .cold]","llama_sampler_chain_accept(llama_sampler*, int) [clone .cold]",batch_sampler,L3_033,000000000041ba74
llama_sampler_grammar_free(llama_sampler*),llama_sampler_grammar_free(llama_sampler*),batch_sampler,L3_068,000000000195e400
llama_sampler_grammar_name(llama_sampler const*),llama_sampler_grammar_name(llama_sampler const*),batch_sampler,L3_069,000000000195b9a0
"llama_sampler_greedy_apply(llama_sampler*, llama_token_data_array*)","llama_sampler_greedy_apply(llama_sampler*, llama_token_data_array*)",batch_sampler,L3_072,000000000195b860
"llama_sampler_infill_apply(llama_sampler*, llama_token_data_array*)","llama_sampler_infill_apply(llama_sampler*, llama_token_data_array*)",batch_sampler,L3_074,00000000019614d0
"llama_sampler_infill_apply(llama_sampler*, llama_token_data_array*) [clone .cold]","llama_sampler_infill_apply(llama_sampler*, llama_token_data_array*) [clone .cold]",batch_sampler,L3_075,000000000041bd6b
llama_sampler_infill_clone(llama_sampler const*),llama_sampler_infill_clone(llama_sampler const*),batch_sampler,L3_076,000000000195fb70
llama_sampler_softmax_impl(llama_token_data_array*),llama_sampler_softmax_impl(llama_token_data_array*),batch_sampler,L3_139,000000000195d910
llama_sampler_softmax_name(llama_sampler const*),llama_sampler_softmax_name(llama_sampler const*),batch_sampler,L3_140,000000000195b900
llama_sampler_typical_free(llama_sampler*),llama_sampler_typical_free(llama_sampler*),batch_sampler,L3_167,000000000195bbe0
llama_sampler_typical_name(llama_sampler const*),llama_sampler_typical_name(llama_sampler const*),batch_sampler,L3_168,000000000195b940
"llama_grammar_advance_stack(std::vector<std::vector<llama_grammar_element, std::allocator<llama_grammar_element> >, std::allocator<std::vector<llama_grammar_element, std::allocator<llama_grammar_element> > > > const&, std::vector<llama_grammar_element const*, std::allocator<llama_grammar_element const*> > const&, std::vector<std::vector<llama_grammar_element const*, std::allocator<llama_grammar_element const*> >, std::allocator<std::vector<llama_grammar_element const*, std::allocator<llama_grammar_element const*> > > >&)","llama_grammar_advance_stack(std::vector<std::vector<llama_grammar_element, std::allocator<llama_grammar_element> >, std::allocator<std::vector<llama_grammar_element, std::allocator<llama_grammar_element> > > > const&, std::vector<llama_grammar_element const*, std::allocator<llama_grammar_element const*> > const&, std::vector<std::vector<llama_grammar_element const*, std::allocator<llama_grammar_element const*> >, std::allocator<std::vector<llama_grammar_element const*, std::allocator<llama_grammar_element const*> > > >&)",llama_api,L2_149,00000000019160e0
"llama_grammar_advance_stack(std::vector<std::vector<llama_grammar_element, std::allocator<llama_grammar_element> >, std::allocator<std::vector<llama_grammar_element, std::allocator<llama_grammar_element> > > > const&, std::vector<llama_grammar_element const*, std::allocator<llama_grammar_element const*> > const&, std::vector<std::vector<llama_grammar_element const*, std::allocator<llama_grammar_element const*> >, std::allocator<std::vector<llama_grammar_element const*, std::allocator<llama_grammar_element const*> > > >&) [clone .cold]","llama_grammar_advance_stack(std::vector<std::vector<llama_grammar_element, std::allocator<llama_grammar_element> >, std::allocator<std::vector<llama_grammar_element, std::allocator<llama_grammar_element> > > > const&, std::vector<llama_grammar_element const*, std::allocator<llama_grammar_element const*> > const&, std::vector<std::vector<llama_grammar_element const*, std::allocator<llama_grammar_element const*> >, std::allocator<std::vector<llama_grammar_element const*, std::allocator<llama_grammar_element const*> > > >&) [clone .cold]",llama_api,L2_150,00000000004162f2
"llama_sampler_grammar_apply(llama_sampler*, llama_token_data_array*)","llama_sampler_grammar_apply(llama_sampler*, llama_token_data_array*)",batch_sampler,L3_066,000000000195bcc0
llama_sampler_grammar_clone(llama_sampler const*),llama_sampler_grammar_clone(llama_sampler const*),batch_sampler,L3_067,000000000195eaf0
llama_sampler_grammar_reset(llama_sampler*),llama_sampler_grammar_reset(llama_sampler*),batch_sampler,L3_070,000000000195ca80
llama_sampler_grammar_reset(llama_sampler*) [clone .cold],llama_sampler_grammar_reset(llama_sampler*) [clone .cold],batch_sampler,L3_071,000000000041b8f3
llama_sampler_mirostat_free(llama_sampler*),llama_sampler_mirostat_free(llama_sampler*),batch_sampler,L3_118,000000000195bc60
llama_sampler_mirostat_name(llama_sampler const*),llama_sampler_mirostat_name(llama_sampler const*),batch_sampler,L3_119,000000000195b980
"llama_sampler_softmax_apply(llama_sampler*, llama_token_data_array*)","llama_sampler_softmax_apply(llama_sampler*, llama_token_data_array*)",batch_sampler,L3_138,000000000195dba0
llama_sampler_temp_ext_free(llama_sampler*),llama_sampler_temp_ext_free(llama_sampler*),batch_sampler,L3_145,000000000195bc20
llama_sampler_temp_ext_name(llama_sampler const*),llama_sampler_temp_ext_name(llama_sampler const*),batch_sampler,L3_146,000000000195b960
"llama_sampler_typical_apply(llama_sampler*, llama_token_data_array*)","llama_sampler_typical_apply(llama_sampler*, llama_token_data_array*)",batch_sampler,L3_164,0000000001960d90
"llama_sampler_typical_apply(llama_sampler*, llama_token_data_array*) [clone .cold]","llama_sampler_typical_apply(llama_sampler*, llama_token_data_array*) [clone .cold]",batch_sampler,L3_165,000000000041bcdb
llama_sampler_typical_clone(llama_sampler const*),llama_sampler_typical_clone(llama_sampler const*),batch_sampler,L3_166,000000000195f370
"llama_adapter_lora_init_impl(llama_model&, char const*, llama_adapter_lora&)","llama_adapter_lora_init_impl(llama_model&, char const*, llama_adapter_lora&)",llama_api,L2_095,00000000018ff160
"llama_adapter_lora_init_impl(llama_model&, char const*, llama_adapter_lora&) [clone .cold]","llama_adapter_lora_init_impl(llama_model&, char const*, llama_adapter_lora&) [clone .cold]",llama_api,L2_096,00000000004119de
"llama_sampler_mirostat_apply(llama_sampler*, llama_token_data_array*)","llama_sampler_mirostat_apply(llama_sampler*, llama_token_data_array*)",batch_sampler,L3_116,00000000019638c0
llama_sampler_mirostat_clone(llama_sampler const*),llama_sampler_mirostat_clone(llama_sampler const*),batch_sampler,L3_117,000000000195f610
llama_sampler_mirostat_reset(llama_sampler*),llama_sampler_mirostat_reset(llama_sampler*),batch_sampler,L3_120,000000000195e460
llama_sampler_penalties_free(llama_sampler*),llama_sampler_penalties_free(llama_sampler*),batch_sampler,L3_132,000000000195e580
llama_sampler_penalties_name(llama_sampler const*),llama_sampler_penalties_name(llama_sampler const*),batch_sampler,L3_133,000000000195b9b0
"llama_sampler_temp_ext_apply(llama_sampler*, llama_token_data_array*)","llama_sampler_temp_ext_apply(llama_sampler*, llama_token_data_array*)",batch_sampler,L3_143,000000000195dc50
llama_sampler_temp_ext_clone(llama_sampler const*),llama_sampler_temp_ext_clone(llama_sampler const*),batch_sampler,L3_144,000000000195f430
"ggml_backend_cpu_buffer_clear(ggml_backend_buffer*, unsigned char)","ggml_backend_cpu_buffer_clear(ggml_backend_buffer*, unsigned char)",ggml_backend,L5_040,00000000019fc520
ggml_backend_cpu_get_features(ggml_backend_reg*),ggml_backend_cpu_get_features(ggml_backend_reg*),ggml_backend,L5_068,0000000001a53db0
ggml_backend_cpu_get_features(ggml_backend_reg*) [clone .cold],ggml_backend_cpu_get_features(ggml_backend_reg*) [clone .cold],ggml_backend,L5_069,00000000004224d2
ggml_backend_cpu_reg_get_name(ggml_backend_reg*),ggml_backend_cpu_reg_get_name(ggml_backend_reg*),ggml_backend,L5_080,0000000001a52ab0
llama_sampler_logit_bias_free(llama_sampler*),llama_sampler_logit_bias_free(llama_sampler*),batch_sampler,L3_109,000000000195cc80
llama_sampler_logit_bias_name(llama_sampler const*),llama_sampler_logit_bias_name(llama_sampler const*),batch_sampler,L3_110,000000000195b9e0
"llama_sampler_penalties_apply(llama_sampler*, llama_token_data_array*)","llama_sampler_penalties_apply(llama_sampler*, llama_token_data_array*)",batch_sampler,L3_129,000000000195ccf0
"llama_sampler_penalties_apply(llama_sampler*, llama_token_data_array*) [clone .cold]","llama_sampler_penalties_apply(llama_sampler*, llama_token_data_array*) [clone .cold]",batch_sampler,L3_130,000000000041b91d
llama_sampler_penalties_clone(llama_sampler const*),llama_sampler_penalties_clone(llama_sampler const*),batch_sampler,L3_131,000000000195f8d0
llama_sampler_penalties_reset(llama_sampler*),llama_sampler_penalties_reset(llama_sampler*),batch_sampler,L3_134,0000000001961350
"llama_state_get_data_internal(llama_context*, llama_data_write&)","llama_state_get_data_internal(llama_context*, llama_data_write&)",llama_api,L2_380,000000000190e510
"llama_state_get_data_internal(llama_context*, llama_data_write&) [clone .cold]","llama_state_get_data_internal(llama_context*, llama_data_write&) [clone .cold]",llama_api,L2_381,0000000000414349
"llama_state_set_data_internal(llama_context*, llama_data_read&) [clone .constprop.0]","llama_state_set_data_internal(llama_context*, llama_data_read&) [clone .constprop.0]",llama_api,L2_399,000000000190edc0
"llama_state_set_data_internal(llama_context*, llama_data_read&) [clone .constprop.0] [clone .cold]","llama_state_set_data_internal(llama_context*, llama_data_read&) [clone .constprop.0] [clone .cold]",llama_api,L2_400,0000000000414728
"ggml_backend_cpu_graph_compute(ggml_backend*, ggml_cgraph*)","ggml_backend_cpu_graph_compute(ggml_backend*, ggml_cgraph*)",sched_compute,L4_001,0000000001a52870
"ggml_backend_sched_split_graph(ggml_backend_sched*, ggml_cgraph*)","ggml_backend_sched_split_graph(ggml_backend_sched*, ggml_cgraph*)",sched_compute,L4_028,00000000019fe480
"llama_relative_position_bucket(int, int, unsigned long, bool)","llama_relative_position_bucket(int, int, unsigned long, bool)",llama_api,L2_360,000000000190b980
"llama_sampler_logit_bias_apply(llama_sampler*, llama_token_data_array*)","llama_sampler_logit_bias_apply(llama_sampler*, llama_token_data_array*)",batch_sampler,L3_107,00000000019613b0
llama_sampler_logit_bias_clone(llama_sampler const*),llama_sampler_logit_bias_clone(llama_sampler const*),batch_sampler,L3_108,000000000195fa50
llama_sampler_mirostat_v2_free(llama_sampler*),llama_sampler_mirostat_v2_free(llama_sampler*),batch_sampler,L3_123,000000000195bc80
llama_sampler_mirostat_v2_name(llama_sampler const*),llama_sampler_mirostat_v2_name(llama_sampler const*),batch_sampler,L3_124,000000000195b990
"llama_sampler_penalties_accept(llama_sampler*, int)","llama_sampler_penalties_accept(llama_sampler*, int)",batch_sampler,L3_127,0000000001961c40
"llama_sampler_penalties_accept(llama_sampler*, int) [clone .cold]","llama_sampler_penalties_accept(llama_sampler*, int) [clone .cold]",batch_sampler,L3_128,000000000041bda9
llama_sampler_top_n_sigma_free(llama_sampler*),llama_sampler_top_n_sigma_free(llama_sampler*),batch_sampler,L3_158,000000000195bca0
llama_sampler_top_n_sigma_name(llama_sampler const*),llama_sampler_top_n_sigma_name(llama_sampler const*),batch_sampler,L3_159,000000000195b9c0
"ggml_backend_cpu_reg_get_device(ggml_backend_reg*, unsigned long)","ggml_backend_cpu_reg_get_device(ggml_backend_reg*, unsigned long)",ggml_backend,L5_077,0000000001a52f20
"ggml_backend_cpu_reg_get_device(ggml_backend_reg*, unsigned long) [clone .cold]","ggml_backend_cpu_reg_get_device(ggml_backend_reg*, unsigned long) [clone .cold]",ggml_backend,L5_078,0000000000422454
"ggml_backend_multi_buffer_clear(ggml_backend_buffer*, unsigned char)","ggml_backend_multi_buffer_clear(ggml_backend_buffer*, unsigned char)",ggml_backend,L5_126,00000000019fcb30
"llama_grammar_reject_candidates(std::vector<std::vector<llama_grammar_element, std::allocator<llama_grammar_element> >, std::allocator<std::vector<llama_grammar_element, std::allocator<llama_grammar_element> > > > const&, std::vector<std::vector<llama_grammar_element const*, std::allocator<llama_grammar_element const*> >, std::allocator<std::vector<llama_grammar_element const*, std::allocator<llama_grammar_element const*> > > > const&, std::vector<llama_grammar_candidate, std::allocator<llama_grammar_candidate> > const&)","llama_grammar_reject_candidates(std::vector<std::vector<llama_grammar_element, std::allocator<llama_grammar_element> >, std::allocator<std::vector<llama_grammar_element, std::allocator<llama_grammar_element> > > > const&, std::vector<std::vector<llama_grammar_element const*, std::allocator<llama_grammar_element const*> >, std::allocator<std::vector<llama_grammar_element const*, std::allocator<llama_grammar_element const*> > > > const&, std::vector<llama_grammar_candidate, std::allocator<llama_grammar_candidate> > const&)",llama_api,L2_177,0000000001917540
"llama_grammar_reject_candidates(std::vector<std::vector<llama_grammar_element, std::allocator<llama_grammar_element> >, std::allocator<std::vector<llama_grammar_element, std::allocator<llama_grammar_element> > > > const&, std::vector<std::vector<llama_grammar_element const*, std::allocator<llama_grammar_element const*> >, std::allocator<std::vector<llama_grammar_element const*, std::allocator<llama_grammar_element const*> > > > const&, std::vector<llama_grammar_candidate, std::allocator<llama_grammar_candidate> > const&) [clone .cold]","llama_grammar_reject_candidates(std::vector<std::vector<llama_grammar_element, std::allocator<llama_grammar_element> >, std::allocator<std::vector<llama_grammar_element, std::allocator<llama_grammar_element> > > > const&, std::vector<std::vector<llama_grammar_element const*, std::allocator<llama_grammar_element const*> >, std::allocator<std::vector<llama_grammar_element const*, std::allocator<llama_grammar_element const*> > > > const&, std::vector<llama_grammar_candidate, std::allocator<llama_grammar_candidate> > const&) [clone .cold]",llama_api,L2_178,00000000004165c4
"llama_model_load_from_file_impl(std::__cxx11::basic_string<char, std::char_traits<char>, std::allocator<char> > const&, std::vector<std::__cxx11::basic_string<char, std::char_traits<char>, std::allocator<char> >, std::allocator<std::__cxx11::basic_string<char, std::char_traits<char>, std::allocator<char> > > >&, llama_model_params)","llama_model_load_from_file_impl(std::__cxx11::basic_string<char, std::char_traits<char>, std::allocator<char> > const&, std::vector<std::__cxx11::basic_string<char, std::char_traits<char>, std::allocator<char> >, std::allocator<std::__cxx11::basic_string<char, std::char_traits<char>, std::allocator<char> > > >&, llama_model_params)",llama_api,L2_282,00000000019821e0
"llama_model_load_from_file_impl(std::__cxx11::basic_string<char, std::char_traits<char>, std::allocator<char> > const&, std::vector<std::__cxx11::basic_string<char, std::char_traits<char>, std::allocator<char> >, std::allocator<std::__cxx11::basic_string<char, std::char_traits<char>, std::allocator<char> > > >&, llama_model_params) [clone .cold]","llama_model_load_from_file_impl(std::__cxx11::basic_string<char, std::char_traits<char>, std::allocator<char> > const&, std::vector<std::__cxx11::basic_string<char, std::char_traits<char>, std::allocator<char> >, std::allocator<std::__cxx11::basic_string<char, std::char_traits<char>, std::allocator<char> > > >&, llama_model_params) [clone .cold]",llama_api,L2_283,000000000041dbbe
"llama_sampler_init_grammar_impl(llama_vocab const*, char const*, char const*, bool, char const**, unsigned long, int const*, unsigned long)","llama_sampler_init_grammar_impl(llama_vocab const*, char const*, char const*, bool, char const**, unsigned long, int const*, unsigned long)",batch_sampler,L3_086,000000000195e640
"llama_sampler_init_grammar_impl(llama_vocab const*, char const*, char const*, bool, char const**, unsigned long, int const*, unsigned long) [clone .cold]","llama_sampler_init_grammar_impl(llama_vocab const*, char const*, char const*, bool, char const**, unsigned long, int const*, unsigned long) [clone .cold]",batch_sampler,L3_087,000000000041ba1e
"llama_sampler_mirostat_v2_apply(llama_sampler*, llama_token_data_array*)","llama_sampler_mirostat_v2_apply(llama_sampler*, llama_token_data_array*)",batch_sampler,L3_121,0000000001963ae0
llama_sampler_mirostat_v2_clone(llama_sampler const*),llama_sampler_mirostat_v2_clone(llama_sampler const*),batch_sampler,L3_122,000000000195f710
llama_sampler_mirostat_v2_reset(llama_sampler*),llama_sampler_mirostat_v2_reset(llama_sampler*),batch_sampler,L3_125,000000000195e500
"llama_sampler_top_n_sigma_apply(llama_sampler*, llama_token_data_array*)","llama_sampler_top_n_sigma_apply(llama_sampler*, llama_token_data_array*)",batch_sampler,L3_156,000000000195df80
llama_sampler_top_n_sigma_clone(llama_sampler const*),llama_sampler_top_n_sigma_clone(llama_sampler const*),batch_sampler,L3_157,000000000195f970
ggml_backend_cpu_buffer_get_base(ggml_backend_buffer*),ggml_backend_cpu_buffer_get_base(ggml_backend_buffer*),ggml_backend,L5_045,00000000019fc440
ggml_backend_cpu_device_get_name(ggml_backend_device*),ggml_backend_cpu_device_get_name(ggml_backend_device*),ggml_backend,L5_059,0000000001a52aa0
ggml_backend_cpu_device_get_type(ggml_backend_device*),ggml_backend_cpu_device_get_type(ggml_backend_device*),ggml_backend,L5_061,0000000001a526d0
"ggml_backend_cpu_graph_plan_free(ggml_backend*, void*)","ggml_backend_cpu_graph_plan_free(ggml_backend*, void*)",sched_compute,L4_004,0000000001a52720
"mllama_image_build_encoder_layer(ggml_context*, unsigned long, mllama_layer const&, ggml_tensor*, float, int, int, int, int) [clone .constprop.0]","mllama_image_build_encoder_layer(ggml_context*, unsigned long, mllama_layer const&, ggml_tensor*, float, int, int, int, int) [clone .constprop.0]",ggml_ops,L6_2604,0000000001879950
"mllama_image_build_encoder_layer(ggml_context*, unsigned long, mllama_layer const&, ggml_tensor*, float, int, int, int, int) [clone .constprop.0] [clone .cold]","mllama_image_build_encoder_layer(ggml_context*, unsigned long, mllama_layer const&, ggml_tensor*, float, int, int, int, int) [clone .constprop.0] [clone .cold]",ggml_ops,L6_2605,000000000040b6b4
"ggml_backend_cpu_device_get_props(ggml_backend_device*, ggml_backend_dev_props*)","ggml_backend_cpu_device_get_props(ggml_backend_device*, ggml_backend_dev_props*)",ggml_backend,L5_060,0000000001a526e0
"ggml_backend_cpu_get_proc_address(ggml_backend_reg*, char const*)","ggml_backend_cpu_get_proc_address(ggml_backend_reg*, char const*)",ggml_backend,L5_073,0000000001a52950
"llama_sampler_grammar_accept_impl(llama_sampler*, int)","llama_sampler_grammar_accept_impl(llama_sampler*, int)",batch_sampler,L3_065,000000000195bce0
"unicode_regex_split_custom_llama3(std::__cxx11::basic_string<char, std::char_traits<char>, std::allocator<char> > const&, std::vector<unsigned long, std::allocator<unsigned long> > const&)","unicode_regex_split_custom_llama3(std::__cxx11::basic_string<char, std::char_traits<char>, std::allocator<char> > const&, std::vector<unsigned long, std::allocator<unsigned long> > const&)",ggml_ops,L6_2966,00000000019b5570
"unicode_regex_split_custom_llama3(std::__cxx11::basic_string<char, std::char_traits<char>, std::allocator<char> > const&, std::vector<unsigned long, std::allocator<unsigned long> > const&) [clone .cold]","unicode_regex_split_custom_llama3(std::__cxx11::basic_string<char, std::char_traits<char>, std::allocator<char> > const&, std::vector<unsigned long, std::allocator<unsigned long> > const&) [clone .cold]",ggml_ops,L6_2967,000000000041e6f3
"ggml_backend_cpu_buffer_cpy_tensor(ggml_backend_buffer*, ggml_tensor const*, ggml_tensor*)","ggml_backend_cpu_buffer_cpy_tensor(ggml_backend_buffer*, ggml_tensor const*, ggml_tensor*)",ggml_backend,L5_041,00000000019fcc30
"ggml_backend_cpu_buffer_get_tensor(ggml_backend_buffer*, ggml_tensor const*, void*, unsigned long, unsigned long)","ggml_backend_cpu_buffer_get_tensor(ggml_backend_buffer*, ggml_tensor const*, void*, unsigned long, unsigned long)",ggml_backend,L5_046,00000000019fc560
"ggml_backend_cpu_buffer_set_tensor(ggml_backend_buffer*, ggml_tensor*, void const*, unsigned long, unsigned long)","ggml_backend_cpu_buffer_set_tensor(ggml_backend_buffer*, ggml_tensor*, void const*, unsigned long, unsigned long)",ggml_backend,L5_048,00000000019fc580
"ggml_backend_cpu_device_get_memory(ggml_backend_device*, unsigned long*, unsigned long*)","ggml_backend_cpu_device_get_memory(ggml_backend_device*, unsigned long*, unsigned long*)",ggml_backend,L5_058,0000000001a526c0
"ggml_backend_cpu_graph_plan_create(ggml_backend*, ggml_cgraph const*)","ggml_backend_cpu_graph_plan_create(ggml_backend*, ggml_cgraph const*)",sched_compute,L4_003,0000000001a527b0
ggml_backend_cpu_buffer_free_buffer(ggml_backend_buffer*),ggml_backend_cpu_buffer_free_buffer(ggml_backend_buffer*),ggml_backend,L5_042,00000000019fc800
"ggml_backend_cpu_device_supports_op(ggml_backend_device*, ggml_tensor const*)","ggml_backend_cpu_device_supports_op(ggml_backend_device*, ggml_tensor const*)",ggml_backend,L5_064,0000000001a52c10
"ggml_backend_cpu_graph_plan_compute(ggml_backend*, void*)","ggml_backend_cpu_graph_plan_compute(ggml_backend*, void*)",sched_compute,L4_002,0000000001a52920
"ggml_backend_sched_buffer_supported(ggml_backend_sched*, ggml_tensor*, int)","ggml_backend_sched_buffer_supported(ggml_backend_sched*, ggml_tensor*, int)",sched_compute,L4_013,00000000019fd7e0
"llama_grammar_detect_left_recursion(std::vector<std::vector<llama_grammar_element, std::allocator<llama_grammar_element> >, std::allocator<std::vector<llama_grammar_element, std::allocator<llama_grammar_element> > > > const&, unsigned long, std::vector<bool, std::allocator<bool> >*, std::vector<bool, std::allocator<bool> >*, std::vector<bool, std::allocator<bool> >*)","llama_grammar_detect_left_recursion(std::vector<std::vector<llama_grammar_element, std::allocator<llama_grammar_element> >, std::allocator<std::vector<llama_grammar_element, std::allocator<llama_grammar_element> > > > const&, unsigned long, std::vector<bool, std::allocator<bool> >*, std::vector<bool, std::allocator<bool> >*, std::vector<bool, std::allocator<bool> >*)",llama_api,L2_153,0000000001911eb0
ggml_aarch64_get_optimal_repack_type(ggml_tensor const*),ggml_aarch64_get_optimal_repack_type(ggml_tensor const*),ggml_ops,L6_025,0000000001a4bd50
ggml_backend_cpu_buffer_type_is_host(ggml_backend_buffer_type*),ggml_backend_cpu_buffer_type_is_host(ggml_backend_buffer_type*),ggml_backend,L5_053,00000000019fc480
"ggml_backend_cpu_device_init_backend(ggml_backend_device*, char const*)","ggml_backend_cpu_device_init_backend(ggml_backend_device*, char const*)",ggml_backend,L5_062,0000000001a531d0
"ggml_backend_cpu_buffer_memset_tensor(ggml_backend_buffer*, ggml_tensor*, unsigned char, unsigned long, unsigned long)","ggml_backend_cpu_buffer_memset_tensor(ggml_backend_buffer*, ggml_tensor*, unsigned char, unsigned long, unsigned long)",ggml_backend,L5_047,00000000019fc540
ggml_backend_cpu_buffer_type_get_name(ggml_backend_buffer_type*),ggml_backend_cpu_buffer_type_get_name(ggml_backend_buffer_type*),ggml_backend,L5_052,00000000019fc460
"ggml_backend_cpu_device_supports_buft(ggml_backend_device*, ggml_backend_buffer_type*)","ggml_backend_cpu_device_supports_buft(ggml_backend_device*, ggml_backend_buffer_type*)",ggml_backend,L5_063,0000000001a52ba0
ggml_backend_cpu_reg_get_device_count(ggml_backend_reg*),ggml_backend_cpu_reg_get_device_count(ggml_backend_reg*),ggml_backend,L5_079,0000000001a52710
ggml_backend_multi_buffer_free_buffer(ggml_backend_buffer*),ggml_backend_multi_buffer_free_buffer(ggml_backend_buffer*),ggml_backend,L5_127,00000000019fca40
"ggml_backend_sched_backend_from_buffer(ggml_backend_sched*, ggml_tensor const*, ggml_tensor const*) [clone .isra.0]","ggml_backend_sched_backend_from_buffer(ggml_backend_sched*, ggml_tensor const*, ggml_tensor const*) [clone .isra.0]",sched_compute,L4_011,00000000019fd8e0
"ggml_backend_sched_backend_id_from_cur(ggml_backend_sched*, ggml_tensor*)","ggml_backend_sched_backend_id_from_cur(ggml_backend_sched*, ggml_tensor*)",sched_compute,L4_012,00000000019fd990
ggml_backend_cpu_device_get_buffer_type(ggml_backend_device*),ggml_backend_cpu_device_get_buffer_type(ggml_backend_device*),ggml_backend,L5_055,0000000001a52940
ggml_backend_cpu_device_get_description(ggml_backend_device*),ggml_backend_cpu_device_get_description(ggml_backend_device*),ggml_backend,L5_056,0000000001a526b0
"ggml_backend_cpu_buffer_type_alloc_buffer(ggml_backend_buffer_type*, unsigned long)","ggml_backend_cpu_buffer_type_alloc_buffer(ggml_backend_buffer_type*, unsigned long)",ggml_backend,L5_050,00000000019fc970
"ggml_backend_cpu_aarch64_buffer_set_tensor(ggml_backend_buffer*, ggml_tensor*, void const*, unsigned long, unsigned long)","ggml_backend_cpu_aarch64_buffer_set_tensor(ggml_backend_buffer*, ggml_tensor*, void const*, unsigned long, unsigned long)",ggml_backend,L5_034,0000000001a4c090
ggml_backend_cpu_buffer_type_get_alignment(ggml_backend_buffer_type*),ggml_backend_cpu_buffer_type_get_alignment(ggml_backend_buffer_type*),ggml_backend,L5_051,00000000019fc470
"ggml_backend_cpu_aarch64_buffer_init_tensor(ggml_backend_buffer*, ggml_tensor*)","ggml_backend_cpu_aarch64_buffer_init_tensor(ggml_backend_buffer*, ggml_tensor*)",ggml_backend,L5_033,0000000001a4be10
"ggml_backend_cpu_device_buffer_from_host_ptr(ggml_backend_device*, void*, unsigned long, unsigned long)","ggml_backend_cpu_device_buffer_from_host_ptr(ggml_backend_device*, void*, unsigned long, unsigned long)",ggml_backend,L5_054,0000000001a52930
ggml_backend_cpu_aarch64_buffer_type_get_name(ggml_backend_buffer_type*),ggml_backend_cpu_aarch64_buffer_type_get_name(ggml_backend_buffer_type*),ggml_backend,L5_039,0000000001a4ba00
ggml_backend_cpu_buffer_from_ptr_type_get_name(ggml_backend_buffer_type*),ggml_backend_cpu_buffer_from_ptr_type_get_name(ggml_backend_buffer_type*),ggml_backend,L5_044,00000000019fc490
ggml_backend_cpu_device_get_extra_buffers_type(ggml_backend_device*),ggml_backend_cpu_device_get_extra_buffers_type(ggml_backend_device*),ggml_backend,L5_057,0000000001a52b80
"ggml_backend_cpu_aarch64_buffer_type_alloc_buffer(ggml_backend_buffer_type*, unsigned long)","ggml_backend_cpu_aarch64_buffer_type_alloc_buffer(ggml_backend_buffer_type*, unsigned long)",ggml_backend,L5_037,0000000001a4c030
ggml_backend_cpu_aarch64_buffer_type_get_alignment(ggml_backend_buffer_type*),ggml_backend_cpu_aarch64_buffer_type_get_alignment(ggml_backend_buffer_type*),ggml_backend,L5_038,0000000001a4ba10
"llama_file::llama_file(char const*, char const*)","llama_file::llama_file(char const*, char const*)",llama_api,L2_110,000000000191fe00
"llama_file::llama_file(char const*, char const*) [clone .cold]","llama_file::llama_file(char const*, char const*) [clone .cold]",llama_api,L2_111,0000000000416e3c
llama_file::~llama_file(),llama_file::~llama_file(),llama_api,L2_125,000000000191feb0
"llama_mmap::unmap_fragment(unsigned long, unsigned long)","llama_mmap::unmap_fragment(unsigned long, unsigned long)",memory,L8_036,0000000001920510
"llama_mmap::llama_mmap(llama_file*, unsigned long, bool)","llama_mmap::llama_mmap(llama_file*, unsigned long, bool)",memory,L8_033,00000000019204c0
"llama_mmap::llama_mmap(llama_file*, unsigned long, bool) [clone .cold]","llama_mmap::llama_mmap(llama_file*, unsigned long, bool) [clone .cold]",memory,L8_034,0000000000417526
llama_mmap::~llama_mmap(),llama_mmap::~llama_mmap(),memory,L8_037,00000000019201e0
llama_mlock::init(void*),llama_mlock::init(void*),llama_api,L2_233,0000000001920310
llama_mlock::grow_to(unsigned long),llama_mlock::grow_to(unsigned long),llama_api,L2_232,0000000001920350
llama_mlock::llama_mlock(),llama_mlock::llama_mlock(),llama_api,L2_234,00000000019202c0
llama_mlock::~llama_mlock(),llama_mlock::~llama_mlock(),llama_api,L2_235,00000000019202f0
llama_model::load_stats(llama_model_loader&),llama_model::load_stats(llama_model_loader&),llama_api,L2_249,0000000001931080
llama_model::load_vocab(llama_model_loader&),llama_model::load_vocab(llama_model_loader&),llama_api,L2_256,0000000001931100
llama_model::load_hparams(llama_model_loader&),llama_model::load_hparams(llama_model_loader&),llama_api,L2_247,0000000001933b00
llama_model::load_hparams(llama_model_loader&) [clone .cold],llama_model::load_hparams(llama_model_loader&) [clone .cold],llama_api,L2_248,000000000041a00e
llama_model::load_tensors(llama_model_loader&),llama_model::load_tensors(llama_model_loader&),llama_api,L2_250,0000000001936860
llama_model::load_tensors(llama_model_loader&) [clone .cold],llama_model::load_tensors(llama_model_loader&) [clone .cold],llama_api,L2_251,000000000041a318
llama_model::load_arch(llama_model_loader&),llama_model::load_arch(llama_model_loader&),llama_api,L2_245,00000000019310a0
llama_model::load_arch(llama_model_loader&) [clone .cold],llama_model::load_arch(llama_model_loader&) [clone .cold],llama_api,L2_246,000000000041990e
llama_model::llama_model(llama_model_params const&),llama_model::llama_model(llama_model_params const&),llama_api,L2_243,00000000019321b0
llama_model::llama_model(llama_model_params const&) [clone .cold],llama_model::llama_model(llama_model_params const&) [clone .cold],llama_api,L2_244,0000000000419c52
llama_model::~llama_model(),llama_model::~llama_model(),llama_api,L2_269,0000000001932400
llama_vocab::impl::init_tokenizer(llama_vocab_type),llama_vocab::impl::init_tokenizer(llama_vocab_type),batch_sampler,L3_213,000000000196a4e0
llama_vocab::impl::init_tokenizer(llama_vocab_type) [clone .cold],llama_vocab::impl::init_tokenizer(llama_vocab_type) [clone .cold],batch_sampler,L3_214,000000000041c948
"llama_vocab::impl::load(llama_model_loader&, LLM_KV const&)","llama_vocab::impl::load(llama_model_loader&, LLM_KV const&)",llama_api,L2_412,000000000196bbf0
"llama_vocab::impl::load(llama_model_loader&, LLM_KV const&) [clone .cold]","llama_vocab::impl::load(llama_model_loader&, LLM_KV const&) [clone .cold]",llama_api,L2_413,000000000041cd7e
"llama_vocab::load(llama_model_loader&, LLM_KV const&)","llama_vocab::load(llama_model_loader&, LLM_KV const&)",llama_api,L2_414,0000000001970130
llama_vocab::llama_vocab(),llama_vocab::llama_vocab(),vocab,L7_234,0000000001967a10
llama_vocab::~llama_vocab(),llama_vocab::~llama_vocab(),vocab,L7_237,0000000001967b70
"llama_sbatch::from_batch(llama_batch const&, unsigned long, bool, bool)","llama_sbatch::from_batch(llama_batch const&, unsigned long, bool, bool)",batch_sampler,L3_175,0000000001905680
"llama_sbatch::from_batch(llama_batch const&, unsigned long, bool, bool) [clone .cold]","llama_sbatch::from_batch(llama_batch const&, unsigned long, bool, bool) [clone .cold]",batch_sampler,L3_176,0000000000412d76
llama_sbatch::split_equal(unsigned long),llama_sbatch::split_equal(unsigned long),batch_sampler,L3_178,0000000001905470
llama_sbatch::split_simple(unsigned long),llama_sbatch::split_simple(unsigned long),batch_sampler,L3_180,00000000019053a0
"llama_sbatch::reserve_ubatch(unsigned long, bool)","llama_sbatch::reserve_ubatch(unsigned long, bool)",batch_sampler,L3_177,00000000019047a0
"llama_sbatch::add_seq_to_ubatch(llama_ubatch&, llama_sbatch_seq&, unsigned long)","llama_sbatch::add_seq_to_ubatch(llama_ubatch&, llama_sbatch_seq&, unsigned long)",batch_sampler,L3_173,0000000001904ab0
"llama_sbatch::add_seq_to_ubatch(llama_ubatch&, llama_sbatch_seq&, unsigned long) [clone .cold]","llama_sbatch::add_seq_to_ubatch(llama_ubatch&, llama_sbatch_seq&, unsigned long) [clone .cold]",batch_sampler,L3_174,0000000000412d54
llama_sbatch::split_seq(unsigned long),llama_sbatch::split_seq(unsigned long),batch_sampler,L3_179,00000000019055c0
llama_adapter_cvec::init(llama_model const&),llama_adapter_cvec::init(llama_model const&),llama_api,L2_088,00000000018fe370
llama_adapter_cvec::init(llama_model const&) [clone .cold],llama_adapter_cvec::init(llama_model const&) [clone .cold],llama_api,L2_089,0000000000411936
"llama_adapter_cvec::apply(llama_model const&, float const*, unsigned long, int, int, int)","llama_adapter_cvec::apply(llama_model const&, float const*, unsigned long, int, int, int)",llama_api,L2_085,00000000018fea70
"llama_adapter_cvec::apply(llama_model const&, float const*, unsigned long, int, int, int) [clone .cold]","llama_adapter_cvec::apply(llama_model const&, float const*, unsigned long, int, int, int) [clone .cold]",llama_api,L2_086,0000000000411994
llama_adapter_lora::get_weight(ggml_tensor*),llama_adapter_lora::get_weight(ggml_tensor*),llama_api,L2_091,00000000018febc0
"llama_batch_allocr::llama_batch_allocr(llama_batch, int)","llama_batch_allocr::llama_batch_allocr(llama_batch, int)",batch_sampler,L3_004,00000000019044d0
"llama_batch_allocr::llama_batch_allocr(llama_batch, int) [clone .cold]","llama_batch_allocr::llama_batch_allocr(llama_batch, int) [clone .cold]",batch_sampler,L3_005,0000000000412d08
"llama_model_loader::create_tensor(ggml_context*, std::__cxx11::basic_string<char, std::char_traits<char>, std::allocator<char> > const&, std::initializer_list<long> const&, int)","llama_model_loader::create_tensor(ggml_context*, std::__cxx11::basic_string<char, std::char_traits<char>, std::allocator<char> > const&, std::initializer_list<long> const&, int)",llama_api,L2_289,0000000001924780
"llama_model_loader::create_tensor(ggml_context*, std::__cxx11::basic_string<char, std::char_traits<char>, std::allocator<char> > const&, std::initializer_list<long> const&, int) [clone .cold]","llama_model_loader::create_tensor(ggml_context*, std::__cxx11::basic_string<char, std::char_traits<char>, std::allocator<char> > const&, std::initializer_list<long> const&, int) [clone .cold]",llama_api,L2_290,00000000004180be
"llama_model_loader::init_mappings(bool, std::vector<std::unique_ptr<llama_mlock, std::default_delete<llama_mlock> >, std::allocator<std::unique_ptr<llama_mlock, std::default_delete<llama_mlock> > > >*)","llama_model_loader::init_mappings(bool, std::vector<std::unique_ptr<llama_mlock, std::default_delete<llama_mlock> >, std::allocator<std::unique_ptr<llama_mlock, std::default_delete<llama_mlock> > > >*)",llama_api,L2_303,0000000001923720
"llama_model_loader::init_mappings(bool, std::vector<std::unique_ptr<llama_mlock, std::default_delete<llama_mlock> >, std::allocator<std::unique_ptr<llama_mlock, std::default_delete<llama_mlock> > > >*) [clone .cold]","llama_model_loader::init_mappings(bool, std::vector<std::unique_ptr<llama_mlock, std::default_delete<llama_mlock> >, std::allocator<std::unique_ptr<llama_mlock, std::default_delete<llama_mlock> > > >*) [clone .cold]",llama_api,L2_304,0000000000417b9c
"llama_model_loader::load_all_data(ggml_context*, std::unordered_map<unsigned int, ggml_backend_buffer*, std::hash<unsigned int>, std::equal_to<unsigned int>, std::allocator<std::pair<unsigned int const, ggml_backend_buffer*> > >&, std::vector<std::unique_ptr<llama_mlock, std::default_delete<llama_mlock> >, std::allocator<std::unique_ptr<llama_mlock, std::default_delete<llama_mlock> > > >*, bool (*)(float, void*), void*)","llama_model_loader::load_all_data(ggml_context*, std::unordered_map<unsigned int, ggml_backend_buffer*, std::hash<unsigned int>, std::equal_to<unsigned int>, std::allocator<std::pair<unsigned int const, ggml_backend_buffer*> > >&, std::vector<std::unique_ptr<llama_mlock, std::default_delete<llama_mlock> >, std::allocator<std::unique_ptr<llama_mlock, std::default_delete<llama_mlock> > > >*, bool (*)(float, void*), void*)",llama_api,L2_307,0000000001926d90
"llama_model_loader::load_all_data(ggml_context*, std::unordered_map<unsigned int, ggml_backend_buffer*, std::hash<unsigned int>, std::equal_to<unsigned int>, std::allocator<std::pair<unsigned int const, ggml_backend_buffer*> > >&, std::vector<std::unique_ptr<llama_mlock, std::default_delete<llama_mlock> >, std::allocator<std::unique_ptr<llama_mlock, std::default_delete<llama_mlock> > > >*, bool (*)(float, void*), void*) [clone .cold]","llama_model_loader::load_all_data(ggml_context*, std::unordered_map<unsigned int, ggml_backend_buffer*, std::hash<unsigned int>, std::equal_to<unsigned int>, std::allocator<std::pair<unsigned int const, ggml_backend_buffer*> > >&, std::vector<std::unique_ptr<llama_mlock, std::default_delete<llama_mlock> >, std::allocator<std::unique_ptr<llama_mlock, std::default_delete<llama_mlock> > > >*, bool (*)(float, void*), void*) [clone .cold]",llama_api,L2_308,0000000000418d58
"llama_model_loader::create_tensor_as_view(ggml_context*, ggml_tensor*, std::__cxx11::basic_string<char, std::char_traits<char>, std::allocator<char> > const&, std::initializer_list<long> const&, unsigned long, bool)","llama_model_loader::create_tensor_as_view(ggml_context*, ggml_tensor*, std::__cxx11::basic_string<char, std::char_traits<char>, std::allocator<char> > const&, std::initializer_list<long> const&, unsigned long, bool)",llama_api,L2_291,00000000019245c0
"llama_model_loader::create_tensor_as_view(ggml_context*, ggml_tensor*, std::__cxx11::basic_string<char, std::char_traits<char>, std::allocator<char> > const&, std::initializer_list<long> const&, unsigned long, bool) [clone .cold]","llama_model_loader::create_tensor_as_view(ggml_context*, ggml_tensor*, std::__cxx11::basic_string<char, std::char_traits<char>, std::allocator<char> > const&, std::initializer_list<long> const&, unsigned long, bool) [clone .cold]",llama_api,L2_292,0000000000417f94
"bool llama_model_loader::get_key<llama_pooling_type>(llm_kv, llama_pooling_type&, bool)","bool llama_model_loader::get_key<llama_pooling_type>(llm_kv, llama_pooling_type&, bool)",ggml_ops,L6_008,0000000001926cf0
"bool llama_model_loader::get_key<llama_pooling_type>(llm_kv, llama_pooling_type&, bool) [clone .cold]","bool llama_model_loader::get_key<llama_pooling_type>(llm_kv, llama_pooling_type&, bool) [clone .cold]",ggml_ops,L6_009,0000000000418d30
"bool llama_model_loader::get_key<unsigned short>(std::__cxx11::basic_string<char, std::char_traits<char>, std::allocator<char> > const&, unsigned short&, bool) [clone .isra.0]","bool llama_model_loader::get_key<unsigned short>(std::__cxx11::basic_string<char, std::char_traits<char>, std::allocator<char> > const&, unsigned short&, bool) [clone .isra.0]",ggml_ops,L6_010,00000000019248f0
"bool llama_model_loader::get_key<unsigned short>(std::__cxx11::basic_string<char, std::char_traits<char>, std::allocator<char> > const&, unsigned short&, bool) [clone .isra.0] [clone .cold]","bool llama_model_loader::get_key<unsigned short>(std::__cxx11::basic_string<char, std::char_traits<char>, std::allocator<char> > const&, unsigned short&, bool) [clone .isra.0] [clone .cold]",ggml_ops,L6_011,0000000000418130
"llama_model_loader::llama_model_loader(std::__cxx11::basic_string<char, std::char_traits<char>, std::allocator<char> > const&, std::vector<std::__cxx11::basic_string<char, std::char_traits<char>, std::allocator<char> >, std::allocator<std::__cxx11::basic_string<char, std::char_traits<char>, std::allocator<char> > > >&, bool, bool, llama_model_kv_override const*)","llama_model_loader::llama_model_loader(std::__cxx11::basic_string<char, std::char_traits<char>, std::allocator<char> > const&, std::vector<std::__cxx11::basic_string<char, std::char_traits<char>, std::allocator<char> >, std::allocator<std::__cxx11::basic_string<char, std::char_traits<char>, std::allocator<char> > > >&, bool, bool, llama_model_kv_override const*)",llama_api,L2_305,00000000019249d0
"llama_model_loader::llama_model_loader(std::__cxx11::basic_string<char, std::char_traits<char>, std::allocator<char> > const&, std::vector<std::__cxx11::basic_string<char, std::char_traits<char>, std::allocator<char> >, std::allocator<std::__cxx11::basic_string<char, std::char_traits<char>, std::allocator<char> > > >&, bool, bool, llama_model_kv_override const*) [clone .cold]","llama_model_loader::llama_model_loader(std::__cxx11::basic_string<char, std::char_traits<char>, std::allocator<char> > const&, std::vector<std::__cxx11::basic_string<char, std::char_traits<char>, std::allocator<char> >, std::allocator<std::__cxx11::basic_string<char, std::char_traits<char>, std::allocator<char> > > >&, bool, bool, llama_model_kv_override const*) [clone .cold]",llama_api,L2_306,0000000000418286
llama_grammar_parser::parse_rule(char const*),llama_grammar_parser::parse_rule(char const*),llama_api,L2_169,0000000001915e20
llama_grammar_parser::parse_rule(char const*) [clone .cold],llama_grammar_parser::parse_rule(char const*) [clone .cold],llama_api,L2_170,0000000000415f42
"llama_grammar_parser::get_symbol_id(char const*, unsigned long)","llama_grammar_parser::get_symbol_id(char const*, unsigned long)",llama_api,L2_163,0000000001912bd0
"llama_grammar_parser::get_symbol_id(char const*, unsigned long) [clone .cold]","llama_grammar_parser::get_symbol_id(char const*, unsigned long) [clone .cold]",llama_api,L2_164,0000000000414b1c
"llama_grammar_parser::parse_sequence(char const*, std::__cxx11::basic_string<char, std::char_traits<char>, std::allocator<char> > const&, std::vector<llama_grammar_element, std::allocator<llama_grammar_element> >&, bool)","llama_grammar_parser::parse_sequence(char const*, std::__cxx11::basic_string<char, std::char_traits<char>, std::allocator<char> > const&, std::vector<llama_grammar_element, std::allocator<llama_grammar_element> >&, bool)",llama_api,L2_171,0000000001915450
"llama_grammar_parser::parse_sequence(char const*, std::__cxx11::basic_string<char, std::char_traits<char>, std::allocator<char> > const&, std::vector<llama_grammar_element, std::allocator<llama_grammar_element> >&, bool) [clone .cold]","llama_grammar_parser::parse_sequence(char const*, std::__cxx11::basic_string<char, std::char_traits<char>, std::allocator<char> > const&, std::vector<llama_grammar_element, std::allocator<llama_grammar_element> >&, bool) [clone .cold]",llama_api,L2_172,000000000041596e
"llama_grammar_parser::parse_alternates(char const*, std::__cxx11::basic_string<char, std::char_traits<char>, std::allocator<char> > const&, unsigned int, bool)","llama_grammar_parser::parse_alternates(char const*, std::__cxx11::basic_string<char, std::char_traits<char>, std::allocator<char> > const&, unsigned int, bool)",llama_api,L2_167,0000000001915cd0
"llama_grammar_parser::parse_alternates(char const*, std::__cxx11::basic_string<char, std::char_traits<char>, std::allocator<char> > const&, unsigned int, bool) [clone .cold]","llama_grammar_parser::parse_alternates(char const*, std::__cxx11::basic_string<char, std::char_traits<char>, std::allocator<char> > const&, unsigned int, bool) [clone .cold]",llama_api,L2_168,0000000000415f1a
"llama_grammar_parser::generate_symbol_id(std::__cxx11::basic_string<char, std::char_traits<char>, std::allocator<char> > const&)","llama_grammar_parser::generate_symbol_id(std::__cxx11::basic_string<char, std::char_traits<char>, std::allocator<char> > const&)",llama_api,L2_161,0000000001913120
"llama_grammar_parser::generate_symbol_id(std::__cxx11::basic_string<char, std::char_traits<char>, std::allocator<char> > const&) [clone .cold]","llama_grammar_parser::generate_symbol_id(std::__cxx11::basic_string<char, std::char_traits<char>, std::allocator<char> > const&) [clone .cold]",llama_api,L2_162,0000000000414b64
llama_grammar_parser::parse(char const*),llama_grammar_parser::parse(char const*),llama_api,L2_165,0000000001915f80
llama_grammar_parser::parse(char const*) [clone .cold],llama_grammar_parser::parse(char const*) [clone .cold],llama_api,L2_166,00000000004160e8
llama_grammar_parser::print(_IO_FILE*),llama_grammar_parser::print(_IO_FILE*),llama_api,L2_175,0000000001913f80
llama_grammar_parser::print(_IO_FILE*) [clone .cold],llama_grammar_parser::print(_IO_FILE*) [clone .cold],llama_api,L2_176,00000000004155f6
"llama_grammar_parser::add_rule(unsigned int, std::vector<llama_grammar_element, std::allocator<llama_grammar_element> > const&)","llama_grammar_parser::add_rule(unsigned int, std::vector<llama_grammar_element, std::allocator<llama_grammar_element> > const&)",llama_api,L2_158,00000000019142b0
ggml::cpu::tensor_traits::~tensor_traits(),ggml::cpu::tensor_traits::~tensor_traits(),ggml_ops,L6_024,0000000001a52520
ggml::cpu::extra_buffer_type::~extra_buffer_type(),ggml::cpu::extra_buffer_type::~extra_buffer_type(),memory,L8_001,0000000001a52560
"void ggml::cpu::aarch64::gemm<block_q4_0, 4l, 4l>(int, float*, unsigned long, void const*, void const*, int, int)","void ggml::cpu::aarch64::gemm<block_q4_0, 4l, 4l>(int, float*, unsigned long, void const*, void const*, int, int)",ggml_ops,L6_2971,0000000001a4d410
"void ggml::cpu::aarch64::gemm<block_q4_0, 4l, 4l>(int, float*, unsigned long, void const*, void const*, int, int) [clone .cold]","void ggml::cpu::aarch64::gemm<block_q4_0, 4l, 4l>(int, float*, unsigned long, void const*, void const*, int, int) [clone .cold]",ggml_ops,L6_2972,00000000004222b7
"void ggml::cpu::aarch64::gemm<block_q4_0, 8l, 4l>(int, float*, unsigned long, void const*, void const*, int, int)","void ggml::cpu::aarch64::gemm<block_q4_0, 8l, 4l>(int, float*, unsigned long, void const*, void const*, int, int)",ggml_ops,L6_2973,0000000001a4d780
"void ggml::cpu::aarch64::gemm<block_q4_0, 8l, 4l>(int, float*, unsigned long, void const*, void const*, int, int) [clone .cold]","void ggml::cpu::aarch64::gemm<block_q4_0, 8l, 4l>(int, float*, unsigned long, void const*, void const*, int, int) [clone .cold]",ggml_ops,L6_2974,0000000000422314
"void ggml::cpu::aarch64::gemm<block_q4_0, 8l, 8l>(int, float*, unsigned long, void const*, void const*, int, int)","void ggml::cpu::aarch64::gemm<block_q4_0, 8l, 8l>(int, float*, unsigned long, void const*, void const*, int, int)",ggml_ops,L6_2975,0000000001a4dbc0
"void ggml::cpu::aarch64::gemm<block_q4_0, 8l, 8l>(int, float*, unsigned long, void const*, void const*, int, int) [clone .cold]","void ggml::cpu::aarch64::gemm<block_q4_0, 8l, 8l>(int, float*, unsigned long, void const*, void const*, int, int) [clone .cold]",ggml_ops,L6_2976,0000000000422371
"void ggml::cpu::aarch64::gemm<block_iq4_nl, 4l, 4l>(int, float*, unsigned long, void const*, void const*, int, int)","void ggml::cpu::aarch64::gemm<block_iq4_nl, 4l, 4l>(int, float*, unsigned long, void const*, void const*, int, int)",ggml_ops,L6_2969,0000000001a4dfe0
"void ggml::cpu::aarch64::gemm<block_iq4_nl, 4l, 4l>(int, float*, unsigned long, void const*, void const*, int, int) [clone .cold]","void ggml::cpu::aarch64::gemm<block_iq4_nl, 4l, 4l>(int, float*, unsigned long, void const*, void const*, int, int) [clone .cold]",ggml_ops,L6_2970,00000000004223ce
"void ggml::cpu::aarch64::gemv<block_q4_0, 4l, 4l>(int, float*, unsigned long, void const*, void const*, int, int)","void ggml::cpu::aarch64::gemv<block_q4_0, 4l, 4l>(int, float*, unsigned long, void const*, void const*, int, int)",ggml_ops,L6_2979,0000000001a4c970
"void ggml::cpu::aarch64::gemv<block_q4_0, 4l, 4l>(int, float*, unsigned long, void const*, void const*, int, int) [clone .cold]","void ggml::cpu::aarch64::gemv<block_q4_0, 4l, 4l>(int, float*, unsigned long, void const*, void const*, int, int) [clone .cold]",ggml_ops,L6_2980,00000000004221bf
"void ggml::cpu::aarch64::gemv<block_q4_0, 8l, 4l>(int, float*, unsigned long, void const*, void const*, int, int)","void ggml::cpu::aarch64::gemv<block_q4_0, 8l, 4l>(int, float*, unsigned long, void const*, void const*, int, int)",ggml_ops,L6_2981,0000000001a4cba0
"void ggml::cpu::aarch64::gemv<block_q4_0, 8l, 4l>(int, float*, unsigned long, void const*, void const*, int, int) [clone .cold]","void ggml::cpu::aarch64::gemv<block_q4_0, 8l, 4l>(int, float*, unsigned long, void const*, void const*, int, int) [clone .cold]",ggml_ops,L6_2982,00000000004221fd
"void ggml::cpu::aarch64::gemv<block_q4_0, 8l, 8l>(int, float*, unsigned long, void const*, void const*, int, int)","void ggml::cpu::aarch64::gemv<block_q4_0, 8l, 8l>(int, float*, unsigned long, void const*, void const*, int, int)",ggml_ops,L6_2983,0000000001a4ceb0
"void ggml::cpu::aarch64::gemv<block_q4_0, 8l, 8l>(int, float*, unsigned long, void const*, void const*, int, int) [clone .cold]","void ggml::cpu::aarch64::gemv<block_q4_0, 8l, 8l>(int, float*, unsigned long, void const*, void const*, int, int) [clone .cold]",ggml_ops,L6_2984,000000000042223b
"void ggml::cpu::aarch64::gemv<block_iq4_nl, 4l, 4l>(int, float*, unsigned long, void const*, void const*, int, int)","void ggml::cpu::aarch64::gemv<block_iq4_nl, 4l, 4l>(int, float*, unsigned long, void const*, void const*, int, int)",ggml_ops,L6_2977,0000000001a4d1e0
"void ggml::cpu::aarch64::gemv<block_iq4_nl, 4l, 4l>(int, float*, unsigned long, void const*, void const*, int, int) [clone .cold]","void ggml::cpu::aarch64::gemv<block_iq4_nl, 4l, 4l>(int, float*, unsigned long, void const*, void const*, int, int) [clone .cold]",ggml_ops,L6_2978,0000000000422279
"int ggml::cpu::aarch64::repack<block_q4_0, 4l, 4l>(ggml_tensor*, void const*, unsigned long)","int ggml::cpu::aarch64::repack<block_q4_0, 4l, 4l>(ggml_tensor*, void const*, unsigned long)",ggml_ops,L6_2532,0000000001a4c6b0
"int ggml::cpu::aarch64::repack<block_q4_0, 8l, 4l>(ggml_tensor*, void const*, unsigned long)","int ggml::cpu::aarch64::repack<block_q4_0, 8l, 4l>(ggml_tensor*, void const*, unsigned long)",ggml_ops,L6_2533,0000000001a4c6c0
"int ggml::cpu::aarch64::repack<block_q4_0, 8l, 8l>(ggml_tensor*, void const*, unsigned long)","int ggml::cpu::aarch64::repack<block_q4_0, 8l, 8l>(ggml_tensor*, void const*, unsigned long)",ggml_ops,L6_2534,0000000001a4c6d0
"int ggml::cpu::aarch64::repack<block_iq4_nl, 4l, 4l>(ggml_tensor*, void const*, unsigned long)","int ggml::cpu::aarch64::repack<block_iq4_nl, 4l, 4l>(ggml_tensor*, void const*, unsigned long)",ggml_ops,L6_2531,0000000001a4c6e0
"llama_file::seek(unsigned long, int) const","llama_file::seek(unsigned long, int) const",llama_api,L2_116,000000000191ff70
"llama_file::seek(unsigned long, int) const [clone .cold]","llama_file::seek(unsigned long, int) const [clone .cold]",llama_api,L2_117,0000000000417102
llama_file::size() const,llama_file::size() const,llama_api,L2_118,000000000191ff50
llama_file::tell() const,llama_file::tell() const,llama_api,L2_119,000000000191ff00
llama_file::tell() const [clone .cold],llama_file::tell() const [clone .cold],llama_api,L2_120,0000000000417052
llama_file::file_id() const,llama_file::file_id() const,llama_api,L2_109,000000000191ff60
"llama_file::read_raw(void*, unsigned long) const","llama_file::read_raw(void*, unsigned long) const",llama_api,L2_112,000000000191ffc0
"llama_file::read_raw(void*, unsigned long) const [clone .cold]","llama_file::read_raw(void*, unsigned long) const [clone .cold]",llama_api,L2_113,00000000004171b2
llama_file::read_u32() const,llama_file::read_u32() const,llama_api,L2_114,0000000001920060
llama_file::read_u32() const [clone .cold],llama_file::read_u32() const [clone .cold],llama_api,L2_115,00000000004172ca
"llama_file::write_raw(void const*, unsigned long) const","llama_file::write_raw(void const*, unsigned long) const",llama_api,L2_121,00000000019200e0
"llama_file::write_raw(void const*, unsigned long) const [clone .cold]","llama_file::write_raw(void const*, unsigned long) const [clone .cold]",llama_api,L2_122,00000000004173da
llama_file::write_u32(unsigned int) const,llama_file::write_u32(unsigned int) const,llama_api,L2_123,0000000001920170
llama_file::write_u32(unsigned int) const [clone .cold],llama_file::write_u32(unsigned int) const [clone .cold],llama_api,L2_124,0000000000417486
llama_mmap::addr() const,llama_mmap::addr() const,memory,L8_032,00000000019202b0
llama_mmap::size() const,llama_mmap::size() const,memory,L8_035,00000000019202a0
llama_model::dev_output() const,llama_model::dev_output() const,llama_api,L2_241,0000000001931660
llama_model::get_tensor(char const*) const,llama_model::get_tensor(char const*) const,llama_api,L2_242,0000000001931820
llama_model::n_elements() const,llama_model::n_elements() const,llama_api,L2_259,0000000001931610
llama_model::print_info() const,llama_model::print_info() const,llama_api,L2_260,0000000001932ad0
llama_model::print_info() const [clone .cold],llama_model::print_info() const [clone .cold],llama_api,L2_261,0000000000419dae
llama_model::select_buft(int) const,llama_model::select_buft(int) const,llama_api,L2_264,0000000001931670
llama_model::select_buft(int) const [clone .cold],llama_model::select_buft(int) const [clone .cold],llama_api,L2_265,0000000000419a8c
llama_model::desc[abi:cxx11]() const,llama_model::desc[abi:cxx11]() const,llama_api,L2_238,0000000001931320
llama_model::size() const,llama_model::size() const,llama_api,L2_266,00000000019313f0
llama_model::arch_name[abi:cxx11]() const,llama_model::arch_name[abi:cxx11]() const,llama_api,L2_236,0000000001931160
llama_model::arch_name[abi:cxx11]() const [clone .cold],llama_model::arch_name[abi:cxx11]() const [clone .cold],llama_api,L2_237,0000000000419a1e
llama_model::dev_layer(int) const,llama_model::dev_layer(int) const,llama_api,L2_239,0000000001931620
llama_model::dev_layer(int) const [clone .cold],llama_model::dev_layer(int) const [clone .cold],llama_api,L2_240,0000000000419a7c
llama_model::max_nodes() const,llama_model::max_nodes() const,llama_api,L2_257,0000000001931400
llama_model::n_devices() const,llama_model::n_devices() const,llama_api,L2_258,0000000001931420
llama_model::type_name[abi:cxx11]() const,llama_model::type_name[abi:cxx11]() const,llama_api,L2_267,0000000001931240
llama_model::type_name[abi:cxx11]() const [clone .cold],llama_model::type_name[abi:cxx11]() const [clone .cold],llama_api,L2_268,0000000000419a40
"llama_vocab::detokenize[abi:cxx11](std::vector<int, std::allocator<int> > const&, bool) const","llama_vocab::detokenize[abi:cxx11](std::vector<int, std::allocator<int> > const&, bool) const",batch_sampler,L3_208,0000000001969a30
"llama_vocab::detokenize[abi:cxx11](std::vector<int, std::allocator<int> > const&, bool) const [clone .cold]","llama_vocab::detokenize[abi:cxx11](std::vector<int, std::allocator<int> > const&, bool) const [clone .cold]",batch_sampler,L3_209,000000000041c8d0
"llama_vocab::detokenize(int const*, int, char*, int, bool, bool) const","llama_vocab::detokenize(int const*, int, char*, int, bool, bool) const",batch_sampler,L3_207,0000000001969a10
llama_vocab::is_control(int) const,llama_vocab::is_control(int) const,vocab,L7_228,0000000001968340
llama_vocab::is_unknown(int) const,llama_vocab::is_unknown(int) const,vocab,L7_231,0000000001968330
llama_vocab::print_info() const,llama_vocab::print_info() const,vocab,L7_235,00000000019686b0
llama_vocab::get_add_bos() const,llama_vocab::get_add_bos() const,vocab,L7_206,0000000001968620
llama_vocab::get_add_eos() const,llama_vocab::get_add_eos() const,vocab,L7_207,0000000001968630
llama_vocab::get_pre_type() const,llama_vocab::get_pre_type() const,vocab,L7_212,0000000001967de0
llama_vocab::token_middle() const,llama_vocab::token_middle() const,batch_sampler,L3_248,0000000001968590
llama_vocab::token_prefix() const,llama_vocab::token_prefix() const,batch_sampler,L3_251,0000000001968580
llama_vocab::token_suffix() const,llama_vocab::token_suffix() const,batch_sampler,L3_253,00000000019685a0
llama_vocab::byte_to_token(unsigned char) const,llama_vocab::byte_to_token(unsigned char) const,batch_sampler,L3_205,00000000019689c0
llama_vocab::byte_to_token(unsigned char) const [clone .cold],llama_vocab::byte_to_token(unsigned char) const [clone .cold],batch_sampler,L3_206,000000000041c5ee
"llama_vocab::find_bpe_rank(std::__cxx11::basic_string<char, std::char_traits<char>, std::allocator<char> > const&, std::__cxx11::basic_string<char, std::char_traits<char>, std::allocator<char> > const&) const","llama_vocab::find_bpe_rank(std::__cxx11::basic_string<char, std::char_traits<char>, std::allocator<char> > const&, std::__cxx11::basic_string<char, std::char_traits<char>, std::allocator<char> > const&) const",vocab,L7_204,0000000001969c50
"llama_vocab::find_bpe_rank(std::__cxx11::basic_string<char, std::char_traits<char>, std::allocator<char> > const&, std::__cxx11::basic_string<char, std::char_traits<char>, std::allocator<char> > const&) const [clone .cold]","llama_vocab::find_bpe_rank(std::__cxx11::basic_string<char, std::char_traits<char>, std::allocator<char> > const&, std::__cxx11::basic_string<char, std::char_traits<char>, std::allocator<char> > const&) const [clone .cold]",vocab,L7_205,000000000041c8f0
llama_vocab::max_token_len() const,llama_vocab::max_token_len() const,batch_sampler,L3_229,0000000001968690
llama_vocab::n_token_types() const,llama_vocab::n_token_types() const,batch_sampler,L3_230,00000000019682d0
"llama_vocab::text_to_token(std::__cxx11::basic_string<char, std::char_traits<char>, std::allocator<char> > const&) const","llama_vocab::text_to_token(std::__cxx11::basic_string<char, std::char_traits<char>, std::allocator<char> > const&) const",batch_sampler,L3_232,0000000001968970
llama_vocab::token_fim_mid() const,llama_vocab::token_fim_mid() const,batch_sampler,L3_237,00000000019685d0
llama_vocab::token_fim_pad() const,llama_vocab::token_fim_pad() const,batch_sampler,L3_238,00000000019685e0
llama_vocab::token_fim_pre() const,llama_vocab::token_fim_pre() const,batch_sampler,L3_239,00000000019685b0
llama_vocab::token_fim_rep() const,llama_vocab::token_fim_rep() const,batch_sampler,L3_240,00000000019685f0
llama_vocab::token_fim_sep() const,llama_vocab::token_fim_sep() const,batch_sampler,L3_241,0000000001968600
llama_vocab::token_fim_suf() const,llama_vocab::token_fim_suf() const,batch_sampler,L3_242,00000000019685c0
llama_vocab::token_to_byte(int) const,llama_vocab::token_to_byte(int) const,batch_sampler,L3_254,0000000001968390
llama_vocab::get_token_data(int) const,llama_vocab::get_token_data(int) const,batch_sampler,L3_210,00000000019683a0
llama_vocab::get_token_data(int) const [clone .cold],llama_vocab::get_token_data(int) const [clone .cold],batch_sampler,L3_211,000000000041c5c4
llama_vocab::token_get_attr(int) const,llama_vocab::token_get_attr(int) const,batch_sampler,L3_243,00000000019684f0
llama_vocab::token_get_text(int) const,llama_vocab::token_get_text(int) const,batch_sampler,L3_246,0000000001968410
llama_vocab::token_get_text(int) const [clone .cold],llama_vocab::token_get_text(int) const [clone .cold],batch_sampler,L3_247,000000000041c5d2
llama_vocab::token_to_piece[abi:cxx11](int) const,llama_vocab::token_to_piece[abi:cxx11](int) const,batch_sampler,L3_256,00000000019686a0
"llama_vocab::token_to_piece(int, char*, int, int, bool) const","llama_vocab::token_to_piece(int, char*, int, int, bool) const",batch_sampler,L3_255,0000000001969b60
llama_vocab::is_user_defined(int) const,llama_vocab::is_user_defined(int) const,vocab,L7_233,0000000001968360
llama_vocab::token_get_score(int) const,llama_vocab::token_get_score(int) const,batch_sampler,L3_244,0000000001968480
llama_vocab::token_get_score(int) const [clone .cold],llama_vocab::token_get_score(int) const [clone .cold],batch_sampler,L3_245,000000000041c5e0
llama_vocab::get_clean_spaces() const,llama_vocab::get_clean_spaces() const,vocab,L7_209,0000000001968650
llama_vocab::get_ignore_merges() const,llama_vocab::get_ignore_merges() const,vocab,L7_211,0000000001968640
llama_vocab::get_add_space_prefix() const,llama_vocab::get_add_space_prefix() const,vocab,L7_208,0000000001968610
llama_vocab::get_escape_whitespaces() const,llama_vocab::get_escape_whitespaces() const,vocab,L7_210,0000000001968670
llama_vocab::get_remove_extra_whitespaces() const,llama_vocab::get_remove_extra_whitespaces() const,vocab,L7_213,0000000001968660
llama_vocab::get_treat_whitespace_as_suffix() const,llama_vocab::get_treat_whitespace_as_suffix() const,vocab,L7_214,0000000001968680
"llama_vocab::impl::detokenize(int const*, int, char*, int, bool, bool) const","llama_vocab::impl::detokenize(int const*, int, char*, int, bool, bool) const",batch_sampler,L3_212,00000000019695e0
llama_vocab::impl::is_control(int) const,llama_vocab::impl::is_control(int) const,vocab,L7_218,00000000019675c0
llama_vocab::impl::is_unknown(int) const,llama_vocab::impl::is_unknown(int) const,vocab,L7_221,0000000001967570
llama_vocab::impl::print_info() const,llama_vocab::impl::print_info() const,vocab,L7_224,0000000001967e10
llama_vocab::impl::print_info() const [clone .cold],llama_vocab::impl::print_info() const [clone .cold],vocab,L7_225,000000000041c59e
llama_vocab::impl::token_to_byte(int) const,llama_vocab::impl::token_to_byte(int) const,batch_sampler,L3_217,0000000001967760
llama_vocab::impl::token_to_byte(int) const [clone .cold],llama_vocab::impl::token_to_byte(int) const [clone .cold],batch_sampler,L3_218,000000000041c52c
llama_vocab::impl::token_get_attr(int) const,llama_vocab::impl::token_get_attr(int) const,batch_sampler,L3_215,0000000001967970
llama_vocab::impl::token_get_attr(int) const [clone .cold],llama_vocab::impl::token_get_attr(int) const [clone .cold],batch_sampler,L3_216,000000000041c580
llama_vocab::impl::token_to_piece[abi:cxx11](int) const,llama_vocab::impl::token_to_piece[abi:cxx11](int) const,batch_sampler,L3_221,00000000019679e0
llama_vocab::impl::token_to_piece[abi:cxx11](int) const [clone .cold],llama_vocab::impl::token_to_piece[abi:cxx11](int) const [clone .cold],batch_sampler,L3_222,000000000041c58e
"llama_vocab::impl::token_to_piece(int, char*, int, int, bool) const","llama_vocab::impl::token_to_piece(int, char*, int, int, bool) const",batch_sampler,L3_219,0000000001968f90
"llama_vocab::impl::token_to_piece(int, char*, int, int, bool) const [clone .cold]","llama_vocab::impl::token_to_piece(int, char*, int, int, bool) const [clone .cold]",batch_sampler,L3_220,000000000041c6c0
llama_vocab::impl::is_user_defined(int) const,llama_vocab::impl::is_user_defined(int) const,vocab,L7_223,0000000001967660
"llama_vocab::impl::tokenizer_st_partition(std::forward_list<fragment_buffer_variant, std::allocator<fragment_buffer_variant> >&, bool) const","llama_vocab::impl::tokenizer_st_partition(std::forward_list<fragment_buffer_variant, std::allocator<fragment_buffer_variant> >&, bool) const",batch_sampler,L3_227,0000000001969e70
"llama_vocab::impl::tokenizer_st_partition(std::forward_list<fragment_buffer_variant, std::allocator<fragment_buffer_variant> >&, bool) const [clone .cold]","llama_vocab::impl::tokenizer_st_partition(std::forward_list<fragment_buffer_variant, std::allocator<fragment_buffer_variant> >&, bool) const [clone .cold]",batch_sampler,L3_228,000000000041c918
"llama_vocab::impl::token_to_piece_for_cache[abi:cxx11](int, bool) const","llama_vocab::impl::token_to_piece_for_cache[abi:cxx11](int, bool) const",batch_sampler,L3_223,0000000001969b70
"llama_vocab::impl::token_to_piece_for_cache[abi:cxx11](int, bool) const [clone .cold]","llama_vocab::impl::token_to_piece_for_cache[abi:cxx11](int, bool) const [clone .cold]",batch_sampler,L3_224,000000000041c8e0
llama_vocab::impl::is_eog(int) const,llama_vocab::impl::is_eog(int) const,vocab,L7_219,0000000001967700
llama_vocab::impl::is_byte(int) const,llama_vocab::impl::is_byte(int) const,vocab,L7_217,0000000001967610
llama_vocab::impl::get_type() const,llama_vocab::impl::get_type() const,vocab,L7_216,00000000019673e0
"llama_vocab::impl::tokenize(std::__cxx11::basic_string<char, std::char_traits<char>, std::allocator<char> > const&, bool, bool) const","llama_vocab::impl::tokenize(std::__cxx11::basic_string<char, std::char_traits<char>, std::allocator<char> > const&, bool, bool) const",batch_sampler,L3_225,000000000196a760
"llama_vocab::impl::tokenize(std::__cxx11::basic_string<char, std::char_traits<char>, std::allocator<char> > const&, bool, bool) const [clone .cold]","llama_vocab::impl::tokenize(std::__cxx11::basic_string<char, std::char_traits<char>, std::allocator<char> > const&, bool, bool) const [clone .cold]",batch_sampler,L3_226,000000000041c9d4
llama_vocab::impl::is_normal(int) const,llama_vocab::impl::is_normal(int) const,vocab,L7_220,0000000001967520
llama_vocab::impl::is_unused(int) const,llama_vocab::impl::is_unused(int) const,vocab,L7_222,00000000019676b0
llama_vocab::impl::type_name[abi:cxx11]() const,llama_vocab::impl::type_name[abi:cxx11]() const,vocab,L7_226,00000000019673f0
llama_vocab::is_eog(int) const,llama_vocab::is_eog(int) const,vocab,L7_229,0000000001968380
llama_vocab::is_byte(int) const,llama_vocab::is_byte(int) const,vocab,L7_227,0000000001968350
llama_vocab::get_type() const,llama_vocab::get_type() const,vocab,L7_215,0000000001967dd0
llama_vocab::n_tokens() const,llama_vocab::n_tokens() const,batch_sampler,L3_231,0000000001967df0
"llama_vocab::tokenize(char const*, int, int*, int, bool, bool) const","llama_vocab::tokenize(char const*, int, int*, int, bool, bool) const",batch_sampler,L3_258,000000000196bab0
"llama_vocab::tokenize(char const*, int, int*, int, bool, bool) const [clone .cold]","llama_vocab::tokenize(char const*, int, int*, int, bool, bool) const [clone .cold]",batch_sampler,L3_259,000000000041cd3c
"llama_vocab::tokenize(std::__cxx11::basic_string<char, std::char_traits<char>, std::allocator<char> > const&, bool, bool) const","llama_vocab::tokenize(std::__cxx11::basic_string<char, std::char_traits<char>, std::allocator<char> > const&, bool, bool) const",batch_sampler,L3_260,000000000196ba60
llama_vocab::token_nl() const,llama_vocab::token_nl() const,batch_sampler,L3_249,0000000001968560
llama_vocab::is_normal(int) const,llama_vocab::is_normal(int) const,vocab,L7_230,0000000001968320
llama_vocab::is_unused(int) const,llama_vocab::is_unused(int) const,vocab,L7_232,0000000001968370
llama_vocab::token_bos() const,llama_vocab::token_bos() const,batch_sampler,L3_233,0000000001968500
llama_vocab::token_eom() const,llama_vocab::token_eom() const,batch_sampler,L3_234,0000000001968530
llama_vocab::token_eos() const,llama_vocab::token_eos() const,batch_sampler,L3_235,0000000001968510
llama_vocab::token_eot() const,llama_vocab::token_eot() const,batch_sampler,L3_236,0000000001968520
llama_vocab::token_pad() const,llama_vocab::token_pad() const,batch_sampler,L3_250,0000000001968570
llama_vocab::token_sep() const,llama_vocab::token_sep() const,batch_sampler,L3_252,0000000001968550
llama_vocab::token_unk() const,llama_vocab::token_unk() const,batch_sampler,L3_257,0000000001968540
llama_vocab::type_name[abi:cxx11]() const,llama_vocab::type_name[abi:cxx11]() const,vocab,L7_236,00000000019682e0
llama_hparams::n_embd_k_s() const,llama_hparams::n_embd_k_s() const,llama_api,L2_185,000000000191aa70
llama_hparams::n_embd_v_s() const,llama_hparams::n_embd_v_s() const,llama_api,L2_187,000000000191aaa0
llama_hparams::n_embd_k_gqa(unsigned int) const,llama_hparams::n_embd_k_gqa(unsigned int) const,llama_api,L2_184,000000000191aa50
llama_hparams::n_embd_v_gqa(unsigned int) const,llama_hparams::n_embd_v_gqa(unsigned int) const,llama_api,L2_186,000000000191aa60
llama_hparams::cross_attention_layers(unsigned int) const,llama_hparams::cross_attention_layers(unsigned int) const,llama_api,L2_182,000000000191ab10
llama_hparams::n_ff(unsigned int) const,llama_hparams::n_ff(unsigned int) const,llama_api,L2_188,000000000191a9e0
llama_hparams::n_gqa(unsigned int) const,llama_hparams::n_gqa(unsigned int) const,llama_api,L2_189,000000000191aa10
llama_hparams::n_head(unsigned int) const,llama_hparams::n_head(unsigned int) const,llama_api,L2_190,000000000191a980
"llama_hparams::n_bskcn(unsigned int, unsigned int) const","llama_hparams::n_bskcn(unsigned int, unsigned int) const",llama_api,L2_183,000000000191aad0
llama_hparams::n_head_kv(unsigned int) const,llama_hparams::n_head_kv(unsigned int) const,llama_api,L2_191,000000000191a9b0
llama_adapter_cvec::tensor_for(int) const,llama_adapter_cvec::tensor_for(int) const,llama_api,L2_090,00000000018fe1e0
"llama_adapter_cvec::apply_to(ggml_context*, ggml_tensor*, int) const","llama_adapter_cvec::apply_to(ggml_context*, ggml_tensor*, int) const",llama_api,L2_087,00000000018fe220
llama_model_loader::ftype_name[abi:cxx11]() const,llama_model_loader::ftype_name[abi:cxx11]() const,llama_api,L2_295,0000000001924060
llama_model_loader::get_weight(char const*) const,llama_model_loader::get_weight(char const*) const,llama_api,L2_301,0000000001923290
llama_model_loader::get_weight(char const*) const [clone .cold],llama_model_loader::get_weight(char const*) const [clone .cold],llama_api,L2_302,00000000004177cc
llama_model_loader::print_info() const,llama_model_loader::print_info() const,llama_api,L2_311,00000000019240a0
llama_model_loader::print_info() const [clone .cold],llama_model_loader::print_info() const [clone .cold],llama_api,L2_312,0000000000417cee
llama_model_loader::get_arch_name[abi:cxx11]() const,llama_model_loader::get_arch_name[abi:cxx11]() const,llama_api,L2_297,00000000019231b0
llama_model_loader::load_data_for(ggml_tensor*) const,llama_model_loader::load_data_for(ggml_tensor*) const,llama_api,L2_309,0000000001923e70
llama_model_loader::load_data_for(ggml_tensor*) const [clone .cold],llama_model_loader::load_data_for(ggml_tensor*) const [clone .cold],llama_api,L2_310,0000000000417c2a
llama_model_loader::require_weight(char const*) const,llama_model_loader::require_weight(char const*) const,llama_api,L2_315,0000000001923570
llama_model_loader::require_weight(char const*) const [clone .cold],llama_model_loader::require_weight(char const*) const [clone .cold],llama_api,L2_316,00000000004177ee
llama_model_loader::get_tensor_meta(char const*) const,llama_model_loader::get_tensor_meta(char const*) const,llama_api,L2_300,00000000019235c0
"llama_model_loader::check_tensor_dims(std::__cxx11::basic_string<char, std::char_traits<char>, std::allocator<char> > const&, std::vector<long, std::allocator<long> > const&, bool) const","llama_model_loader::check_tensor_dims(std::__cxx11::basic_string<char, std::char_traits<char>, std::allocator<char> > const&, std::vector<long, std::allocator<long> > const&, bool) const",llama_api,L2_287,0000000001923630
"llama_model_loader::check_tensor_dims(std::__cxx11::basic_string<char, std::char_traits<char>, std::allocator<char> > const&, std::vector<long, std::allocator<long> > const&, bool) const [clone .cold]","llama_model_loader::check_tensor_dims(std::__cxx11::basic_string<char, std::char_traits<char>, std::allocator<char> > const&, std::vector<long, std::allocator<long> > const&, bool) const [clone .cold]",llama_api,L2_288,000000000041792a
"llama_model_loader::get_mapping_range(unsigned long*, unsigned long*, void**, int, ggml_context*) const","llama_model_loader::get_mapping_range(unsigned long*, unsigned long*, void**, int, ggml_context*) const",llama_api,L2_298,0000000001923d50
"llama_model_loader::get_mapping_range(unsigned long*, unsigned long*, void**, int, ggml_context*) const [clone .cold]","llama_model_loader::get_mapping_range(unsigned long*, unsigned long*, void**, int, ggml_context*) const [clone .cold]",llama_api,L2_299,0000000000417c1c
"llama_model_loader::require_tensor_meta(std::__cxx11::basic_string<char, std::char_traits<char>, std::allocator<char> > const&) const","llama_model_loader::require_tensor_meta(std::__cxx11::basic_string<char, std::char_traits<char>, std::allocator<char> > const&) const",llama_api,L2_313,00000000019235e0
"llama_model_loader::require_tensor_meta(std::__cxx11::basic_string<char, std::char_traits<char>, std::allocator<char> > const&) const [clone .cold]","llama_model_loader::require_tensor_meta(std::__cxx11::basic_string<char, std::char_traits<char>, std::allocator<char> > const&) const [clone .cold]",llama_api,L2_314,000000000041788c
llama_model_loader::done_getting_tensors() const,llama_model_loader::done_getting_tensors() const,llama_api,L2_293,00000000019236e0
llama_model_loader::done_getting_tensors() const [clone .cold],llama_model_loader::done_getting_tensors() const [clone .cold],llama_api,L2_294,0000000000417ae2
llama_model_loader::get_arch() const,llama_model_loader::get_arch() const,llama_api,L2_296,0000000001923280
llama_grammar_parser::c_rules() const,llama_grammar_parser::c_rules() const,llama_api,L2_159,0000000001916e20
llama_grammar_parser::c_rules() const [clone .cold],llama_grammar_parser::c_rules() const [clone .cold],llama_api,L2_160,00000000004164fc
common_params_sampling::print[abi:cxx11]() const,common_params_sampling::print[abi:cxx11]() const,llama_api,L2_046,00000000018ce030
"std::_Hashtable<std::__cxx11::basic_string<char, std::char_traits<char>, std::allocator<char> >, std::pair<std::__cxx11::basic_string<char, std::char_traits<char>, std::allocator<char> > const, common_sampler_type>, std::allocator<std::pair<std::__cxx11::basic_string<char, std::char_traits<char>, std::allocator<char> > const, common_sampler_type> >, std::__detail::_Select1st, std::equal_to<std::__cxx11::basic_string<char, std::char_traits<char>, std::allocator<char> > >, std::hash<std::__cxx11::basic_string<char, std::char_traits<char>, std::allocator<char> > >, std::__detail::_Mod_range_hashing, std::__detail::_Default_ranged_hash, std::__detail::_Prime_rehash_policy, std::__detail::_Hashtable_traits<true, false, true> >::_M_find_before_node(unsigned long, std::__cxx11::basic_string<char, std::char_traits<char>, std::allocator<char> > const&, unsigned long) const [clone .isra.0]","std::_Hashtable<std::__cxx11::basic_string<char, std::char_traits<char>, std::allocator<char> >, std::pair<std::__cxx11::basic_string<char, std::char_traits<char>, std::allocator<char> > const, common_sampler_type>, std::allocator<std::pair<std::__cxx11::basic_string<char, std::char_traits<char>, std::allocator<char> > const, common_sampler_type> >, std::__detail::_Select1st, std::equal_to<std::__cxx11::basic_string<char, std::char_traits<char>, std::allocator<char> > >, std::hash<std::__cxx11::basic_string<char, std::char_traits<char>, std::allocator<char> > >, std::__detail::_Mod_range_hashing, std::__detail::_Default_ranged_hash, std::__detail::_Prime_rehash_policy, std::__detail::_Hashtable_traits<true, false, true> >::_M_find_before_node(unsigned long, std::__cxx11::basic_string<char, std::char_traits<char>, std::allocator<char> > const&, unsigned long) const [clone .isra.0]",ggml_ops,L6_2808,00000000018cddc0
"std::_Hashtable<std::__cxx11::basic_string<char, std::char_traits<char>, std::allocator<char> >, std::pair<std::__cxx11::basic_string<char, std::char_traits<char>, std::allocator<char> > const, llama_model_kv_override>, std::allocator<std::pair<std::__cxx11::basic_string<char, std::char_traits<char>, std::allocator<char> > const, llama_model_kv_override> >, std::__detail::_Select1st, std::equal_to<std::__cxx11::basic_string<char, std::char_traits<char>, std::allocator<char> > >, std::hash<std::__cxx11::basic_string<char, std::char_traits<char>, std::allocator<char> > >, std::__detail::_Mod_range_hashing, std::__detail::_Default_ranged_hash, std::__detail::_Prime_rehash_policy, std::__detail::_Hashtable_traits<true, false, true> >::_M_find_before_node(unsigned long, std::__cxx11::basic_string<char, std::char_traits<char>, std::allocator<char> > const&, unsigned long) const [clone .isra.0]","std::_Hashtable<std::__cxx11::basic_string<char, std::char_traits<char>, std::allocator<char> >, std::pair<std::__cxx11::basic_string<char, std::char_traits<char>, std::allocator<char> > const, llama_model_kv_override>, std::allocator<std::pair<std::__cxx11::basic_string<char, std::char_traits<char>, std::allocator<char> > const, llama_model_kv_override> >, std::__detail::_Select1st, std::equal_to<std::__cxx11::basic_string<char, std::char_traits<char>, std::allocator<char> > >, std::hash<std::__cxx11::basic_string<char, std::char_traits<char>, std::allocator<char> > >, std::__detail::_Mod_range_hashing, std::__detail::_Default_ranged_hash, std::__detail::_Prime_rehash_policy, std::__detail::_Hashtable_traits<true, false, true> >::_M_find_before_node(unsigned long, std::__cxx11::basic_string<char, std::char_traits<char>, std::allocator<char> > const&, unsigned long) const [clone .isra.0]",ggml_ops,L6_2810,0000000001921250
"std::_Hashtable<std::__cxx11::basic_string<char, std::char_traits<char>, std::allocator<char> >, std::pair<std::__cxx11::basic_string<char, std::char_traits<char>, std::allocator<char> > const, llama_adapter_lora_weight>, std::allocator<std::pair<std::__cxx11::basic_string<char, std::char_traits<char>, std::allocator<char> > const, llama_adapter_lora_weight> >, std::__detail::_Select1st, std::equal_to<std::__cxx11::basic_string<char, std::char_traits<char>, std::allocator<char> > >, std::hash<std::__cxx11::basic_string<char, std::char_traits<char>, std::allocator<char> > >, std::__detail::_Mod_range_hashing, std::__detail::_Default_ranged_hash, std::__detail::_Prime_rehash_policy, std::__detail::_Hashtable_traits<true, false, true> >::_M_find_before_node(unsigned long, std::__cxx11::basic_string<char, std::char_traits<char>, std::allocator<char> > const&, unsigned long) const [clone .isra.0]","std::_Hashtable<std::__cxx11::basic_string<char, std::char_traits<char>, std::allocator<char> >, std::pair<std::__cxx11::basic_string<char, std::char_traits<char>, std::allocator<char> > const, llama_adapter_lora_weight>, std::allocator<std::pair<std::__cxx11::basic_string<char, std::char_traits<char>, std::allocator<char> > const, llama_adapter_lora_weight> >, std::__detail::_Select1st, std::equal_to<std::__cxx11::basic_string<char, std::char_traits<char>, std::allocator<char> > >, std::hash<std::__cxx11::basic_string<char, std::char_traits<char>, std::allocator<char> > >, std::__detail::_Mod_range_hashing, std::__detail::_Default_ranged_hash, std::__detail::_Prime_rehash_policy, std::__detail::_Hashtable_traits<true, false, true> >::_M_find_before_node(unsigned long, std::__cxx11::basic_string<char, std::char_traits<char>, std::allocator<char> > const&, unsigned long) const [clone .isra.0]",ggml_ops,L6_2809,00000000018fd7e0
"std::__future_base::_Deferred_state<std::thread::_Invoker<std::tuple<llama_model_loader::load_all_data(ggml_context*, std::unordered_map<unsigned int, ggml_backend_buffer*, std::hash<unsigned int>, std::equal_to<unsigned int>, std::allocator<std::pair<unsigned int const, ggml_backend_buffer*> > >&, std::vector<std::unique_ptr<llama_mlock, std::default_delete<llama_mlock> >, std::allocator<std::unique_ptr<llama_mlock, std::default_delete<llama_mlock> > > >*, bool (*)(float, void*), void*)::{lambda()#2}> >, std::pair<ggml_tensor*, bool> >::_M_is_deferred_future() const","std::__future_base::_Deferred_state<std::thread::_Invoker<std::tuple<llama_model_loader::load_all_data(ggml_context*, std::unordered_map<unsigned int, ggml_backend_buffer*, std::hash<unsigned int>, std::equal_to<unsigned int>, std::allocator<std::pair<unsigned int const, ggml_backend_buffer*> > >&, std::vector<std::unique_ptr<llama_mlock, std::default_delete<llama_mlock> >, std::allocator<std::unique_ptr<llama_mlock, std::default_delete<llama_mlock> > > >*, bool (*)(float, void*), void*)::{lambda()#2}> >, std::pair<ggml_tensor*, bool> >::_M_is_deferred_future() const",ggml_backend,L5_501,00000000019210e0
"std::__future_base::_Deferred_state<std::thread::_Invoker<std::tuple<llama_model_loader::load_all_data(ggml_context*, std::unordered_map<unsigned int, ggml_backend_buffer*, std::hash<unsigned int>, std::equal_to<unsigned int>, std::allocator<std::pair<unsigned int const, ggml_backend_buffer*> > >&, std::vector<std::unique_ptr<llama_mlock, std::default_delete<llama_mlock> >, std::allocator<std::unique_ptr<llama_mlock, std::default_delete<llama_mlock> > > >*, bool (*)(float, void*), void*)::{lambda()#1}> >, std::pair<ggml_tensor*, bool> >::_M_is_deferred_future() const","std::__future_base::_Deferred_state<std::thread::_Invoker<std::tuple<llama_model_loader::load_all_data(ggml_context*, std::unordered_map<unsigned int, ggml_backend_buffer*, std::hash<unsigned int>, std::equal_to<unsigned int>, std::allocator<std::pair<unsigned int const, ggml_backend_buffer*> > >&, std::vector<std::unique_ptr<llama_mlock, std::default_delete<llama_mlock> >, std::allocator<std::unique_ptr<llama_mlock, std::default_delete<llama_mlock> > > >*, bool (*)(float, void*), void*)::{lambda()#1}> >, std::pair<ggml_tensor*, bool> >::_M_is_deferred_future() const",ggml_backend,L5_497,00000000019210e0
"void std::_Hashtable<unsigned int, std::pair<unsigned int const, ggml_backend_buffer*>, std::allocator<std::pair<unsigned int const, ggml_backend_buffer*> >, std::__detail::_Select1st, std::equal_to<unsigned int>, std::hash<unsigned int>, std::__detail::_Mod_range_hashing, std::__detail::_Default_ranged_hash, std::__detail::_Prime_rehash_policy, std::__detail::_Hashtable_traits<false, false, true> >::_M_assign<std::_Hashtable<unsigned int, std::pair<unsigned int const, ggml_backend_buffer*>, std::allocator<std::pair<unsigned int const, ggml_backend_buffer*> >, std::__detail::_Select1st, std::equal_to<unsigned int>, std::hash<unsigned int>, std::__detail::_Mod_range_hashing, std::__detail::_Default_ranged_hash, std::__detail::_Prime_rehash_policy, std::__detail::_Hashtable_traits<false, false, true> > const&, std::__detail::_AllocNode<std::allocator<std::__detail::_Hash_node<std::pair<unsigned int const, ggml_backend_buffer*>, false> > > >(std::_Hashtable<unsigned int, std::pair<unsigned int const, ggml_backend_buffer*>, std::allocator<std::pair<unsigned int const, ggml_backend_buffer*> >, std::__detail::_Select1st, std::equal_to<unsigned int>, std::hash<unsigned int>, std::__detail::_Mod_range_hashing, std::__detail::_Default_ranged_hash, std::__detail::_Prime_rehash_policy, std::__detail::_Hashtable_traits<false, false, true> > const&, std::__detail::_AllocNode<std::allocator<std::__detail::_Hash_node<std::pair<unsigned int const, ggml_backend_buffer*>, false> > >&) [clone .isra.0]","void std::_Hashtable<unsigned int, std::pair<unsigned int const, ggml_backend_buffer*>, std::allocator<std::pair<unsigned int const, ggml_backend_buffer*> >, std::__detail::_Select1st, std::equal_to<unsigned int>, std::hash<unsigned int>, std::__detail::_Mod_range_hashing, std::__detail::_Default_ranged_hash, std::__detail::_Prime_rehash_policy, std::__detail::_Hashtable_traits<false, false, true> >::_M_assign<std::_Hashtable<unsigned int, std::pair<unsigned int const, ggml_backend_buffer*>, std::allocator<std::pair<unsigned int const, ggml_backend_buffer*> >, std::__detail::_Select1st, std::equal_to<unsigned int>, std::hash<unsigned int>, std::__detail::_Mod_range_hashing, std::__detail::_Default_ranged_hash, std::__detail::_Prime_rehash_policy, std::__detail::_Hashtable_traits<false, false, true> > const&, std::__detail::_AllocNode<std::allocator<std::__detail::_Hash_node<std::pair<unsigned int const, ggml_backend_buffer*>, false> > > >(std::_Hashtable<unsigned int, std::pair<unsigned int const, ggml_backend_buffer*>, std::allocator<std::pair<unsigned int const, ggml_backend_buffer*> >, std::__detail::_Select1st, std::equal_to<unsigned int>, std::hash<unsigned int>, std::__detail::_Mod_range_hashing, std::__detail::_Default_ranged_hash, std::__detail::_Prime_rehash_policy, std::__detail::_Hashtable_traits<false, false, true> > const&, std::__detail::_AllocNode<std::allocator<std::__detail::_Hash_node<std::pair<unsigned int const, ggml_backend_buffer*>, false> > >&) [clone .isra.0]",ggml_backend,L5_521,0000000001936730
"void std::_Hashtable<unsigned int, std::pair<unsigned int const, ggml_backend_buffer*>, std::allocator<std::pair<unsigned int const, ggml_backend_buffer*> >, std::__detail::_Select1st, std::equal_to<unsigned int>, std::hash<unsigned int>, std::__detail::_Mod_range_hashing, std::__detail::_Default_ranged_hash, std::__detail::_Prime_rehash_policy, std::__detail::_Hashtable_traits<false, false, true> >::_M_assign<std::_Hashtable<unsigned int, std::pair<unsigned int const, ggml_backend_buffer*>, std::allocator<std::pair<unsigned int const, ggml_backend_buffer*> >, std::__detail::_Select1st, std::equal_to<unsigned int>, std::hash<unsigned int>, std::__detail::_Mod_range_hashing, std::__detail::_Default_ranged_hash, std::__detail::_Prime_rehash_policy, std::__detail::_Hashtable_traits<false, false, true> > const&, std::__detail::_AllocNode<std::allocator<std::__detail::_Hash_node<std::pair<unsigned int const, ggml_backend_buffer*>, false> > > >(std::_Hashtable<unsigned int, std::pair<unsigned int const, ggml_backend_buffer*>, std::allocator<std::pair<unsigned int const, ggml_backend_buffer*> >, std::__detail::_Select1st, std::equal_to<unsigned int>, std::hash<unsigned int>, std::__detail::_Mod_range_hashing, std::__detail::_Default_ranged_hash, std::__detail::_Prime_rehash_policy, std::__detail::_Hashtable_traits<false, false, true> > const&, std::__detail::_AllocNode<std::allocator<std::__detail::_Hash_node<std::pair<unsigned int const, ggml_backend_buffer*>, false> > >&) [clone .isra.0] [clone .cold]","void std::_Hashtable<unsigned int, std::pair<unsigned int const, ggml_backend_buffer*>, std::allocator<std::pair<unsigned int const, ggml_backend_buffer*> >, std::__detail::_Select1st, std::equal_to<unsigned int>, std::hash<unsigned int>, std::__detail::_Mod_range_hashing, std::__detail::_Default_ranged_hash, std::__detail::_Prime_rehash_policy, std::__detail::_Hashtable_traits<false, false, true> >::_M_assign<std::_Hashtable<unsigned int, std::pair<unsigned int const, ggml_backend_buffer*>, std::allocator<std::pair<unsigned int const, ggml_backend_buffer*> >, std::__detail::_Select1st, std::equal_to<unsigned int>, std::hash<unsigned int>, std::__detail::_Mod_range_hashing, std::__detail::_Default_ranged_hash, std::__detail::_Prime_rehash_policy, std::__detail::_Hashtable_traits<false, false, true> > const&, std::__detail::_AllocNode<std::allocator<std::__detail::_Hash_node<std::pair<unsigned int const, ggml_backend_buffer*>, false> > > >(std::_Hashtable<unsigned int, std::pair<unsigned int const, ggml_backend_buffer*>, std::allocator<std::pair<unsigned int const, ggml_backend_buffer*> >, std::__detail::_Select1st, std::equal_to<unsigned int>, std::hash<unsigned int>, std::__detail::_Mod_range_hashing, std::__detail::_Default_ranged_hash, std::__detail::_Prime_rehash_policy, std::__detail::_Hashtable_traits<false, false, true> > const&, std::__detail::_AllocNode<std::allocator<std::__detail::_Hash_node<std::pair<unsigned int const, ggml_backend_buffer*>, false> > >&) [clone .isra.0] [clone .cold]",ggml_backend,L5_522,000000000041a2e6
"std::_Hashtable<unsigned int, std::pair<unsigned int const, ggml_backend_buffer*>, std::allocator<std::pair<unsigned int const, ggml_backend_buffer*> >, std::__detail::_Select1st, std::equal_to<unsigned int>, std::hash<unsigned int>, std::__detail::_Mod_range_hashing, std::__detail::_Default_ranged_hash, std::__detail::_Prime_rehash_policy, std::__detail::_Hashtable_traits<false, false, true> >::_M_rehash(unsigned long, std::integral_constant<bool, true>) [clone .isra.0]","std::_Hashtable<unsigned int, std::pair<unsigned int const, ggml_backend_buffer*>, std::allocator<std::pair<unsigned int const, ggml_backend_buffer*> >, std::__detail::_Select1st, std::equal_to<unsigned int>, std::hash<unsigned int>, std::__detail::_Mod_range_hashing, std::__detail::_Default_ranged_hash, std::__detail::_Prime_rehash_policy, std::__detail::_Hashtable_traits<false, false, true> >::_M_rehash(unsigned long, std::integral_constant<bool, true>) [clone .isra.0]",ggml_backend,L5_463,000000000192e2e0
"std::pair<std::__detail::_Node_iterator<std::pair<std::__cxx11::basic_string<char, std::char_traits<char>, std::allocator<char> > const, common_sampler_type>, false, true>, bool> std::_Hashtable<std::__cxx11::basic_string<char, std::char_traits<char>, std::allocator<char> >, std::pair<std::__cxx11::basic_string<char, std::char_traits<char>, std::allocator<char> > const, common_sampler_type>, std::allocator<std::pair<std::__cxx11::basic_string<char, std::char_traits<char>, std::allocator<char> > const, common_sampler_type> >, std::__detail::_Select1st, std::equal_to<std::__cxx11::basic_string<char, std::char_traits<char>, std::allocator<char> > >, std::hash<std::__cxx11::basic_string<char, std::char_traits<char>, std::allocator<char> > >, std::__detail::_Mod_range_hashing, std::__detail::_Default_ranged_hash, std::__detail::_Prime_rehash_policy, std::__detail::_Hashtable_traits<true, false, true> >::_M_emplace_uniq<std::pair<std::__cxx11::basic_string<char, std::char_traits<char>, std::allocator<char> > const, common_sampler_type> const&>(std::pair<std::__cxx11::basic_string<char, std::char_traits<char>, std::allocator<char> > const, common_sampler_type> const&) [clone .isra.0]","std::pair<std::__detail::_Node_iterator<std::pair<std::__cxx11::basic_string<char, std::char_traits<char>, std::allocator<char> > const, common_sampler_type>, false, true>, bool> std::_Hashtable<std::__cxx11::basic_string<char, std::char_traits<char>, std::allocator<char> >, std::pair<std::__cxx11::basic_string<char, std::char_traits<char>, std::allocator<char> > const, common_sampler_type>, std::allocator<std::pair<std::__cxx11::basic_string<char, std::char_traits<char>, std::allocator<char> > const, common_sampler_type> >, std::__detail::_Select1st, std::equal_to<std::__cxx11::basic_string<char, std::char_traits<char>, std::allocator<char> > >, std::hash<std::__cxx11::basic_string<char, std::char_traits<char>, std::allocator<char> > >, std::__detail::_Mod_range_hashing, std::__detail::_Default_ranged_hash, std::__detail::_Prime_rehash_policy, std::__detail::_Hashtable_traits<true, false, true> >::_M_emplace_uniq<std::pair<std::__cxx11::basic_string<char, std::char_traits<char>, std::allocator<char> > const, common_sampler_type> const&>(std::pair<std::__cxx11::basic_string<char, std::char_traits<char>, std::allocator<char> > const, common_sampler_type> const&) [clone .isra.0]",ggml_ops,L6_2821,00000000018d0570
"std::pair<std::__detail::_Node_iterator<std::pair<std::__cxx11::basic_string<char, std::char_traits<char>, std::allocator<char> > const, common_sampler_type>, false, true>, bool> std::_Hashtable<std::__cxx11::basic_string<char, std::char_traits<char>, std::allocator<char> >, std::pair<std::__cxx11::basic_string<char, std::char_traits<char>, std::allocator<char> > const, common_sampler_type>, std::allocator<std::pair<std::__cxx11::basic_string<char, std::char_traits<char>, std::allocator<char> > const, common_sampler_type> >, std::__detail::_Select1st, std::equal_to<std::__cxx11::basic_string<char, std::char_traits<char>, std::allocator<char> > >, std::hash<std::__cxx11::basic_string<char, std::char_traits<char>, std::allocator<char> > >, std::__detail::_Mod_range_hashing, std::__detail::_Default_ranged_hash, std::__detail::_Prime_rehash_policy, std::__detail::_Hashtable_traits<true, false, true> >::_M_emplace_uniq<std::pair<std::__cxx11::basic_string<char, std::char_traits<char>, std::allocator<char> > const, common_sampler_type> const&>(std::pair<std::__cxx11::basic_string<char, std::char_traits<char>, std::allocator<char> > const, common_sampler_type> const&) [clone .isra.0] [clone .cold]","std::pair<std::__detail::_Node_iterator<std::pair<std::__cxx11::basic_string<char, std::char_traits<char>, std::allocator<char> > const, common_sampler_type>, false, true>, bool> std::_Hashtable<std::__cxx11::basic_string<char, std::char_traits<char>, std::allocator<char> >, std::pair<std::__cxx11::basic_string<char, std::char_traits<char>, std::allocator<char> > const, common_sampler_type>, std::allocator<std::pair<std::__cxx11::basic_string<char, std::char_traits<char>, std::allocator<char> > const, common_sampler_type> >, std::__detail::_Select1st, std::equal_to<std::__cxx11::basic_string<char, std::char_traits<char>, std::allocator<char> > >, std::hash<std::__cxx11::basic_string<char, std::char_traits<char>, std::allocator<char> > >, std::__detail::_Mod_range_hashing, std::__detail::_Default_ranged_hash, std::__detail::_Prime_rehash_policy, std::__detail::_Hashtable_traits<true, false, true> >::_M_emplace_uniq<std::pair<std::__cxx11::basic_string<char, std::char_traits<char>, std::allocator<char> > const, common_sampler_type> const&>(std::pair<std::__cxx11::basic_string<char, std::char_traits<char>, std::allocator<char> > const, common_sampler_type> const&) [clone .isra.0] [clone .cold]",ggml_ops,L6_2822,000000000040efac
"std::__future_base::_Deferred_state<std::thread::_Invoker<std::tuple<llama_model_loader::load_all_data(ggml_context*, std::unordered_map<unsigned int, ggml_backend_buffer*, std::hash<unsigned int>, std::equal_to<unsigned int>, std::allocator<std::pair<unsigned int const, ggml_backend_buffer*> > >&, std::vector<std::unique_ptr<llama_mlock, std::default_delete<llama_mlock> >, std::allocator<std::unique_ptr<llama_mlock, std::default_delete<llama_mlock> > > >*, bool (*)(float, void*), void*)::{lambda()#2}> >, std::pair<ggml_tensor*, bool> >::_M_complete_async()","std::__future_base::_Deferred_state<std::thread::_Invoker<std::tuple<llama_model_loader::load_all_data(ggml_context*, std::unordered_map<unsigned int, ggml_backend_buffer*, std::hash<unsigned int>, std::equal_to<unsigned int>, std::allocator<std::pair<unsigned int const, ggml_backend_buffer*> > >&, std::vector<std::unique_ptr<llama_mlock, std::default_delete<llama_mlock> >, std::allocator<std::unique_ptr<llama_mlock, std::default_delete<llama_mlock> > > >*, bool (*)(float, void*), void*)::{lambda()#2}> >, std::pair<ggml_tensor*, bool> >::_M_complete_async()",ggml_backend,L5_499,0000000001922fd0
"std::__future_base::_Deferred_state<std::thread::_Invoker<std::tuple<llama_model_loader::load_all_data(ggml_context*, std::unordered_map<unsigned int, ggml_backend_buffer*, std::hash<unsigned int>, std::equal_to<unsigned int>, std::allocator<std::pair<unsigned int const, ggml_backend_buffer*> > >&, std::vector<std::unique_ptr<llama_mlock, std::default_delete<llama_mlock> >, std::allocator<std::unique_ptr<llama_mlock, std::default_delete<llama_mlock> > > >*, bool (*)(float, void*), void*)::{lambda()#2}> >, std::pair<ggml_tensor*, bool> >::_M_complete_async() [clone .cold]","std::__future_base::_Deferred_state<std::thread::_Invoker<std::tuple<llama_model_loader::load_all_data(ggml_context*, std::unordered_map<unsigned int, ggml_backend_buffer*, std::hash<unsigned int>, std::equal_to<unsigned int>, std::allocator<std::pair<unsigned int const, ggml_backend_buffer*> > >&, std::vector<std::unique_ptr<llama_mlock, std::default_delete<llama_mlock> >, std::allocator<std::unique_ptr<llama_mlock, std::default_delete<llama_mlock> > > >*, bool (*)(float, void*), void*)::{lambda()#2}> >, std::pair<ggml_tensor*, bool> >::_M_complete_async() [clone .cold]",ggml_backend,L5_500,000000000041775e
"std::__future_base::_Deferred_state<std::thread::_Invoker<std::tuple<llama_model_loader::load_all_data(ggml_context*, std::unordered_map<unsigned int, ggml_backend_buffer*, std::hash<unsigned int>, std::equal_to<unsigned int>, std::allocator<std::pair<unsigned int const, ggml_backend_buffer*> > >&, std::vector<std::unique_ptr<llama_mlock, std::default_delete<llama_mlock> >, std::allocator<std::unique_ptr<llama_mlock, std::default_delete<llama_mlock> > > >*, bool (*)(float, void*), void*)::{lambda()#2}> >, std::pair<ggml_tensor*, bool> >::~_Deferred_state()","std::__future_base::_Deferred_state<std::thread::_Invoker<std::tuple<llama_model_loader::load_all_data(ggml_context*, std::unordered_map<unsigned int, ggml_backend_buffer*, std::hash<unsigned int>, std::equal_to<unsigned int>, std::allocator<std::pair<unsigned int const, ggml_backend_buffer*> > >&, std::vector<std::unique_ptr<llama_mlock, std::default_delete<llama_mlock> >, std::allocator<std::unique_ptr<llama_mlock, std::default_delete<llama_mlock> > > >*, bool (*)(float, void*), void*)::{lambda()#2}> >, std::pair<ggml_tensor*, bool> >::~_Deferred_state()",ggml_backend,L5_502,0000000001921bc0
"std::__future_base::_Deferred_state<std::thread::_Invoker<std::tuple<llama_model_loader::load_all_data(ggml_context*, std::unordered_map<unsigned int, ggml_backend_buffer*, std::hash<unsigned int>, std::equal_to<unsigned int>, std::allocator<std::pair<unsigned int const, ggml_backend_buffer*> > >&, std::vector<std::unique_ptr<llama_mlock, std::default_delete<llama_mlock> >, std::allocator<std::unique_ptr<llama_mlock, std::default_delete<llama_mlock> > > >*, bool (*)(float, void*), void*)::{lambda()#1}> >, std::pair<ggml_tensor*, bool> >::_M_complete_async()","std::__future_base::_Deferred_state<std::thread::_Invoker<std::tuple<llama_model_loader::load_all_data(ggml_context*, std::unordered_map<unsigned int, ggml_backend_buffer*, std::hash<unsigned int>, std::equal_to<unsigned int>, std::allocator<std::pair<unsigned int const, ggml_backend_buffer*> > >&, std::vector<std::unique_ptr<llama_mlock, std::default_delete<llama_mlock> >, std::allocator<std::unique_ptr<llama_mlock, std::default_delete<llama_mlock> > > >*, bool (*)(float, void*), void*)::{lambda()#1}> >, std::pair<ggml_tensor*, bool> >::_M_complete_async()",ggml_backend,L5_495,0000000001922e30
"std::__future_base::_Deferred_state<std::thread::_Invoker<std::tuple<llama_model_loader::load_all_data(ggml_context*, std::unordered_map<unsigned int, ggml_backend_buffer*, std::hash<unsigned int>, std::equal_to<unsigned int>, std::allocator<std::pair<unsigned int const, ggml_backend_buffer*> > >&, std::vector<std::unique_ptr<llama_mlock, std::default_delete<llama_mlock> >, std::allocator<std::unique_ptr<llama_mlock, std::default_delete<llama_mlock> > > >*, bool (*)(float, void*), void*)::{lambda()#1}> >, std::pair<ggml_tensor*, bool> >::_M_complete_async() [clone .cold]","std::__future_base::_Deferred_state<std::thread::_Invoker<std::tuple<llama_model_loader::load_all_data(ggml_context*, std::unordered_map<unsigned int, ggml_backend_buffer*, std::hash<unsigned int>, std::equal_to<unsigned int>, std::allocator<std::pair<unsigned int const, ggml_backend_buffer*> > >&, std::vector<std::unique_ptr<llama_mlock, std::default_delete<llama_mlock> >, std::allocator<std::unique_ptr<llama_mlock, std::default_delete<llama_mlock> > > >*, bool (*)(float, void*), void*)::{lambda()#1}> >, std::pair<ggml_tensor*, bool> >::_M_complete_async() [clone .cold]",ggml_backend,L5_496,00000000004176f0
"std::__future_base::_Deferred_state<std::thread::_Invoker<std::tuple<llama_model_loader::load_all_data(ggml_context*, std::unordered_map<unsigned int, ggml_backend_buffer*, std::hash<unsigned int>, std::equal_to<unsigned int>, std::allocator<std::pair<unsigned int const, ggml_backend_buffer*> > >&, std::vector<std::unique_ptr<llama_mlock, std::default_delete<llama_mlock> >, std::allocator<std::unique_ptr<llama_mlock, std::default_delete<llama_mlock> > > >*, bool (*)(float, void*), void*)::{lambda()#1}> >, std::pair<ggml_tensor*, bool> >::~_Deferred_state()","std::__future_base::_Deferred_state<std::thread::_Invoker<std::tuple<llama_model_loader::load_all_data(ggml_context*, std::unordered_map<unsigned int, ggml_backend_buffer*, std::hash<unsigned int>, std::equal_to<unsigned int>, std::allocator<std::pair<unsigned int const, ggml_backend_buffer*> > >&, std::vector<std::unique_ptr<llama_mlock, std::default_delete<llama_mlock> >, std::allocator<std::unique_ptr<llama_mlock, std::default_delete<llama_mlock> > > >*, bool (*)(float, void*), void*)::{lambda()#1}> >, std::pair<ggml_tensor*, bool> >::~_Deferred_state()",ggml_backend,L5_498,0000000001921b20
"std::__future_base::_Async_state_impl<std::thread::_Invoker<std::tuple<llama_model_loader::load_all_data(ggml_context*, std::unordered_map<unsigned int, ggml_backend_buffer*, std::hash<unsigned int>, std::equal_to<unsigned int>, std::allocator<std::pair<unsigned int const, ggml_backend_buffer*> > >&, std::vector<std::unique_ptr<llama_mlock, std::default_delete<llama_mlock> >, std::allocator<std::unique_ptr<llama_mlock, std::default_delete<llama_mlock> > > >*, bool (*)(float, void*), void*)::{lambda()#2}> >, std::pair<ggml_tensor*, bool> >::_M_run()","std::__future_base::_Async_state_impl<std::thread::_Invoker<std::tuple<llama_model_loader::load_all_data(ggml_context*, std::unordered_map<unsigned int, ggml_backend_buffer*, std::hash<unsigned int>, std::equal_to<unsigned int>, std::allocator<std::pair<unsigned int const, ggml_backend_buffer*> > >&, std::vector<std::unique_ptr<llama_mlock, std::default_delete<llama_mlock> >, std::allocator<std::unique_ptr<llama_mlock, std::default_delete<llama_mlock> > > >*, bool (*)(float, void*), void*)::{lambda()#2}> >, std::pair<ggml_tensor*, bool> >::_M_run()",ggml_backend,L5_491,0000000001924410
"std::__future_base::_Async_state_impl<std::thread::_Invoker<std::tuple<llama_model_loader::load_all_data(ggml_context*, std::unordered_map<unsigned int, ggml_backend_buffer*, std::hash<unsigned int>, std::equal_to<unsigned int>, std::allocator<std::pair<unsigned int const, ggml_backend_buffer*> > >&, std::vector<std::unique_ptr<llama_mlock, std::default_delete<llama_mlock> >, std::allocator<std::unique_ptr<llama_mlock, std::default_delete<llama_mlock> > > >*, bool (*)(float, void*), void*)::{lambda()#2}> >, std::pair<ggml_tensor*, bool> >::_M_run() [clone .cold]","std::__future_base::_Async_state_impl<std::thread::_Invoker<std::tuple<llama_model_loader::load_all_data(ggml_context*, std::unordered_map<unsigned int, ggml_backend_buffer*, std::hash<unsigned int>, std::equal_to<unsigned int>, std::allocator<std::pair<unsigned int const, ggml_backend_buffer*> > >&, std::vector<std::unique_ptr<llama_mlock, std::default_delete<llama_mlock> >, std::allocator<std::unique_ptr<llama_mlock, std::default_delete<llama_mlock> > > >*, bool (*)(float, void*), void*)::{lambda()#2}> >, std::pair<ggml_tensor*, bool> >::_M_run() [clone .cold]",ggml_backend,L5_492,0000000000417e54
"std::__future_base::_Async_state_impl<std::thread::_Invoker<std::tuple<llama_model_loader::load_all_data(ggml_context*, std::unordered_map<unsigned int, ggml_backend_buffer*, std::hash<unsigned int>, std::equal_to<unsigned int>, std::allocator<std::pair<unsigned int const, ggml_backend_buffer*> > >&, std::vector<std::unique_ptr<llama_mlock, std::default_delete<llama_mlock> >, std::allocator<std::unique_ptr<llama_mlock, std::default_delete<llama_mlock> > > >*, bool (*)(float, void*), void*)::{lambda()#2}> >, std::pair<ggml_tensor*, bool> >::~_Async_state_impl()","std::__future_base::_Async_state_impl<std::thread::_Invoker<std::tuple<llama_model_loader::load_all_data(ggml_context*, std::unordered_map<unsigned int, ggml_backend_buffer*, std::hash<unsigned int>, std::equal_to<unsigned int>, std::allocator<std::pair<unsigned int const, ggml_backend_buffer*> > >&, std::vector<std::unique_ptr<llama_mlock, std::default_delete<llama_mlock> >, std::allocator<std::unique_ptr<llama_mlock, std::default_delete<llama_mlock> > > >*, bool (*)(float, void*), void*)::{lambda()#2}> >, std::pair<ggml_tensor*, bool> >::~_Async_state_impl()",ggml_backend,L5_493,0000000001922080
"std::__future_base::_Async_state_impl<std::thread::_Invoker<std::tuple<llama_model_loader::load_all_data(ggml_context*, std::unordered_map<unsigned int, ggml_backend_buffer*, std::hash<unsigned int>, std::equal_to<unsigned int>, std::allocator<std::pair<unsigned int const, ggml_backend_buffer*> > >&, std::vector<std::unique_ptr<llama_mlock, std::default_delete<llama_mlock> >, std::allocator<std::unique_ptr<llama_mlock, std::default_delete<llama_mlock> > > >*, bool (*)(float, void*), void*)::{lambda()#2}> >, std::pair<ggml_tensor*, bool> >::~_Async_state_impl() [clone .cold]","std::__future_base::_Async_state_impl<std::thread::_Invoker<std::tuple<llama_model_loader::load_all_data(ggml_context*, std::unordered_map<unsigned int, ggml_backend_buffer*, std::hash<unsigned int>, std::equal_to<unsigned int>, std::allocator<std::pair<unsigned int const, ggml_backend_buffer*> > >&, std::vector<std::unique_ptr<llama_mlock, std::default_delete<llama_mlock> >, std::allocator<std::unique_ptr<llama_mlock, std::default_delete<llama_mlock> > > >*, bool (*)(float, void*), void*)::{lambda()#2}> >, std::pair<ggml_tensor*, bool> >::~_Async_state_impl() [clone .cold]",ggml_backend,L5_494,00000000004176a2
"std::__future_base::_Async_state_impl<std::thread::_Invoker<std::tuple<llama_model_loader::load_all_data(ggml_context*, std::unordered_map<unsigned int, ggml_backend_buffer*, std::hash<unsigned int>, std::equal_to<unsigned int>, std::allocator<std::pair<unsigned int const, ggml_backend_buffer*> > >&, std::vector<std::unique_ptr<llama_mlock, std::default_delete<llama_mlock> >, std::allocator<std::unique_ptr<llama_mlock, std::default_delete<llama_mlock> > > >*, bool (*)(float, void*), void*)::{lambda()#1}> >, std::pair<ggml_tensor*, bool> >::_M_run()","std::__future_base::_Async_state_impl<std::thread::_Invoker<std::tuple<llama_model_loader::load_all_data(ggml_context*, std::unordered_map<unsigned int, ggml_backend_buffer*, std::hash<unsigned int>, std::equal_to<unsigned int>, std::allocator<std::pair<unsigned int const, ggml_backend_buffer*> > >&, std::vector<std::unique_ptr<llama_mlock, std::default_delete<llama_mlock> >, std::allocator<std::unique_ptr<llama_mlock, std::default_delete<llama_mlock> > > >*, bool (*)(float, void*), void*)::{lambda()#1}> >, std::pair<ggml_tensor*, bool> >::_M_run()",ggml_backend,L5_487,0000000001924260
"std::__future_base::_Async_state_impl<std::thread::_Invoker<std::tuple<llama_model_loader::load_all_data(ggml_context*, std::unordered_map<unsigned int, ggml_backend_buffer*, std::hash<unsigned int>, std::equal_to<unsigned int>, std::allocator<std::pair<unsigned int const, ggml_backend_buffer*> > >&, std::vector<std::unique_ptr<llama_mlock, std::default_delete<llama_mlock> >, std::allocator<std::unique_ptr<llama_mlock, std::default_delete<llama_mlock> > > >*, bool (*)(float, void*), void*)::{lambda()#1}> >, std::pair<ggml_tensor*, bool> >::_M_run() [clone .cold]","std::__future_base::_Async_state_impl<std::thread::_Invoker<std::tuple<llama_model_loader::load_all_data(ggml_context*, std::unordered_map<unsigned int, ggml_backend_buffer*, std::hash<unsigned int>, std::equal_to<unsigned int>, std::allocator<std::pair<unsigned int const, ggml_backend_buffer*> > >&, std::vector<std::unique_ptr<llama_mlock, std::default_delete<llama_mlock> >, std::allocator<std::unique_ptr<llama_mlock, std::default_delete<llama_mlock> > > >*, bool (*)(float, void*), void*)::{lambda()#1}> >, std::pair<ggml_tensor*, bool> >::_M_run() [clone .cold]",ggml_backend,L5_488,0000000000417d14
"std::__future_base::_Async_state_impl<std::thread::_Invoker<std::tuple<llama_model_loader::load_all_data(ggml_context*, std::unordered_map<unsigned int, ggml_backend_buffer*, std::hash<unsigned int>, std::equal_to<unsigned int>, std::allocator<std::pair<unsigned int const, ggml_backend_buffer*> > >&, std::vector<std::unique_ptr<llama_mlock, std::default_delete<llama_mlock> >, std::allocator<std::unique_ptr<llama_mlock, std::default_delete<llama_mlock> > > >*, bool (*)(float, void*), void*)::{lambda()#1}> >, std::pair<ggml_tensor*, bool> >::~_Async_state_impl()","std::__future_base::_Async_state_impl<std::thread::_Invoker<std::tuple<llama_model_loader::load_all_data(ggml_context*, std::unordered_map<unsigned int, ggml_backend_buffer*, std::hash<unsigned int>, std::equal_to<unsigned int>, std::allocator<std::pair<unsigned int const, ggml_backend_buffer*> > >&, std::vector<std::unique_ptr<llama_mlock, std::default_delete<llama_mlock> >, std::allocator<std::unique_ptr<llama_mlock, std::default_delete<llama_mlock> > > >*, bool (*)(float, void*), void*)::{lambda()#1}> >, std::pair<ggml_tensor*, bool> >::~_Async_state_impl()",ggml_backend,L5_489,0000000001921fa0
"std::__future_base::_Async_state_impl<std::thread::_Invoker<std::tuple<llama_model_loader::load_all_data(ggml_context*, std::unordered_map<unsigned int, ggml_backend_buffer*, std::hash<unsigned int>, std::equal_to<unsigned int>, std::allocator<std::pair<unsigned int const, ggml_backend_buffer*> > >&, std::vector<std::unique_ptr<llama_mlock, std::default_delete<llama_mlock> >, std::allocator<std::unique_ptr<llama_mlock, std::default_delete<llama_mlock> > > >*, bool (*)(float, void*), void*)::{lambda()#1}> >, std::pair<ggml_tensor*, bool> >::~_Async_state_impl() [clone .cold]","std::__future_base::_Async_state_impl<std::thread::_Invoker<std::tuple<llama_model_loader::load_all_data(ggml_context*, std::unordered_map<unsigned int, ggml_backend_buffer*, std::hash<unsigned int>, std::equal_to<unsigned int>, std::allocator<std::pair<unsigned int const, ggml_backend_buffer*> > >&, std::vector<std::unique_ptr<llama_mlock, std::default_delete<llama_mlock> >, std::allocator<std::unique_ptr<llama_mlock, std::default_delete<llama_mlock> > > >*, bool (*)(float, void*), void*)::{lambda()#1}> >, std::pair<ggml_tensor*, bool> >::~_Async_state_impl() [clone .cold]",ggml_backend,L5_490,000000000041769c
"std::_Function_handler<unsigned int (unsigned int), llama_model::print_info() const::{lambda(unsigned int)#2}>::_M_manager(std::_Any_data&, std::_Any_data const&, std::_Manager_operation)","std::_Function_handler<unsigned int (unsigned int), llama_model::print_info() const::{lambda(unsigned int)#2}>::_M_manager(std::_Any_data&, std::_Any_data const&, std::_Manager_operation)",ggml_ops,L6_2787,000000000192dd50
"std::_Function_handler<unsigned int (unsigned int), llama_model::print_info() const::{lambda(unsigned int)#2}>::_M_invoke(std::_Any_data const&, unsigned int&&)","std::_Function_handler<unsigned int (unsigned int), llama_model::print_info() const::{lambda(unsigned int)#2}>::_M_invoke(std::_Any_data const&, unsigned int&&)",ggml_ops,L6_2786,000000000192da10
"std::_Function_handler<unsigned int (unsigned int), llama_model::print_info() const::{lambda(unsigned int)#3}>::_M_manager(std::_Any_data&, std::_Any_data const&, std::_Manager_operation)","std::_Function_handler<unsigned int (unsigned int), llama_model::print_info() const::{lambda(unsigned int)#3}>::_M_manager(std::_Any_data&, std::_Any_data const&, std::_Manager_operation)",ggml_ops,L6_2789,000000000192dd20
"std::_Function_handler<unsigned int (unsigned int), llama_model::print_info() const::{lambda(unsigned int)#3}>::_M_invoke(std::_Any_data const&, unsigned int&&)","std::_Function_handler<unsigned int (unsigned int), llama_model::print_info() const::{lambda(unsigned int)#3}>::_M_invoke(std::_Any_data const&, unsigned int&&)",ggml_ops,L6_2788,000000000192da50
"std::_Function_handler<unsigned int (unsigned int), llama_model::print_info() const::{lambda(unsigned int)#4}>::_M_manager(std::_Any_data&, std::_Any_data const&, std::_Manager_operation)","std::_Function_handler<unsigned int (unsigned int), llama_model::print_info() const::{lambda(unsigned int)#4}>::_M_manager(std::_Any_data&, std::_Any_data const&, std::_Manager_operation)",ggml_ops,L6_2791,000000000192dcf0
"std::_Function_handler<unsigned int (unsigned int), llama_model::print_info() const::{lambda(unsigned int)#4}>::_M_invoke(std::_Any_data const&, unsigned int&&)","std::_Function_handler<unsigned int (unsigned int), llama_model::print_info() const::{lambda(unsigned int)#4}>::_M_invoke(std::_Any_data const&, unsigned int&&)",ggml_ops,L6_2790,000000000192da30
"std::_Function_handler<unsigned int (unsigned int), llama_model::print_info() const::{lambda(unsigned int)#5}>::_M_manager(std::_Any_data&, std::_Any_data const&, std::_Manager_operation)","std::_Function_handler<unsigned int (unsigned int), llama_model::print_info() const::{lambda(unsigned int)#5}>::_M_manager(std::_Any_data&, std::_Any_data const&, std::_Manager_operation)",ggml_ops,L6_2793,000000000192dcc0
"std::_Function_handler<unsigned int (unsigned int), llama_model::print_info() const::{lambda(unsigned int)#5}>::_M_invoke(std::_Any_data const&, unsigned int&&)","std::_Function_handler<unsigned int (unsigned int), llama_model::print_info() const::{lambda(unsigned int)#5}>::_M_invoke(std::_Any_data const&, unsigned int&&)",ggml_ops,L6_2792,000000000192da40
"std::_Function_handler<unsigned int (unsigned int), llama_model::print_info() const::{lambda(unsigned int)#6}>::_M_manager(std::_Any_data&, std::_Any_data const&, std::_Manager_operation)","std::_Function_handler<unsigned int (unsigned int), llama_model::print_info() const::{lambda(unsigned int)#6}>::_M_manager(std::_Any_data&, std::_Any_data const&, std::_Manager_operation)",ggml_ops,L6_2795,000000000192dc90
"std::_Function_handler<unsigned int (unsigned int), llama_model::print_info() const::{lambda(unsigned int)#6}>::_M_invoke(std::_Any_data const&, unsigned int&&)","std::_Function_handler<unsigned int (unsigned int), llama_model::print_info() const::{lambda(unsigned int)#6}>::_M_invoke(std::_Any_data const&, unsigned int&&)",ggml_ops,L6_2794,000000000192da20
"std::_Function_handler<unsigned int (unsigned int), llama_model::print_info() const::{lambda(unsigned int)#1}>::_M_manager(std::_Any_data&, std::_Any_data const&, std::_Manager_operation)","std::_Function_handler<unsigned int (unsigned int), llama_model::print_info() const::{lambda(unsigned int)#1}>::_M_manager(std::_Any_data&, std::_Any_data const&, std::_Manager_operation)",ggml_ops,L6_2785,000000000192dd80
"std::_Function_handler<unsigned int (unsigned int), llama_model::print_info() const::{lambda(unsigned int)#1}>::_M_invoke(std::_Any_data const&, unsigned int&&)","std::_Function_handler<unsigned int (unsigned int), llama_model::print_info() const::{lambda(unsigned int)#1}>::_M_invoke(std::_Any_data const&, unsigned int&&)",ggml_ops,L6_2784,000000000192da00
"std::_Function_handler<nlohmann::json_abi_v3_11_3::basic_json<nlohmann::json_abi_v3_11_3::ordered_map, std::vector, std::__cxx11::basic_string<char, std::char_traits<char>, std::allocator<char> >, bool, long, unsigned long, double, std::allocator, nlohmann::json_abi_v3_11_3::adl_serializer, std::vector<unsigned char, std::allocator<unsigned char> >, void> (std::__cxx11::basic_string<char, std::char_traits<char>, std::allocator<char> > const&), build_grammar[abi:cxx11](std::function<void (common_grammar_builder const&)> const&, common_grammar_options const&)::{lambda(std::__cxx11::basic_string<char, std::char_traits<char>, std::allocator<char> > const&)#1}>::_M_manager(std::_Any_data&, std::_Any_data const&, std::_Manager_operation)","std::_Function_handler<nlohmann::json_abi_v3_11_3::basic_json<nlohmann::json_abi_v3_11_3::ordered_map, std::vector, std::__cxx11::basic_string<char, std::char_traits<char>, std::allocator<char> >, bool, long, unsigned long, double, std::allocator, nlohmann::json_abi_v3_11_3::adl_serializer, std::vector<unsigned char, std::allocator<unsigned char> >, void> (std::__cxx11::basic_string<char, std::char_traits<char>, std::allocator<char> > const&), build_grammar[abi:cxx11](std::function<void (common_grammar_builder const&)> const&, common_grammar_options const&)::{lambda(std::__cxx11::basic_string<char, std::char_traits<char>, std::allocator<char> > const&)#1}>::_M_manager(std::_Any_data&, std::_Any_data const&, std::_Manager_operation)",ggml_ops,L6_2778,0000000001899cf0
"std::_Function_handler<nlohmann::json_abi_v3_11_3::basic_json<nlohmann::json_abi_v3_11_3::ordered_map, std::vector, std::__cxx11::basic_string<char, std::char_traits<char>, std::allocator<char> >, bool, long, unsigned long, double, std::allocator, nlohmann::json_abi_v3_11_3::adl_serializer, std::vector<unsigned char, std::allocator<unsigned char> >, void> (std::__cxx11::basic_string<char, std::char_traits<char>, std::allocator<char> > const&), build_grammar[abi:cxx11](std::function<void (common_grammar_builder const&)> const&, common_grammar_options const&)::{lambda(std::__cxx11::basic_string<char, std::char_traits<char>, std::allocator<char> > const&)#1}>::_M_invoke(std::_Any_data const&, std::__cxx11::basic_string<char, std::char_traits<char>, std::allocator<char> > const&)","std::_Function_handler<nlohmann::json_abi_v3_11_3::basic_json<nlohmann::json_abi_v3_11_3::ordered_map, std::vector, std::__cxx11::basic_string<char, std::char_traits<char>, std::allocator<char> >, bool, long, unsigned long, double, std::allocator, nlohmann::json_abi_v3_11_3::adl_serializer, std::vector<unsigned char, std::allocator<unsigned char> >, void> (std::__cxx11::basic_string<char, std::char_traits<char>, std::allocator<char> > const&), build_grammar[abi:cxx11](std::function<void (common_grammar_builder const&)> const&, common_grammar_options const&)::{lambda(std::__cxx11::basic_string<char, std::char_traits<char>, std::allocator<char> > const&)#1}>::_M_invoke(std::_Any_data const&, std::__cxx11::basic_string<char, std::char_traits<char>, std::allocator<char> > const&)",ggml_ops,L6_2777,000000000189af60
"std::_Function_handler<std::__cxx11::basic_string<char, std::char_traits<char>, std::allocator<char> > (std::__cxx11::basic_string<char, std::char_traits<char>, std::allocator<char> > const&, nlohmann::json_abi_v3_11_3::basic_json<nlohmann::json_abi_v3_11_3::ordered_map, std::vector, std::__cxx11::basic_string<char, std::char_traits<char>, std::allocator<char> >, bool, long, unsigned long, double, std::allocator, nlohmann::json_abi_v3_11_3::adl_serializer, std::vector<unsigned char, std::allocator<unsigned char> >, void> const&), build_grammar[abi:cxx11](std::function<void (common_grammar_builder const&)> const&, common_grammar_options const&)::{lambda(std::__cxx11::basic_string<char, std::char_traits<char>, std::allocator<char> > const&, nlohmann::json_abi_v3_11_3::basic_json<nlohmann::json_abi_v3_11_3::ordered_map, std::vector, std::__cxx11::basic_string<char, std::char_traits<char>, std::allocator<char> >, bool, long, unsigned long, double, std::allocator, nlohmann::json_abi_v3_11_3::adl_serializer, std::vector<unsigned char, std::allocator<unsigned char> >, void> const&)#1}>::_M_manager(std::_Any_data&, std::_Any_data const&, std::_Manager_operation)","std::_Function_handler<std::__cxx11::basic_string<char, std::char_traits<char>, std::allocator<char> > (std::__cxx11::basic_string<char, std::char_traits<char>, std::allocator<char> > const&, nlohmann::json_abi_v3_11_3::basic_json<nlohmann::json_abi_v3_11_3::ordered_map, std::vector, std::__cxx11::basic_string<char, std::char_traits<char>, std::allocator<char> >, bool, long, unsigned long, double, std::allocator, nlohmann::json_abi_v3_11_3::adl_serializer, std::vector<unsigned char, std::allocator<unsigned char> >, void> const&), build_grammar[abi:cxx11](std::function<void (common_grammar_builder const&)> const&, common_grammar_options const&)::{lambda(std::__cxx11::basic_string<char, std::char_traits<char>, std::allocator<char> > const&, nlohmann::json_abi_v3_11_3::basic_json<nlohmann::json_abi_v3_11_3::ordered_map, std::vector, std::__cxx11::basic_string<char, std::char_traits<char>, std::allocator<char> >, bool, long, unsigned long, double, std::allocator, nlohmann::json_abi_v3_11_3::adl_serializer, std::vector<unsigned char, std::allocator<unsigned char> >, void> const&)#1}>::_M_manager(std::_Any_data&, std::_Any_data const&, std::_Manager_operation)",ggml_ops,L6_2781,000000000189a510
"std::_Function_handler<std::__cxx11::basic_string<char, std::char_traits<char>, std::allocator<char> > (std::__cxx11::basic_string<char, std::char_traits<char>, std::allocator<char> > const&, nlohmann::json_abi_v3_11_3::basic_json<nlohmann::json_abi_v3_11_3::ordered_map, std::vector, std::__cxx11::basic_string<char, std::char_traits<char>, std::allocator<char> >, bool, long, unsigned long, double, std::allocator, nlohmann::json_abi_v3_11_3::adl_serializer, std::vector<unsigned char, std::allocator<unsigned char> >, void> const&), build_grammar[abi:cxx11](std::function<void (common_grammar_builder const&)> const&, common_grammar_options const&)::{lambda(std::__cxx11::basic_string<char, std::char_traits<char>, std::allocator<char> > const&, nlohmann::json_abi_v3_11_3::basic_json<nlohmann::json_abi_v3_11_3::ordered_map, std::vector, std::__cxx11::basic_string<char, std::char_traits<char>, std::allocator<char> >, bool, long, unsigned long, double, std::allocator, nlohmann::json_abi_v3_11_3::adl_serializer, std::vector<unsigned char, std::allocator<unsigned char> >, void> const&)#1}>::_M_invoke(std::_Any_data const&, std::__cxx11::basic_string<char, std::char_traits<char>, std::allocator<char> > const&, nlohmann::json_abi_v3_11_3::basic_json<nlohmann::json_abi_v3_11_3::ordered_map, std::vector, std::__cxx11::basic_string<char, std::char_traits<char>, std::allocator<char> >, bool, long, unsigned long, double, std::allocator, nlohmann::json_abi_v3_11_3::adl_serializer, std::vector<unsigned char, std::allocator<unsigned char> >, void> const&)","std::_Function_handler<std::__cxx11::basic_string<char, std::char_traits<char>, std::allocator<char> > (std::__cxx11::basic_string<char, std::char_traits<char>, std::allocator<char> > const&, nlohmann::json_abi_v3_11_3::basic_json<nlohmann::json_abi_v3_11_3::ordered_map, std::vector, std::__cxx11::basic_string<char, std::char_traits<char>, std::allocator<char> >, bool, long, unsigned long, double, std::allocator, nlohmann::json_abi_v3_11_3::adl_serializer, std::vector<unsigned char, std::allocator<unsigned char> >, void> const&), build_grammar[abi:cxx11](std::function<void (common_grammar_builder const&)> const&, common_grammar_options const&)::{lambda(std::__cxx11::basic_string<char, std::char_traits<char>, std::allocator<char> > const&, nlohmann::json_abi_v3_11_3::basic_json<nlohmann::json_abi_v3_11_3::ordered_map, std::vector, std::__cxx11::basic_string<char, std::char_traits<char>, std::allocator<char> >, bool, long, unsigned long, double, std::allocator, nlohmann::json_abi_v3_11_3::adl_serializer, std::vector<unsigned char, std::allocator<unsigned char> >, void> const&)#1}>::_M_invoke(std::_Any_data const&, std::__cxx11::basic_string<char, std::char_traits<char>, std::allocator<char> > const&, nlohmann::json_abi_v3_11_3::basic_json<nlohmann::json_abi_v3_11_3::ordered_map, std::vector, std::__cxx11::basic_string<char, std::char_traits<char>, std::allocator<char> >, bool, long, unsigned long, double, std::allocator, nlohmann::json_abi_v3_11_3::adl_serializer, std::vector<unsigned char, std::allocator<unsigned char> >, void> const&)",ggml_ops,L6_2779,000000000189d670
"std::_Function_handler<std::__cxx11::basic_string<char, std::char_traits<char>, std::allocator<char> > (std::__cxx11::basic_string<char, std::char_traits<char>, std::allocator<char> > const&, nlohmann::json_abi_v3_11_3::basic_json<nlohmann::json_abi_v3_11_3::ordered_map, std::vector, std::__cxx11::basic_string<char, std::char_traits<char>, std::allocator<char> >, bool, long, unsigned long, double, std::allocator, nlohmann::json_abi_v3_11_3::adl_serializer, std::vector<unsigned char, std::allocator<unsigned char> >, void> const&), build_grammar[abi:cxx11](std::function<void (common_grammar_builder const&)> const&, common_grammar_options const&)::{lambda(std::__cxx11::basic_string<char, std::char_traits<char>, std::allocator<char> > const&, nlohmann::json_abi_v3_11_3::basic_json<nlohmann::json_abi_v3_11_3::ordered_map, std::vector, std::__cxx11::basic_string<char, std::char_traits<char>, std::allocator<char> >, bool, long, unsigned long, double, std::allocator, nlohmann::json_abi_v3_11_3::adl_serializer, std::vector<unsigned char, std::allocator<unsigned char> >, void> const&)#1}>::_M_invoke(std::_Any_data const&, std::__cxx11::basic_string<char, std::char_traits<char>, std::allocator<char> > const&, nlohmann::json_abi_v3_11_3::basic_json<nlohmann::json_abi_v3_11_3::ordered_map, std::vector, std::__cxx11::basic_string<char, std::char_traits<char>, std::allocator<char> >, bool, long, unsigned long, double, std::allocator, nlohmann::json_abi_v3_11_3::adl_serializer, std::vector<unsigned char, std::allocator<unsigned char> >, void> const&) [clone .cold]","std::_Function_handler<std::__cxx11::basic_string<char, std::char_traits<char>, std::allocator<char> > (std::__cxx11::basic_string<char, std::char_traits<char>, std::allocator<char> > const&, nlohmann::json_abi_v3_11_3::basic_json<nlohmann::json_abi_v3_11_3::ordered_map, std::vector, std::__cxx11::basic_string<char, std::char_traits<char>, std::allocator<char> >, bool, long, unsigned long, double, std::allocator, nlohmann::json_abi_v3_11_3::adl_serializer, std::vector<unsigned char, std::allocator<unsigned char> >, void> const&), build_grammar[abi:cxx11](std::function<void (common_grammar_builder const&)> const&, common_grammar_options const&)::{lambda(std::__cxx11::basic_string<char, std::char_traits<char>, std::allocator<char> > const&, nlohmann::json_abi_v3_11_3::basic_json<nlohmann::json_abi_v3_11_3::ordered_map, std::vector, std::__cxx11::basic_string<char, std::char_traits<char>, std::allocator<char> >, bool, long, unsigned long, double, std::allocator, nlohmann::json_abi_v3_11_3::adl_serializer, std::vector<unsigned char, std::allocator<unsigned char> >, void> const&)#1}>::_M_invoke(std::_Any_data const&, std::__cxx11::basic_string<char, std::char_traits<char>, std::allocator<char> > const&, nlohmann::json_abi_v3_11_3::basic_json<nlohmann::json_abi_v3_11_3::ordered_map, std::vector, std::__cxx11::basic_string<char, std::char_traits<char>, std::allocator<char> >, bool, long, unsigned long, double, std::allocator, nlohmann::json_abi_v3_11_3::adl_serializer, std::vector<unsigned char, std::allocator<unsigned char> >, void> const&) [clone .cold]",ggml_ops,L6_2780,000000000040e301
"std::_Function_handler<std::__cxx11::basic_string<char, std::char_traits<char>, std::allocator<char> > (std::__cxx11::basic_string<char, std::char_traits<char>, std::allocator<char> > const&, std::__cxx11::basic_string<char, std::char_traits<char>, std::allocator<char> > const&), build_grammar[abi:cxx11](std::function<void (common_grammar_builder const&)> const&, common_grammar_options const&)::{lambda(std::__cxx11::basic_string<char, std::char_traits<char>, std::allocator<char> > const&, std::__cxx11::basic_string<char, std::char_traits<char>, std::allocator<char> > const&)#1}>::_M_manager(std::_Any_data&, std::_Any_data const&, std::_Manager_operation)","std::_Function_handler<std::__cxx11::basic_string<char, std::char_traits<char>, std::allocator<char> > (std::__cxx11::basic_string<char, std::char_traits<char>, std::allocator<char> > const&, std::__cxx11::basic_string<char, std::char_traits<char>, std::allocator<char> > const&), build_grammar[abi:cxx11](std::function<void (common_grammar_builder const&)> const&, common_grammar_options const&)::{lambda(std::__cxx11::basic_string<char, std::char_traits<char>, std::allocator<char> > const&, std::__cxx11::basic_string<char, std::char_traits<char>, std::allocator<char> > const&)#1}>::_M_manager(std::_Any_data&, std::_Any_data const&, std::_Manager_operation)",ggml_ops,L6_2783,000000000189a540
"std::_Function_handler<std::__cxx11::basic_string<char, std::char_traits<char>, std::allocator<char> > (std::__cxx11::basic_string<char, std::char_traits<char>, std::allocator<char> > const&, std::__cxx11::basic_string<char, std::char_traits<char>, std::allocator<char> > const&), build_grammar[abi:cxx11](std::function<void (common_grammar_builder const&)> const&, common_grammar_options const&)::{lambda(std::__cxx11::basic_string<char, std::char_traits<char>, std::allocator<char> > const&, std::__cxx11::basic_string<char, std::char_traits<char>, std::allocator<char> > const&)#1}>::_M_invoke(std::_Any_data const&, std::__cxx11::basic_string<char, std::char_traits<char>, std::allocator<char> > const&, std::__cxx11::basic_string<char, std::char_traits<char>, std::allocator<char> > const&)","std::_Function_handler<std::__cxx11::basic_string<char, std::char_traits<char>, std::allocator<char> > (std::__cxx11::basic_string<char, std::char_traits<char>, std::allocator<char> > const&, std::__cxx11::basic_string<char, std::char_traits<char>, std::allocator<char> > const&), build_grammar[abi:cxx11](std::function<void (common_grammar_builder const&)> const&, common_grammar_options const&)::{lambda(std::__cxx11::basic_string<char, std::char_traits<char>, std::allocator<char> > const&, std::__cxx11::basic_string<char, std::char_traits<char>, std::allocator<char> > const&)#1}>::_M_invoke(std::_Any_data const&, std::__cxx11::basic_string<char, std::char_traits<char>, std::allocator<char> > const&, std::__cxx11::basic_string<char, std::char_traits<char>, std::allocator<char> > const&)",ggml_ops,L6_2782,000000000189d630
"std::_Function_handler<std::unique_ptr<std::__future_base::_Result_base, std::__future_base::_Result_base::_Deleter> (), std::__future_base::_Task_setter<std::unique_ptr<std::__future_base::_Result<std::pair<ggml_tensor*, bool> >, std::__future_base::_Result_base::_Deleter>, std::thread::_Invoker<std::tuple<llama_model_loader::load_all_data(ggml_context*, std::unordered_map<unsigned int, ggml_backend_buffer*, std::hash<unsigned int>, std::equal_to<unsigned int>, std::allocator<std::pair<unsigned int const, ggml_backend_buffer*> > >&, std::vector<std::unique_ptr<llama_mlock, std::default_delete<llama_mlock> >, std::allocator<std::unique_ptr<llama_mlock, std::default_delete<llama_mlock> > > >*, bool (*)(float, void*), void*)::{lambda()#2}> >, std::pair<ggml_tensor*, bool> > >::_M_manager(std::_Any_data&, std::_Any_data const&, std::_Manager_operation)","std::_Function_handler<std::unique_ptr<std::__future_base::_Result_base, std::__future_base::_Result_base::_Deleter> (), std::__future_base::_Task_setter<std::unique_ptr<std::__future_base::_Result<std::pair<ggml_tensor*, bool> >, std::__future_base::_Result_base::_Deleter>, std::thread::_Invoker<std::tuple<llama_model_loader::load_all_data(ggml_context*, std::unordered_map<unsigned int, ggml_backend_buffer*, std::hash<unsigned int>, std::equal_to<unsigned int>, std::allocator<std::pair<unsigned int const, ggml_backend_buffer*> > >&, std::vector<std::unique_ptr<llama_mlock, std::default_delete<llama_mlock> >, std::allocator<std::unique_ptr<llama_mlock, std::default_delete<llama_mlock> > > >*, bool (*)(float, void*), void*)::{lambda()#2}> >, std::pair<ggml_tensor*, bool> > >::_M_manager(std::_Any_data&, std::_Any_data const&, std::_Manager_operation)",ggml_backend,L5_462,00000000019211f0
"std::_Function_handler<std::unique_ptr<std::__future_base::_Result_base, std::__future_base::_Result_base::_Deleter> (), std::__future_base::_Task_setter<std::unique_ptr<std::__future_base::_Result<std::pair<ggml_tensor*, bool> >, std::__future_base::_Result_base::_Deleter>, std::thread::_Invoker<std::tuple<llama_model_loader::load_all_data(ggml_context*, std::unordered_map<unsigned int, ggml_backend_buffer*, std::hash<unsigned int>, std::equal_to<unsigned int>, std::allocator<std::pair<unsigned int const, ggml_backend_buffer*> > >&, std::vector<std::unique_ptr<llama_mlock, std::default_delete<llama_mlock> >, std::allocator<std::unique_ptr<llama_mlock, std::default_delete<llama_mlock> > > >*, bool (*)(float, void*), void*)::{lambda()#2}> >, std::pair<ggml_tensor*, bool> > >::_M_invoke(std::_Any_data const&)","std::_Function_handler<std::unique_ptr<std::__future_base::_Result_base, std::__future_base::_Result_base::_Deleter> (), std::__future_base::_Task_setter<std::unique_ptr<std::__future_base::_Result<std::pair<ggml_tensor*, bool> >, std::__future_base::_Result_base::_Deleter>, std::thread::_Invoker<std::tuple<llama_model_loader::load_all_data(ggml_context*, std::unordered_map<unsigned int, ggml_backend_buffer*, std::hash<unsigned int>, std::equal_to<unsigned int>, std::allocator<std::pair<unsigned int const, ggml_backend_buffer*> > >&, std::vector<std::unique_ptr<llama_mlock, std::default_delete<llama_mlock> >, std::allocator<std::unique_ptr<llama_mlock, std::default_delete<llama_mlock> > > >*, bool (*)(float, void*), void*)::{lambda()#2}> >, std::pair<ggml_tensor*, bool> > >::_M_invoke(std::_Any_data const&)",ggml_backend,L5_460,0000000001921580
"std::_Function_handler<std::unique_ptr<std::__future_base::_Result_base, std::__future_base::_Result_base::_Deleter> (), std::__future_base::_Task_setter<std::unique_ptr<std::__future_base::_Result<std::pair<ggml_tensor*, bool> >, std::__future_base::_Result_base::_Deleter>, std::thread::_Invoker<std::tuple<llama_model_loader::load_all_data(ggml_context*, std::unordered_map<unsigned int, ggml_backend_buffer*, std::hash<unsigned int>, std::equal_to<unsigned int>, std::allocator<std::pair<unsigned int const, ggml_backend_buffer*> > >&, std::vector<std::unique_ptr<llama_mlock, std::default_delete<llama_mlock> >, std::allocator<std::unique_ptr<llama_mlock, std::default_delete<llama_mlock> > > >*, bool (*)(float, void*), void*)::{lambda()#2}> >, std::pair<ggml_tensor*, bool> > >::_M_invoke(std::_Any_data const&) [clone .cold]","std::_Function_handler<std::unique_ptr<std::__future_base::_Result_base, std::__future_base::_Result_base::_Deleter> (), std::__future_base::_Task_setter<std::unique_ptr<std::__future_base::_Result<std::pair<ggml_tensor*, bool> >, std::__future_base::_Result_base::_Deleter>, std::thread::_Invoker<std::tuple<llama_model_loader::load_all_data(ggml_context*, std::unordered_map<unsigned int, ggml_backend_buffer*, std::hash<unsigned int>, std::equal_to<unsigned int>, std::allocator<std::pair<unsigned int const, ggml_backend_buffer*> > >&, std::vector<std::unique_ptr<llama_mlock, std::default_delete<llama_mlock> >, std::allocator<std::unique_ptr<llama_mlock, std::default_delete<llama_mlock> > > >*, bool (*)(float, void*), void*)::{lambda()#2}> >, std::pair<ggml_tensor*, bool> > >::_M_invoke(std::_Any_data const&) [clone .cold]",ggml_backend,L5_461,000000000041753c
"std::_Function_handler<std::unique_ptr<std::__future_base::_Result_base, std::__future_base::_Result_base::_Deleter> (), std::__future_base::_Task_setter<std::unique_ptr<std::__future_base::_Result<std::pair<ggml_tensor*, bool> >, std::__future_base::_Result_base::_Deleter>, std::thread::_Invoker<std::tuple<llama_model_loader::load_all_data(ggml_context*, std::unordered_map<unsigned int, ggml_backend_buffer*, std::hash<unsigned int>, std::equal_to<unsigned int>, std::allocator<std::pair<unsigned int const, ggml_backend_buffer*> > >&, std::vector<std::unique_ptr<llama_mlock, std::default_delete<llama_mlock> >, std::allocator<std::unique_ptr<llama_mlock, std::default_delete<llama_mlock> > > >*, bool (*)(float, void*), void*)::{lambda()#1}> >, std::pair<ggml_tensor*, bool> > >::_M_manager(std::_Any_data&, std::_Any_data const&, std::_Manager_operation)","std::_Function_handler<std::unique_ptr<std::__future_base::_Result_base, std::__future_base::_Result_base::_Deleter> (), std::__future_base::_Task_setter<std::unique_ptr<std::__future_base::_Result<std::pair<ggml_tensor*, bool> >, std::__future_base::_Result_base::_Deleter>, std::thread::_Invoker<std::tuple<llama_model_loader::load_all_data(ggml_context*, std::unordered_map<unsigned int, ggml_backend_buffer*, std::hash<unsigned int>, std::equal_to<unsigned int>, std::allocator<std::pair<unsigned int const, ggml_backend_buffer*> > >&, std::vector<std::unique_ptr<llama_mlock, std::default_delete<llama_mlock> >, std::allocator<std::unique_ptr<llama_mlock, std::default_delete<llama_mlock> > > >*, bool (*)(float, void*), void*)::{lambda()#1}> >, std::pair<ggml_tensor*, bool> > >::_M_manager(std::_Any_data&, std::_Any_data const&, std::_Manager_operation)",ggml_backend,L5_459,0000000001921220
"std::_Function_handler<std::unique_ptr<std::__future_base::_Result_base, std::__future_base::_Result_base::_Deleter> (), std::__future_base::_Task_setter<std::unique_ptr<std::__future_base::_Result<std::pair<ggml_tensor*, bool> >, std::__future_base::_Result_base::_Deleter>, std::thread::_Invoker<std::tuple<llama_model_loader::load_all_data(ggml_context*, std::unordered_map<unsigned int, ggml_backend_buffer*, std::hash<unsigned int>, std::equal_to<unsigned int>, std::allocator<std::pair<unsigned int const, ggml_backend_buffer*> > >&, std::vector<std::unique_ptr<llama_mlock, std::default_delete<llama_mlock> >, std::allocator<std::unique_ptr<llama_mlock, std::default_delete<llama_mlock> > > >*, bool (*)(float, void*), void*)::{lambda()#1}> >, std::pair<ggml_tensor*, bool> > >::_M_invoke(std::_Any_data const&)","std::_Function_handler<std::unique_ptr<std::__future_base::_Result_base, std::__future_base::_Result_base::_Deleter> (), std::__future_base::_Task_setter<std::unique_ptr<std::__future_base::_Result<std::pair<ggml_tensor*, bool> >, std::__future_base::_Result_base::_Deleter>, std::thread::_Invoker<std::tuple<llama_model_loader::load_all_data(ggml_context*, std::unordered_map<unsigned int, ggml_backend_buffer*, std::hash<unsigned int>, std::equal_to<unsigned int>, std::allocator<std::pair<unsigned int const, ggml_backend_buffer*> > >&, std::vector<std::unique_ptr<llama_mlock, std::default_delete<llama_mlock> >, std::allocator<std::unique_ptr<llama_mlock, std::default_delete<llama_mlock> > > >*, bool (*)(float, void*), void*)::{lambda()#1}> >, std::pair<ggml_tensor*, bool> > >::_M_invoke(std::_Any_data const&)",ggml_backend,L5_457,0000000001921830
"std::_Function_handler<std::unique_ptr<std::__future_base::_Result_base, std::__future_base::_Result_base::_Deleter> (), std::__future_base::_Task_setter<std::unique_ptr<std::__future_base::_Result<std::pair<ggml_tensor*, bool> >, std::__future_base::_Result_base::_Deleter>, std::thread::_Invoker<std::tuple<llama_model_loader::load_all_data(ggml_context*, std::unordered_map<unsigned int, ggml_backend_buffer*, std::hash<unsigned int>, std::equal_to<unsigned int>, std::allocator<std::pair<unsigned int const, ggml_backend_buffer*> > >&, std::vector<std::unique_ptr<llama_mlock, std::default_delete<llama_mlock> >, std::allocator<std::unique_ptr<llama_mlock, std::default_delete<llama_mlock> > > >*, bool (*)(float, void*), void*)::{lambda()#1}> >, std::pair<ggml_tensor*, bool> > >::_M_invoke(std::_Any_data const&) [clone .cold]","std::_Function_handler<std::unique_ptr<std::__future_base::_Result_base, std::__future_base::_Result_base::_Deleter> (), std::__future_base::_Task_setter<std::unique_ptr<std::__future_base::_Result<std::pair<ggml_tensor*, bool> >, std::__future_base::_Result_base::_Deleter>, std::thread::_Invoker<std::tuple<llama_model_loader::load_all_data(ggml_context*, std::unordered_map<unsigned int, ggml_backend_buffer*, std::hash<unsigned int>, std::equal_to<unsigned int>, std::allocator<std::pair<unsigned int const, ggml_backend_buffer*> > >&, std::vector<std::unique_ptr<llama_mlock, std::default_delete<llama_mlock> >, std::allocator<std::unique_ptr<llama_mlock, std::default_delete<llama_mlock> > > >*, bool (*)(float, void*), void*)::{lambda()#1}> >, std::pair<ggml_tensor*, bool> > >::_M_invoke(std::_Any_data const&) [clone .cold]",ggml_backend,L5_458,00000000004175e0
"std::_Function_handler<void (ggml_tensor*, char const*, int), llama_build_graph(llama_context&, llama_ubatch const&, bool)::{lambda(ggml_tensor*, char const*, int)#1}>::_M_manager(std::_Any_data&, std::_Any_data const&, std::_Manager_operation)","std::_Function_handler<void (ggml_tensor*, char const*, int), llama_build_graph(llama_context&, llama_ubatch const&, bool)::{lambda(ggml_tensor*, char const*, int)#1}>::_M_manager(std::_Any_data&, std::_Any_data const&, std::_Manager_operation)",ggml_ops,L6_2800,0000000001979170
"std::_Function_handler<void (ggml_tensor*, char const*, int), llama_build_graph(llama_context&, llama_ubatch const&, bool)::{lambda(ggml_tensor*, char const*, int)#1}>::_M_invoke(std::_Any_data const&, ggml_tensor*&&, char const*&&, int&&)","std::_Function_handler<void (ggml_tensor*, char const*, int), llama_build_graph(llama_context&, llama_ubatch const&, bool)::{lambda(ggml_tensor*, char const*, int)#1}>::_M_invoke(std::_Any_data const&, ggml_tensor*&&, char const*&&, int&&)",ggml_ops,L6_2799,0000000001978270
"std::_Function_handler<void (ggml_tensor*, char const*, int), llama_build_graph_defrag(llama_context&, std::vector<llama_kv_defrag_move, std::allocator<llama_kv_defrag_move> > const&)::{lambda(ggml_tensor*, char const*, int)#1}>::_M_manager(std::_Any_data&, std::_Any_data const&, std::_Manager_operation)","std::_Function_handler<void (ggml_tensor*, char const*, int), llama_build_graph_defrag(llama_context&, std::vector<llama_kv_defrag_move, std::allocator<llama_kv_defrag_move> > const&)::{lambda(ggml_tensor*, char const*, int)#1}>::_M_manager(std::_Any_data&, std::_Any_data const&, std::_Manager_operation)",ggml_ops,L6_2802,0000000001978210
"std::_Function_handler<void (ggml_tensor*, char const*, int), llama_build_graph_defrag(llama_context&, std::vector<llama_kv_defrag_move, std::allocator<llama_kv_defrag_move> > const&)::{lambda(ggml_tensor*, char const*, int)#1}>::_M_invoke(std::_Any_data const&, ggml_tensor*&&, char const*&&, int&&)","std::_Function_handler<void (ggml_tensor*, char const*, int), llama_build_graph_defrag(llama_context&, std::vector<llama_kv_defrag_move, std::allocator<llama_kv_defrag_move> > const&)::{lambda(ggml_tensor*, char const*, int)#1}>::_M_invoke(std::_Any_data const&, ggml_tensor*&&, char const*&&, int&&)",ggml_ops,L6_2801,0000000001978200
"std::_Function_handler<void (ggml_tensor*, char const*, int), llama_build_graph_k_shift(llama_context&)::{lambda(ggml_tensor*, char const*, int)#1}>::_M_manager(std::_Any_data&, std::_Any_data const&, std::_Manager_operation)","std::_Function_handler<void (ggml_tensor*, char const*, int), llama_build_graph_k_shift(llama_context&)::{lambda(ggml_tensor*, char const*, int)#1}>::_M_manager(std::_Any_data&, std::_Any_data const&, std::_Manager_operation)",ggml_ops,L6_2804,0000000001978240
"std::_Function_handler<void (ggml_tensor*, char const*, int), llama_build_graph_k_shift(llama_context&)::{lambda(ggml_tensor*, char const*, int)#1}>::_M_invoke(std::_Any_data const&, ggml_tensor*&&, char const*&&, int&&)","std::_Function_handler<void (ggml_tensor*, char const*, int), llama_build_graph_k_shift(llama_context&)::{lambda(ggml_tensor*, char const*, int)#1}>::_M_invoke(std::_Any_data const&, ggml_tensor*&&, char const*&&, int&&)",ggml_ops,L6_2803,00000000019790b0
"std::_Function_handler<void (common_grammar_builder const&), json_schema_to_grammar(nlohmann::json_abi_v3_11_3::basic_json<nlohmann::json_abi_v3_11_3::ordered_map, std::vector, std::__cxx11::basic_string<char, std::char_traits<char>, std::allocator<char> >, bool, long, unsigned long, double, std::allocator, nlohmann::json_abi_v3_11_3::adl_serializer, std::vector<unsigned char, std::allocator<unsigned char> >, void> const&, bool)::{lambda(common_grammar_builder const&)#1}>::_M_manager(std::_Any_data&, std::_Any_data const&, std::_Manager_operation)","std::_Function_handler<void (common_grammar_builder const&), json_schema_to_grammar(nlohmann::json_abi_v3_11_3::basic_json<nlohmann::json_abi_v3_11_3::ordered_map, std::vector, std::__cxx11::basic_string<char, std::char_traits<char>, std::allocator<char> >, bool, long, unsigned long, double, std::allocator, nlohmann::json_abi_v3_11_3::adl_serializer, std::vector<unsigned char, std::allocator<unsigned char> >, void> const&, bool)::{lambda(common_grammar_builder const&)#1}>::_M_manager(std::_Any_data&, std::_Any_data const&, std::_Manager_operation)",ggml_ops,L6_2798,000000000189a570
"std::_Function_handler<void (common_grammar_builder const&), json_schema_to_grammar(nlohmann::json_abi_v3_11_3::basic_json<nlohmann::json_abi_v3_11_3::ordered_map, std::vector, std::__cxx11::basic_string<char, std::char_traits<char>, std::allocator<char> >, bool, long, unsigned long, double, std::allocator, nlohmann::json_abi_v3_11_3::adl_serializer, std::vector<unsigned char, std::allocator<unsigned char> >, void> const&, bool)::{lambda(common_grammar_builder const&)#1}>::_M_invoke(std::_Any_data const&, common_grammar_builder const&)","std::_Function_handler<void (common_grammar_builder const&), json_schema_to_grammar(nlohmann::json_abi_v3_11_3::basic_json<nlohmann::json_abi_v3_11_3::ordered_map, std::vector, std::__cxx11::basic_string<char, std::char_traits<char>, std::allocator<char> >, bool, long, unsigned long, double, std::allocator, nlohmann::json_abi_v3_11_3::adl_serializer, std::vector<unsigned char, std::allocator<unsigned char> >, void> const&, bool)::{lambda(common_grammar_builder const&)#1}>::_M_invoke(std::_Any_data const&, common_grammar_builder const&)",ggml_ops,L6_2796,000000000189ccb0
"std::_Function_handler<void (common_grammar_builder const&), json_schema_to_grammar(nlohmann::json_abi_v3_11_3::basic_json<nlohmann::json_abi_v3_11_3::ordered_map, std::vector, std::__cxx11::basic_string<char, std::char_traits<char>, std::allocator<char> >, bool, long, unsigned long, double, std::allocator, nlohmann::json_abi_v3_11_3::adl_serializer, std::vector<unsigned char, std::allocator<unsigned char> >, void> const&, bool)::{lambda(common_grammar_builder const&)#1}>::_M_invoke(std::_Any_data const&, common_grammar_builder const&) [clone .cold]","std::_Function_handler<void (common_grammar_builder const&), json_schema_to_grammar(nlohmann::json_abi_v3_11_3::basic_json<nlohmann::json_abi_v3_11_3::ordered_map, std::vector, std::__cxx11::basic_string<char, std::char_traits<char>, std::allocator<char> >, bool, long, unsigned long, double, std::allocator, nlohmann::json_abi_v3_11_3::adl_serializer, std::vector<unsigned char, std::allocator<unsigned char> >, void> const&, bool)::{lambda(common_grammar_builder const&)#1}>::_M_invoke(std::_Any_data const&, common_grammar_builder const&) [clone .cold]",ggml_ops,L6_2797,000000000040e139
"std::_Function_handler<void (nlohmann::json_abi_v3_11_3::basic_json<nlohmann::json_abi_v3_11_3::ordered_map, std::vector, std::__cxx11::basic_string<char, std::char_traits<char>, std::allocator<char> >, bool, long, unsigned long, double, std::allocator, nlohmann::json_abi_v3_11_3::adl_serializer, std::vector<unsigned char, std::allocator<unsigned char> >, void>&), build_grammar[abi:cxx11](std::function<void (common_grammar_builder const&)> const&, common_grammar_options const&)::{lambda(nlohmann::json_abi_v3_11_3::basic_json<nlohmann::json_abi_v3_11_3::ordered_map, std::vector, std::__cxx11::basic_string<char, std::char_traits<char>, std::allocator<char> >, bool, long, unsigned long, double, std::allocator, nlohmann::json_abi_v3_11_3::adl_serializer, std::vector<unsigned char, std::allocator<unsigned char> >, void>&)#1}>::_M_manager(std::_Any_data&, std::_Any_data const&, std::_Manager_operation)","std::_Function_handler<void (nlohmann::json_abi_v3_11_3::basic_json<nlohmann::json_abi_v3_11_3::ordered_map, std::vector, std::__cxx11::basic_string<char, std::char_traits<char>, std::allocator<char> >, bool, long, unsigned long, double, std::allocator, nlohmann::json_abi_v3_11_3::adl_serializer, std::vector<unsigned char, std::allocator<unsigned char> >, void>&), build_grammar[abi:cxx11](std::function<void (common_grammar_builder const&)> const&, common_grammar_options const&)::{lambda(nlohmann::json_abi_v3_11_3::basic_json<nlohmann::json_abi_v3_11_3::ordered_map, std::vector, std::__cxx11::basic_string<char, std::char_traits<char>, std::allocator<char> >, bool, long, unsigned long, double, std::allocator, nlohmann::json_abi_v3_11_3::adl_serializer, std::vector<unsigned char, std::allocator<unsigned char> >, void>&)#1}>::_M_manager(std::_Any_data&, std::_Any_data const&, std::_Manager_operation)",ggml_ops,L6_2807,000000000189a4e0
"std::_Function_handler<void (nlohmann::json_abi_v3_11_3::basic_json<nlohmann::json_abi_v3_11_3::ordered_map, std::vector, std::__cxx11::basic_string<char, std::char_traits<char>, std::allocator<char> >, bool, long, unsigned long, double, std::allocator, nlohmann::json_abi_v3_11_3::adl_serializer, std::vector<unsigned char, std::allocator<unsigned char> >, void>&), build_grammar[abi:cxx11](std::function<void (common_grammar_builder const&)> const&, common_grammar_options const&)::{lambda(nlohmann::json_abi_v3_11_3::basic_json<nlohmann::json_abi_v3_11_3::ordered_map, std::vector, std::__cxx11::basic_string<char, std::char_traits<char>, std::allocator<char> >, bool, long, unsigned long, double, std::allocator, nlohmann::json_abi_v3_11_3::adl_serializer, std::vector<unsigned char, std::allocator<unsigned char> >, void>&)#1}>::_M_invoke(std::_Any_data const&, nlohmann::json_abi_v3_11_3::basic_json<nlohmann::json_abi_v3_11_3::ordered_map, std::vector, std::__cxx11::basic_string<char, std::char_traits<char>, std::allocator<char> >, bool, long, unsigned long, double, std::allocator, nlohmann::json_abi_v3_11_3::adl_serializer, std::vector<unsigned char, std::allocator<unsigned char> >, void>&)","std::_Function_handler<void (nlohmann::json_abi_v3_11_3::basic_json<nlohmann::json_abi_v3_11_3::ordered_map, std::vector, std::__cxx11::basic_string<char, std::char_traits<char>, std::allocator<char> >, bool, long, unsigned long, double, std::allocator, nlohmann::json_abi_v3_11_3::adl_serializer, std::vector<unsigned char, std::allocator<unsigned char> >, void>&), build_grammar[abi:cxx11](std::function<void (common_grammar_builder const&)> const&, common_grammar_options const&)::{lambda(nlohmann::json_abi_v3_11_3::basic_json<nlohmann::json_abi_v3_11_3::ordered_map, std::vector, std::__cxx11::basic_string<char, std::char_traits<char>, std::allocator<char> >, bool, long, unsigned long, double, std::allocator, nlohmann::json_abi_v3_11_3::adl_serializer, std::vector<unsigned char, std::allocator<unsigned char> >, void>&)#1}>::_M_invoke(std::_Any_data const&, nlohmann::json_abi_v3_11_3::basic_json<nlohmann::json_abi_v3_11_3::ordered_map, std::vector, std::__cxx11::basic_string<char, std::char_traits<char>, std::allocator<char> >, bool, long, unsigned long, double, std::allocator, nlohmann::json_abi_v3_11_3::adl_serializer, std::vector<unsigned char, std::allocator<unsigned char> >, void>&)",ggml_ops,L6_2805,000000000189af70
"std::_Function_handler<void (nlohmann::json_abi_v3_11_3::basic_json<nlohmann::json_abi_v3_11_3::ordered_map, std::vector, std::__cxx11::basic_string<char, std::char_traits<char>, std::allocator<char> >, bool, long, unsigned long, double, std::allocator, nlohmann::json_abi_v3_11_3::adl_serializer, std::vector<unsigned char, std::allocator<unsigned char> >, void>&), build_grammar[abi:cxx11](std::function<void (common_grammar_builder const&)> const&, common_grammar_options const&)::{lambda(nlohmann::json_abi_v3_11_3::basic_json<nlohmann::json_abi_v3_11_3::ordered_map, std::vector, std::__cxx11::basic_string<char, std::char_traits<char>, std::allocator<char> >, bool, long, unsigned long, double, std::allocator, nlohmann::json_abi_v3_11_3::adl_serializer, std::vector<unsigned char, std::allocator<unsigned char> >, void>&)#1}>::_M_invoke(std::_Any_data const&, nlohmann::json_abi_v3_11_3::basic_json<nlohmann::json_abi_v3_11_3::ordered_map, std::vector, std::__cxx11::basic_string<char, std::char_traits<char>, std::allocator<char> >, bool, long, unsigned long, double, std::allocator, nlohmann::json_abi_v3_11_3::adl_serializer, std::vector<unsigned char, std::allocator<unsigned char> >, void>&) [clone .cold]","std::_Function_handler<void (nlohmann::json_abi_v3_11_3::basic_json<nlohmann::json_abi_v3_11_3::ordered_map, std::vector, std::__cxx11::basic_string<char, std::char_traits<char>, std::allocator<char> >, bool, long, unsigned long, double, std::allocator, nlohmann::json_abi_v3_11_3::adl_serializer, std::vector<unsigned char, std::allocator<unsigned char> >, void>&), build_grammar[abi:cxx11](std::function<void (common_grammar_builder const&)> const&, common_grammar_options const&)::{lambda(nlohmann::json_abi_v3_11_3::basic_json<nlohmann::json_abi_v3_11_3::ordered_map, std::vector, std::__cxx11::basic_string<char, std::char_traits<char>, std::allocator<char> >, bool, long, unsigned long, double, std::allocator, nlohmann::json_abi_v3_11_3::adl_serializer, std::vector<unsigned char, std::allocator<unsigned char> >, void>&)#1}>::_M_invoke(std::_Any_data const&, nlohmann::json_abi_v3_11_3::basic_json<nlohmann::json_abi_v3_11_3::ordered_map, std::vector, std::__cxx11::basic_string<char, std::char_traits<char>, std::allocator<char> >, bool, long, unsigned long, double, std::allocator, nlohmann::json_abi_v3_11_3::adl_serializer, std::vector<unsigned char, std::allocator<unsigned char> >, void>&) [clone .cold]",ggml_ops,L6_2806,000000000040d551
"std::_Sp_counted_ptr_inplace<std::__future_base::_Deferred_state<std::thread::_Invoker<std::tuple<llama_model_loader::load_all_data(ggml_context*, std::unordered_map<unsigned int, ggml_backend_buffer*, std::hash<unsigned int>, std::equal_to<unsigned int>, std::allocator<std::pair<unsigned int const, ggml_backend_buffer*> > >&, std::vector<std::unique_ptr<llama_mlock, std::default_delete<llama_mlock> >, std::allocator<std::unique_ptr<llama_mlock, std::default_delete<llama_mlock> > > >*, bool (*)(float, void*), void*)::{lambda()#2}> >, std::pair<ggml_tensor*, bool> >, std::allocator<void>, (__gnu_cxx::_Lock_policy)2>::_M_destroy()","std::_Sp_counted_ptr_inplace<std::__future_base::_Deferred_state<std::thread::_Invoker<std::tuple<llama_model_loader::load_all_data(ggml_context*, std::unordered_map<unsigned int, ggml_backend_buffer*, std::hash<unsigned int>, std::equal_to<unsigned int>, std::allocator<std::pair<unsigned int const, ggml_backend_buffer*> > >&, std::vector<std::unique_ptr<llama_mlock, std::default_delete<llama_mlock> >, std::allocator<std::unique_ptr<llama_mlock, std::default_delete<llama_mlock> > > >*, bool (*)(float, void*), void*)::{lambda()#2}> >, std::pair<ggml_tensor*, bool> >, std::allocator<void>, (__gnu_cxx::_Lock_policy)2>::_M_destroy()",ggml_backend,L5_483,0000000001921640
"std::_Sp_counted_ptr_inplace<std::__future_base::_Deferred_state<std::thread::_Invoker<std::tuple<llama_model_loader::load_all_data(ggml_context*, std::unordered_map<unsigned int, ggml_backend_buffer*, std::hash<unsigned int>, std::equal_to<unsigned int>, std::allocator<std::pair<unsigned int const, ggml_backend_buffer*> > >&, std::vector<std::unique_ptr<llama_mlock, std::default_delete<llama_mlock> >, std::allocator<std::unique_ptr<llama_mlock, std::default_delete<llama_mlock> > > >*, bool (*)(float, void*), void*)::{lambda()#2}> >, std::pair<ggml_tensor*, bool> >, std::allocator<void>, (__gnu_cxx::_Lock_policy)2>::_M_dispose()","std::_Sp_counted_ptr_inplace<std::__future_base::_Deferred_state<std::thread::_Invoker<std::tuple<llama_model_loader::load_all_data(ggml_context*, std::unordered_map<unsigned int, ggml_backend_buffer*, std::hash<unsigned int>, std::equal_to<unsigned int>, std::allocator<std::pair<unsigned int const, ggml_backend_buffer*> > >&, std::vector<std::unique_ptr<llama_mlock, std::default_delete<llama_mlock> >, std::allocator<std::unique_ptr<llama_mlock, std::default_delete<llama_mlock> > > >*, bool (*)(float, void*), void*)::{lambda()#2}> >, std::pair<ggml_tensor*, bool> >, std::allocator<void>, (__gnu_cxx::_Lock_policy)2>::_M_dispose()",ggml_backend,L5_484,0000000001921960
"std::_Sp_counted_ptr_inplace<std::__future_base::_Deferred_state<std::thread::_Invoker<std::tuple<llama_model_loader::load_all_data(ggml_context*, std::unordered_map<unsigned int, ggml_backend_buffer*, std::hash<unsigned int>, std::equal_to<unsigned int>, std::allocator<std::pair<unsigned int const, ggml_backend_buffer*> > >&, std::vector<std::unique_ptr<llama_mlock, std::default_delete<llama_mlock> >, std::allocator<std::unique_ptr<llama_mlock, std::default_delete<llama_mlock> > > >*, bool (*)(float, void*), void*)::{lambda()#2}> >, std::pair<ggml_tensor*, bool> >, std::allocator<void>, (__gnu_cxx::_Lock_policy)2>::_M_get_deleter(std::type_info const&)","std::_Sp_counted_ptr_inplace<std::__future_base::_Deferred_state<std::thread::_Invoker<std::tuple<llama_model_loader::load_all_data(ggml_context*, std::unordered_map<unsigned int, ggml_backend_buffer*, std::hash<unsigned int>, std::equal_to<unsigned int>, std::allocator<std::pair<unsigned int const, ggml_backend_buffer*> > >&, std::vector<std::unique_ptr<llama_mlock, std::default_delete<llama_mlock> >, std::allocator<std::unique_ptr<llama_mlock, std::default_delete<llama_mlock> > > >*, bool (*)(float, void*), void*)::{lambda()#2}> >, std::pair<ggml_tensor*, bool> >, std::allocator<void>, (__gnu_cxx::_Lock_policy)2>::_M_get_deleter(std::type_info const&)",ggml_backend,L5_485,0000000001921520
"std::_Sp_counted_ptr_inplace<std::__future_base::_Deferred_state<std::thread::_Invoker<std::tuple<llama_model_loader::load_all_data(ggml_context*, std::unordered_map<unsigned int, ggml_backend_buffer*, std::hash<unsigned int>, std::equal_to<unsigned int>, std::allocator<std::pair<unsigned int const, ggml_backend_buffer*> > >&, std::vector<std::unique_ptr<llama_mlock, std::default_delete<llama_mlock> >, std::allocator<std::unique_ptr<llama_mlock, std::default_delete<llama_mlock> > > >*, bool (*)(float, void*), void*)::{lambda()#2}> >, std::pair<ggml_tensor*, bool> >, std::allocator<void>, (__gnu_cxx::_Lock_policy)2>::~_Sp_counted_ptr_inplace()","std::_Sp_counted_ptr_inplace<std::__future_base::_Deferred_state<std::thread::_Invoker<std::tuple<llama_model_loader::load_all_data(ggml_context*, std::unordered_map<unsigned int, ggml_backend_buffer*, std::hash<unsigned int>, std::equal_to<unsigned int>, std::allocator<std::pair<unsigned int const, ggml_backend_buffer*> > >&, std::vector<std::unique_ptr<llama_mlock, std::default_delete<llama_mlock> >, std::allocator<std::unique_ptr<llama_mlock, std::default_delete<llama_mlock> > > >*, bool (*)(float, void*), void*)::{lambda()#2}> >, std::pair<ggml_tensor*, bool> >, std::allocator<void>, (__gnu_cxx::_Lock_policy)2>::~_Sp_counted_ptr_inplace()",ggml_backend,L5_486,0000000001921120
"std::_Sp_counted_ptr_inplace<std::__future_base::_Deferred_state<std::thread::_Invoker<std::tuple<llama_model_loader::load_all_data(ggml_context*, std::unordered_map<unsigned int, ggml_backend_buffer*, std::hash<unsigned int>, std::equal_to<unsigned int>, std::allocator<std::pair<unsigned int const, ggml_backend_buffer*> > >&, std::vector<std::unique_ptr<llama_mlock, std::default_delete<llama_mlock> >, std::allocator<std::unique_ptr<llama_mlock, std::default_delete<llama_mlock> > > >*, bool (*)(float, void*), void*)::{lambda()#1}> >, std::pair<ggml_tensor*, bool> >, std::allocator<void>, (__gnu_cxx::_Lock_policy)2>::_M_destroy()","std::_Sp_counted_ptr_inplace<std::__future_base::_Deferred_state<std::thread::_Invoker<std::tuple<llama_model_loader::load_all_data(ggml_context*, std::unordered_map<unsigned int, ggml_backend_buffer*, std::hash<unsigned int>, std::equal_to<unsigned int>, std::allocator<std::pair<unsigned int const, ggml_backend_buffer*> > >&, std::vector<std::unique_ptr<llama_mlock, std::default_delete<llama_mlock> >, std::allocator<std::unique_ptr<llama_mlock, std::default_delete<llama_mlock> > > >*, bool (*)(float, void*), void*)::{lambda()#1}> >, std::pair<ggml_tensor*, bool> >, std::allocator<void>, (__gnu_cxx::_Lock_policy)2>::_M_destroy()",ggml_backend,L5_479,0000000001921620
"std::_Sp_counted_ptr_inplace<std::__future_base::_Deferred_state<std::thread::_Invoker<std::tuple<llama_model_loader::load_all_data(ggml_context*, std::unordered_map<unsigned int, ggml_backend_buffer*, std::hash<unsigned int>, std::equal_to<unsigned int>, std::allocator<std::pair<unsigned int const, ggml_backend_buffer*> > >&, std::vector<std::unique_ptr<llama_mlock, std::default_delete<llama_mlock> >, std::allocator<std::unique_ptr<llama_mlock, std::default_delete<llama_mlock> > > >*, bool (*)(float, void*), void*)::{lambda()#1}> >, std::pair<ggml_tensor*, bool> >, std::allocator<void>, (__gnu_cxx::_Lock_policy)2>::_M_dispose()","std::_Sp_counted_ptr_inplace<std::__future_base::_Deferred_state<std::thread::_Invoker<std::tuple<llama_model_loader::load_all_data(ggml_context*, std::unordered_map<unsigned int, ggml_backend_buffer*, std::hash<unsigned int>, std::equal_to<unsigned int>, std::allocator<std::pair<unsigned int const, ggml_backend_buffer*> > >&, std::vector<std::unique_ptr<llama_mlock, std::default_delete<llama_mlock> >, std::allocator<std::unique_ptr<llama_mlock, std::default_delete<llama_mlock> > > >*, bool (*)(float, void*), void*)::{lambda()#1}> >, std::pair<ggml_tensor*, bool> >, std::allocator<void>, (__gnu_cxx::_Lock_policy)2>::_M_dispose()",ggml_backend,L5_480,00000000019218c0
"std::_Sp_counted_ptr_inplace<std::__future_base::_Deferred_state<std::thread::_Invoker<std::tuple<llama_model_loader::load_all_data(ggml_context*, std::unordered_map<unsigned int, ggml_backend_buffer*, std::hash<unsigned int>, std::equal_to<unsigned int>, std::allocator<std::pair<unsigned int const, ggml_backend_buffer*> > >&, std::vector<std::unique_ptr<llama_mlock, std::default_delete<llama_mlock> >, std::allocator<std::unique_ptr<llama_mlock, std::default_delete<llama_mlock> > > >*, bool (*)(float, void*), void*)::{lambda()#1}> >, std::pair<ggml_tensor*, bool> >, std::allocator<void>, (__gnu_cxx::_Lock_policy)2>::_M_get_deleter(std::type_info const&)","std::_Sp_counted_ptr_inplace<std::__future_base::_Deferred_state<std::thread::_Invoker<std::tuple<llama_model_loader::load_all_data(ggml_context*, std::unordered_map<unsigned int, ggml_backend_buffer*, std::hash<unsigned int>, std::equal_to<unsigned int>, std::allocator<std::pair<unsigned int const, ggml_backend_buffer*> > >&, std::vector<std::unique_ptr<llama_mlock, std::default_delete<llama_mlock> >, std::allocator<std::unique_ptr<llama_mlock, std::default_delete<llama_mlock> > > >*, bool (*)(float, void*), void*)::{lambda()#1}> >, std::pair<ggml_tensor*, bool> >, std::allocator<void>, (__gnu_cxx::_Lock_policy)2>::_M_get_deleter(std::type_info const&)",ggml_backend,L5_481,0000000001921770
"std::_Sp_counted_ptr_inplace<std::__future_base::_Deferred_state<std::thread::_Invoker<std::tuple<llama_model_loader::load_all_data(ggml_context*, std::unordered_map<unsigned int, ggml_backend_buffer*, std::hash<unsigned int>, std::equal_to<unsigned int>, std::allocator<std::pair<unsigned int const, ggml_backend_buffer*> > >&, std::vector<std::unique_ptr<llama_mlock, std::default_delete<llama_mlock> >, std::allocator<std::unique_ptr<llama_mlock, std::default_delete<llama_mlock> > > >*, bool (*)(float, void*), void*)::{lambda()#1}> >, std::pair<ggml_tensor*, bool> >, std::allocator<void>, (__gnu_cxx::_Lock_policy)2>::~_Sp_counted_ptr_inplace()","std::_Sp_counted_ptr_inplace<std::__future_base::_Deferred_state<std::thread::_Invoker<std::tuple<llama_model_loader::load_all_data(ggml_context*, std::unordered_map<unsigned int, ggml_backend_buffer*, std::hash<unsigned int>, std::equal_to<unsigned int>, std::allocator<std::pair<unsigned int const, ggml_backend_buffer*> > >&, std::vector<std::unique_ptr<llama_mlock, std::default_delete<llama_mlock> >, std::allocator<std::unique_ptr<llama_mlock, std::default_delete<llama_mlock> > > >*, bool (*)(float, void*), void*)::{lambda()#1}> >, std::pair<ggml_tensor*, bool> >, std::allocator<void>, (__gnu_cxx::_Lock_policy)2>::~_Sp_counted_ptr_inplace()",ggml_backend,L5_482,0000000001921100
"std::_Sp_counted_ptr_inplace<std::__future_base::_Async_state_impl<std::thread::_Invoker<std::tuple<llama_model_loader::load_all_data(ggml_context*, std::unordered_map<unsigned int, ggml_backend_buffer*, std::hash<unsigned int>, std::equal_to<unsigned int>, std::allocator<std::pair<unsigned int const, ggml_backend_buffer*> > >&, std::vector<std::unique_ptr<llama_mlock, std::default_delete<llama_mlock> >, std::allocator<std::unique_ptr<llama_mlock, std::default_delete<llama_mlock> > > >*, bool (*)(float, void*), void*)::{lambda()#2}> >, std::pair<ggml_tensor*, bool> >, std::allocator<void>, (__gnu_cxx::_Lock_policy)2>::_M_destroy()","std::_Sp_counted_ptr_inplace<std::__future_base::_Async_state_impl<std::thread::_Invoker<std::tuple<llama_model_loader::load_all_data(ggml_context*, std::unordered_map<unsigned int, ggml_backend_buffer*, std::hash<unsigned int>, std::equal_to<unsigned int>, std::allocator<std::pair<unsigned int const, ggml_backend_buffer*> > >&, std::vector<std::unique_ptr<llama_mlock, std::default_delete<llama_mlock> >, std::allocator<std::unique_ptr<llama_mlock, std::default_delete<llama_mlock> > > >*, bool (*)(float, void*), void*)::{lambda()#2}> >, std::pair<ggml_tensor*, bool> >, std::allocator<void>, (__gnu_cxx::_Lock_policy)2>::_M_destroy()",ggml_backend,L5_474,0000000001921630
"std::_Sp_counted_ptr_inplace<std::__future_base::_Async_state_impl<std::thread::_Invoker<std::tuple<llama_model_loader::load_all_data(ggml_context*, std::unordered_map<unsigned int, ggml_backend_buffer*, std::hash<unsigned int>, std::equal_to<unsigned int>, std::allocator<std::pair<unsigned int const, ggml_backend_buffer*> > >&, std::vector<std::unique_ptr<llama_mlock, std::default_delete<llama_mlock> >, std::allocator<std::unique_ptr<llama_mlock, std::default_delete<llama_mlock> > > >*, bool (*)(float, void*), void*)::{lambda()#2}> >, std::pair<ggml_tensor*, bool> >, std::allocator<void>, (__gnu_cxx::_Lock_policy)2>::_M_dispose()","std::_Sp_counted_ptr_inplace<std::__future_base::_Async_state_impl<std::thread::_Invoker<std::tuple<llama_model_loader::load_all_data(ggml_context*, std::unordered_map<unsigned int, ggml_backend_buffer*, std::hash<unsigned int>, std::equal_to<unsigned int>, std::allocator<std::pair<unsigned int const, ggml_backend_buffer*> > >&, std::vector<std::unique_ptr<llama_mlock, std::default_delete<llama_mlock> >, std::allocator<std::unique_ptr<llama_mlock, std::default_delete<llama_mlock> > > >*, bool (*)(float, void*), void*)::{lambda()#2}> >, std::pair<ggml_tensor*, bool> >, std::allocator<void>, (__gnu_cxx::_Lock_policy)2>::_M_dispose()",ggml_backend,L5_475,0000000001921d30
"std::_Sp_counted_ptr_inplace<std::__future_base::_Async_state_impl<std::thread::_Invoker<std::tuple<llama_model_loader::load_all_data(ggml_context*, std::unordered_map<unsigned int, ggml_backend_buffer*, std::hash<unsigned int>, std::equal_to<unsigned int>, std::allocator<std::pair<unsigned int const, ggml_backend_buffer*> > >&, std::vector<std::unique_ptr<llama_mlock, std::default_delete<llama_mlock> >, std::allocator<std::unique_ptr<llama_mlock, std::default_delete<llama_mlock> > > >*, bool (*)(float, void*), void*)::{lambda()#2}> >, std::pair<ggml_tensor*, bool> >, std::allocator<void>, (__gnu_cxx::_Lock_policy)2>::_M_dispose() [clone .cold]","std::_Sp_counted_ptr_inplace<std::__future_base::_Async_state_impl<std::thread::_Invoker<std::tuple<llama_model_loader::load_all_data(ggml_context*, std::unordered_map<unsigned int, ggml_backend_buffer*, std::hash<unsigned int>, std::equal_to<unsigned int>, std::allocator<std::pair<unsigned int const, ggml_backend_buffer*> > >&, std::vector<std::unique_ptr<llama_mlock, std::default_delete<llama_mlock> >, std::allocator<std::unique_ptr<llama_mlock, std::default_delete<llama_mlock> > > >*, bool (*)(float, void*), void*)::{lambda()#2}> >, std::pair<ggml_tensor*, bool> >, std::allocator<void>, (__gnu_cxx::_Lock_policy)2>::_M_dispose() [clone .cold]",ggml_backend,L5_476,000000000041768a
"std::_Sp_counted_ptr_inplace<std::__future_base::_Async_state_impl<std::thread::_Invoker<std::tuple<llama_model_loader::load_all_data(ggml_context*, std::unordered_map<unsigned int, ggml_backend_buffer*, std::hash<unsigned int>, std::equal_to<unsigned int>, std::allocator<std::pair<unsigned int const, ggml_backend_buffer*> > >&, std::vector<std::unique_ptr<llama_mlock, std::default_delete<llama_mlock> >, std::allocator<std::unique_ptr<llama_mlock, std::default_delete<llama_mlock> > > >*, bool (*)(float, void*), void*)::{lambda()#2}> >, std::pair<ggml_tensor*, bool> >, std::allocator<void>, (__gnu_cxx::_Lock_policy)2>::_M_get_deleter(std::type_info const&)","std::_Sp_counted_ptr_inplace<std::__future_base::_Async_state_impl<std::thread::_Invoker<std::tuple<llama_model_loader::load_all_data(ggml_context*, std::unordered_map<unsigned int, ggml_backend_buffer*, std::hash<unsigned int>, std::equal_to<unsigned int>, std::allocator<std::pair<unsigned int const, ggml_backend_buffer*> > >&, std::vector<std::unique_ptr<llama_mlock, std::default_delete<llama_mlock> >, std::allocator<std::unique_ptr<llama_mlock, std::default_delete<llama_mlock> > > >*, bool (*)(float, void*), void*)::{lambda()#2}> >, std::pair<ggml_tensor*, bool> >, std::allocator<void>, (__gnu_cxx::_Lock_policy)2>::_M_get_deleter(std::type_info const&)",ggml_backend,L5_477,00000000019217d0
"std::_Sp_counted_ptr_inplace<std::__future_base::_Async_state_impl<std::thread::_Invoker<std::tuple<llama_model_loader::load_all_data(ggml_context*, std::unordered_map<unsigned int, ggml_backend_buffer*, std::hash<unsigned int>, std::equal_to<unsigned int>, std::allocator<std::pair<unsigned int const, ggml_backend_buffer*> > >&, std::vector<std::unique_ptr<llama_mlock, std::default_delete<llama_mlock> >, std::allocator<std::unique_ptr<llama_mlock, std::default_delete<llama_mlock> > > >*, bool (*)(float, void*), void*)::{lambda()#2}> >, std::pair<ggml_tensor*, bool> >, std::allocator<void>, (__gnu_cxx::_Lock_policy)2>::~_Sp_counted_ptr_inplace()","std::_Sp_counted_ptr_inplace<std::__future_base::_Async_state_impl<std::thread::_Invoker<std::tuple<llama_model_loader::load_all_data(ggml_context*, std::unordered_map<unsigned int, ggml_backend_buffer*, std::hash<unsigned int>, std::equal_to<unsigned int>, std::allocator<std::pair<unsigned int const, ggml_backend_buffer*> > >&, std::vector<std::unique_ptr<llama_mlock, std::default_delete<llama_mlock> >, std::allocator<std::unique_ptr<llama_mlock, std::default_delete<llama_mlock> > > >*, bool (*)(float, void*), void*)::{lambda()#2}> >, std::pair<ggml_tensor*, bool> >, std::allocator<void>, (__gnu_cxx::_Lock_policy)2>::~_Sp_counted_ptr_inplace()",ggml_backend,L5_478,0000000001921110
"std::_Sp_counted_ptr_inplace<std::__future_base::_Async_state_impl<std::thread::_Invoker<std::tuple<llama_model_loader::load_all_data(ggml_context*, std::unordered_map<unsigned int, ggml_backend_buffer*, std::hash<unsigned int>, std::equal_to<unsigned int>, std::allocator<std::pair<unsigned int const, ggml_backend_buffer*> > >&, std::vector<std::unique_ptr<llama_mlock, std::default_delete<llama_mlock> >, std::allocator<std::unique_ptr<llama_mlock, std::default_delete<llama_mlock> > > >*, bool (*)(float, void*), void*)::{lambda()#1}> >, std::pair<ggml_tensor*, bool> >, std::allocator<void>, (__gnu_cxx::_Lock_policy)2>::_M_destroy()","std::_Sp_counted_ptr_inplace<std::__future_base::_Async_state_impl<std::thread::_Invoker<std::tuple<llama_model_loader::load_all_data(ggml_context*, std::unordered_map<unsigned int, ggml_backend_buffer*, std::hash<unsigned int>, std::equal_to<unsigned int>, std::allocator<std::pair<unsigned int const, ggml_backend_buffer*> > >&, std::vector<std::unique_ptr<llama_mlock, std::default_delete<llama_mlock> >, std::allocator<std::unique_ptr<llama_mlock, std::default_delete<llama_mlock> > > >*, bool (*)(float, void*), void*)::{lambda()#1}> >, std::pair<ggml_tensor*, bool> >, std::allocator<void>, (__gnu_cxx::_Lock_policy)2>::_M_destroy()",ggml_backend,L5_469,0000000001921610
"std::_Sp_counted_ptr_inplace<std::__future_base::_Async_state_impl<std::thread::_Invoker<std::tuple<llama_model_loader::load_all_data(ggml_context*, std::unordered_map<unsigned int, ggml_backend_buffer*, std::hash<unsigned int>, std::equal_to<unsigned int>, std::allocator<std::pair<unsigned int const, ggml_backend_buffer*> > >&, std::vector<std::unique_ptr<llama_mlock, std::default_delete<llama_mlock> >, std::allocator<std::unique_ptr<llama_mlock, std::default_delete<llama_mlock> > > >*, bool (*)(float, void*), void*)::{lambda()#1}> >, std::pair<ggml_tensor*, bool> >, std::allocator<void>, (__gnu_cxx::_Lock_policy)2>::_M_dispose()","std::_Sp_counted_ptr_inplace<std::__future_base::_Async_state_impl<std::thread::_Invoker<std::tuple<llama_model_loader::load_all_data(ggml_context*, std::unordered_map<unsigned int, ggml_backend_buffer*, std::hash<unsigned int>, std::equal_to<unsigned int>, std::allocator<std::pair<unsigned int const, ggml_backend_buffer*> > >&, std::vector<std::unique_ptr<llama_mlock, std::default_delete<llama_mlock> >, std::allocator<std::unique_ptr<llama_mlock, std::default_delete<llama_mlock> > > >*, bool (*)(float, void*), void*)::{lambda()#1}> >, std::pair<ggml_tensor*, bool> >, std::allocator<void>, (__gnu_cxx::_Lock_policy)2>::_M_dispose()",ggml_backend,L5_470,0000000001921c60
"std::_Sp_counted_ptr_inplace<std::__future_base::_Async_state_impl<std::thread::_Invoker<std::tuple<llama_model_loader::load_all_data(ggml_context*, std::unordered_map<unsigned int, ggml_backend_buffer*, std::hash<unsigned int>, std::equal_to<unsigned int>, std::allocator<std::pair<unsigned int const, ggml_backend_buffer*> > >&, std::vector<std::unique_ptr<llama_mlock, std::default_delete<llama_mlock> >, std::allocator<std::unique_ptr<llama_mlock, std::default_delete<llama_mlock> > > >*, bool (*)(float, void*), void*)::{lambda()#1}> >, std::pair<ggml_tensor*, bool> >, std::allocator<void>, (__gnu_cxx::_Lock_policy)2>::_M_dispose() [clone .cold]","std::_Sp_counted_ptr_inplace<std::__future_base::_Async_state_impl<std::thread::_Invoker<std::tuple<llama_model_loader::load_all_data(ggml_context*, std::unordered_map<unsigned int, ggml_backend_buffer*, std::hash<unsigned int>, std::equal_to<unsigned int>, std::allocator<std::pair<unsigned int const, ggml_backend_buffer*> > >&, std::vector<std::unique_ptr<llama_mlock, std::default_delete<llama_mlock> >, std::allocator<std::unique_ptr<llama_mlock, std::default_delete<llama_mlock> > > >*, bool (*)(float, void*), void*)::{lambda()#1}> >, std::pair<ggml_tensor*, bool> >, std::allocator<void>, (__gnu_cxx::_Lock_policy)2>::_M_dispose() [clone .cold]",ggml_backend,L5_471,0000000000417684
"std::_Sp_counted_ptr_inplace<std::__future_base::_Async_state_impl<std::thread::_Invoker<std::tuple<llama_model_loader::load_all_data(ggml_context*, std::unordered_map<unsigned int, ggml_backend_buffer*, std::hash<unsigned int>, std::equal_to<unsigned int>, std::allocator<std::pair<unsigned int const, ggml_backend_buffer*> > >&, std::vector<std::unique_ptr<llama_mlock, std::default_delete<llama_mlock> >, std::allocator<std::unique_ptr<llama_mlock, std::default_delete<llama_mlock> > > >*, bool (*)(float, void*), void*)::{lambda()#1}> >, std::pair<ggml_tensor*, bool> >, std::allocator<void>, (__gnu_cxx::_Lock_policy)2>::_M_get_deleter(std::type_info const&)","std::_Sp_counted_ptr_inplace<std::__future_base::_Async_state_impl<std::thread::_Invoker<std::tuple<llama_model_loader::load_all_data(ggml_context*, std::unordered_map<unsigned int, ggml_backend_buffer*, std::hash<unsigned int>, std::equal_to<unsigned int>, std::allocator<std::pair<unsigned int const, ggml_backend_buffer*> > >&, std::vector<std::unique_ptr<llama_mlock, std::default_delete<llama_mlock> >, std::allocator<std::unique_ptr<llama_mlock, std::default_delete<llama_mlock> > > >*, bool (*)(float, void*), void*)::{lambda()#1}> >, std::pair<ggml_tensor*, bool> >, std::allocator<void>, (__gnu_cxx::_Lock_policy)2>::_M_get_deleter(std::type_info const&)",ggml_backend,L5_472,0000000001921710
"std::_Sp_counted_ptr_inplace<std::__future_base::_Async_state_impl<std::thread::_Invoker<std::tuple<llama_model_loader::load_all_data(ggml_context*, std::unordered_map<unsigned int, ggml_backend_buffer*, std::hash<unsigned int>, std::equal_to<unsigned int>, std::allocator<std::pair<unsigned int const, ggml_backend_buffer*> > >&, std::vector<std::unique_ptr<llama_mlock, std::default_delete<llama_mlock> >, std::allocator<std::unique_ptr<llama_mlock, std::default_delete<llama_mlock> > > >*, bool (*)(float, void*), void*)::{lambda()#1}> >, std::pair<ggml_tensor*, bool> >, std::allocator<void>, (__gnu_cxx::_Lock_policy)2>::~_Sp_counted_ptr_inplace()","std::_Sp_counted_ptr_inplace<std::__future_base::_Async_state_impl<std::thread::_Invoker<std::tuple<llama_model_loader::load_all_data(ggml_context*, std::unordered_map<unsigned int, ggml_backend_buffer*, std::hash<unsigned int>, std::equal_to<unsigned int>, std::allocator<std::pair<unsigned int const, ggml_backend_buffer*> > >&, std::vector<std::unique_ptr<llama_mlock, std::default_delete<llama_mlock> >, std::allocator<std::unique_ptr<llama_mlock, std::default_delete<llama_mlock> > > >*, bool (*)(float, void*), void*)::{lambda()#1}> >, std::pair<ggml_tensor*, bool> >, std::allocator<void>, (__gnu_cxx::_Lock_policy)2>::~_Sp_counted_ptr_inplace()",ggml_backend,L5_473,00000000019210f0
"__gnu_cxx::__normal_iterator<std::pair<ggml_backend_device*, int>*, std::vector<std::pair<ggml_backend_device*, int>, std::allocator<std::pair<ggml_backend_device*, int> > > > std::_V2::__rotate<__gnu_cxx::__normal_iterator<std::pair<ggml_backend_device*, int>*, std::vector<std::pair<ggml_backend_device*, int>, std::allocator<std::pair<ggml_backend_device*, int> > > > >(__gnu_cxx::__normal_iterator<std::pair<ggml_backend_device*, int>*, std::vector<std::pair<ggml_backend_device*, int>, std::allocator<std::pair<ggml_backend_device*, int> > > >, __gnu_cxx::__normal_iterator<std::pair<ggml_backend_device*, int>*, std::vector<std::pair<ggml_backend_device*, int>, std::allocator<std::pair<ggml_backend_device*, int> > > >, __gnu_cxx::__normal_iterator<std::pair<ggml_backend_device*, int>*, std::vector<std::pair<ggml_backend_device*, int>, std::allocator<std::pair<ggml_backend_device*, int> > > >, std::random_access_iterator_tag) [clone .isra.0]","__gnu_cxx::__normal_iterator<std::pair<ggml_backend_device*, int>*, std::vector<std::pair<ggml_backend_device*, int>, std::allocator<std::pair<ggml_backend_device*, int> > > > std::_V2::__rotate<__gnu_cxx::__normal_iterator<std::pair<ggml_backend_device*, int>*, std::vector<std::pair<ggml_backend_device*, int>, std::allocator<std::pair<ggml_backend_device*, int> > > > >(__gnu_cxx::__normal_iterator<std::pair<ggml_backend_device*, int>*, std::vector<std::pair<ggml_backend_device*, int>, std::allocator<std::pair<ggml_backend_device*, int> > > >, __gnu_cxx::__normal_iterator<std::pair<ggml_backend_device*, int>*, std::vector<std::pair<ggml_backend_device*, int>, std::allocator<std::pair<ggml_backend_device*, int> > > >, __gnu_cxx::__normal_iterator<std::pair<ggml_backend_device*, int>*, std::vector<std::pair<ggml_backend_device*, int>, std::allocator<std::pair<ggml_backend_device*, int> > > >, std::random_access_iterator_tag) [clone .isra.0]",ggml_backend,L5_001,00000000019f7580
"std::thread::_State_impl<std::thread::_Invoker<std::tuple<void (std::__future_base::_Async_state_impl<std::thread::_Invoker<std::tuple<llama_model_loader::load_all_data(ggml_context*, std::unordered_map<unsigned int, ggml_backend_buffer*, std::hash<unsigned int>, std::equal_to<unsigned int>, std::allocator<std::pair<unsigned int const, ggml_backend_buffer*> > >&, std::vector<std::unique_ptr<llama_mlock, std::default_delete<llama_mlock> >, std::allocator<std::unique_ptr<llama_mlock, std::default_delete<llama_mlock> > > >*, bool (*)(float, void*), void*)::{lambda()#2}> >, std::pair<ggml_tensor*, bool> >::*)(), std::__future_base::_Async_state_impl<std::thread::_Invoker<std::tuple<llama_model_loader::load_all_data(ggml_context*, std::unordered_map<unsigned int, ggml_backend_buffer*, std::hash<unsigned int>, std::equal_to<unsigned int>, std::allocator<std::pair<unsigned int const, ggml_backend_buffer*> > >&, std::vector<std::unique_ptr<llama_mlock, std::default_delete<llama_mlock> >, std::allocator<std::unique_ptr<llama_mlock, std::default_delete<llama_mlock> > > >*, bool (*)(float, void*), void*)::{lambda()#2}> >, std::pair<ggml_tensor*, bool> >*> > >::_M_run()","std::thread::_State_impl<std::thread::_Invoker<std::tuple<void (std::__future_base::_Async_state_impl<std::thread::_Invoker<std::tuple<llama_model_loader::load_all_data(ggml_context*, std::unordered_map<unsigned int, ggml_backend_buffer*, std::hash<unsigned int>, std::equal_to<unsigned int>, std::allocator<std::pair<unsigned int const, ggml_backend_buffer*> > >&, std::vector<std::unique_ptr<llama_mlock, std::default_delete<llama_mlock> >, std::allocator<std::unique_ptr<llama_mlock, std::default_delete<llama_mlock> > > >*, bool (*)(float, void*), void*)::{lambda()#2}> >, std::pair<ggml_tensor*, bool> >::*)(), std::__future_base::_Async_state_impl<std::thread::_Invoker<std::tuple<llama_model_loader::load_all_data(ggml_context*, std::unordered_map<unsigned int, ggml_backend_buffer*, std::hash<unsigned int>, std::equal_to<unsigned int>, std::allocator<std::pair<unsigned int const, ggml_backend_buffer*> > >&, std::vector<std::unique_ptr<llama_mlock, std::default_delete<llama_mlock> >, std::allocator<std::unique_ptr<llama_mlock, std::default_delete<llama_mlock> > > >*, bool (*)(float, void*), void*)::{lambda()#2}> >, std::pair<ggml_tensor*, bool> >*> > >::_M_run()",ggml_backend,L5_508,00000000019211d0
"std::thread::_State_impl<std::thread::_Invoker<std::tuple<void (std::__future_base::_Async_state_impl<std::thread::_Invoker<std::tuple<llama_model_loader::load_all_data(ggml_context*, std::unordered_map<unsigned int, ggml_backend_buffer*, std::hash<unsigned int>, std::equal_to<unsigned int>, std::allocator<std::pair<unsigned int const, ggml_backend_buffer*> > >&, std::vector<std::unique_ptr<llama_mlock, std::default_delete<llama_mlock> >, std::allocator<std::unique_ptr<llama_mlock, std::default_delete<llama_mlock> > > >*, bool (*)(float, void*), void*)::{lambda()#2}> >, std::pair<ggml_tensor*, bool> >::*)(), std::__future_base::_Async_state_impl<std::thread::_Invoker<std::tuple<llama_model_loader::load_all_data(ggml_context*, std::unordered_map<unsigned int, ggml_backend_buffer*, std::hash<unsigned int>, std::equal_to<unsigned int>, std::allocator<std::pair<unsigned int const, ggml_backend_buffer*> > >&, std::vector<std::unique_ptr<llama_mlock, std::default_delete<llama_mlock> >, std::allocator<std::unique_ptr<llama_mlock, std::default_delete<llama_mlock> > > >*, bool (*)(float, void*), void*)::{lambda()#2}> >, std::pair<ggml_tensor*, bool> >*> > >::~_State_impl()","std::thread::_State_impl<std::thread::_Invoker<std::tuple<void (std::__future_base::_Async_state_impl<std::thread::_Invoker<std::tuple<llama_model_loader::load_all_data(ggml_context*, std::unordered_map<unsigned int, ggml_backend_buffer*, std::hash<unsigned int>, std::equal_to<unsigned int>, std::allocator<std::pair<unsigned int const, ggml_backend_buffer*> > >&, std::vector<std::unique_ptr<llama_mlock, std::default_delete<llama_mlock> >, std::allocator<std::unique_ptr<llama_mlock, std::default_delete<llama_mlock> > > >*, bool (*)(float, void*), void*)::{lambda()#2}> >, std::pair<ggml_tensor*, bool> >::*)(), std::__future_base::_Async_state_impl<std::thread::_Invoker<std::tuple<llama_model_loader::load_all_data(ggml_context*, std::unordered_map<unsigned int, ggml_backend_buffer*, std::hash<unsigned int>, std::equal_to<unsigned int>, std::allocator<std::pair<unsigned int const, ggml_backend_buffer*> > >&, std::vector<std::unique_ptr<llama_mlock, std::default_delete<llama_mlock> >, std::allocator<std::unique_ptr<llama_mlock, std::default_delete<llama_mlock> > > >*, bool (*)(float, void*), void*)::{lambda()#2}> >, std::pair<ggml_tensor*, bool> >*> > >::~_State_impl()",ggml_backend,L5_509,0000000001921180
"std::thread::_State_impl<std::thread::_Invoker<std::tuple<void (std::__future_base::_Async_state_impl<std::thread::_Invoker<std::tuple<llama_model_loader::load_all_data(ggml_context*, std::unordered_map<unsigned int, ggml_backend_buffer*, std::hash<unsigned int>, std::equal_to<unsigned int>, std::allocator<std::pair<unsigned int const, ggml_backend_buffer*> > >&, std::vector<std::unique_ptr<llama_mlock, std::default_delete<llama_mlock> >, std::allocator<std::unique_ptr<llama_mlock, std::default_delete<llama_mlock> > > >*, bool (*)(float, void*), void*)::{lambda()#1}> >, std::pair<ggml_tensor*, bool> >::*)(), std::__future_base::_Async_state_impl<std::thread::_Invoker<std::tuple<llama_model_loader::load_all_data(ggml_context*, std::unordered_map<unsigned int, ggml_backend_buffer*, std::hash<unsigned int>, std::equal_to<unsigned int>, std::allocator<std::pair<unsigned int const, ggml_backend_buffer*> > >&, std::vector<std::unique_ptr<llama_mlock, std::default_delete<llama_mlock> >, std::allocator<std::unique_ptr<llama_mlock, std::default_delete<llama_mlock> > > >*, bool (*)(float, void*), void*)::{lambda()#1}> >, std::pair<ggml_tensor*, bool> >*> > >::_M_run()","std::thread::_State_impl<std::thread::_Invoker<std::tuple<void (std::__future_base::_Async_state_impl<std::thread::_Invoker<std::tuple<llama_model_loader::load_all_data(ggml_context*, std::unordered_map<unsigned int, ggml_backend_buffer*, std::hash<unsigned int>, std::equal_to<unsigned int>, std::allocator<std::pair<unsigned int const, ggml_backend_buffer*> > >&, std::vector<std::unique_ptr<llama_mlock, std::default_delete<llama_mlock> >, std::allocator<std::unique_ptr<llama_mlock, std::default_delete<llama_mlock> > > >*, bool (*)(float, void*), void*)::{lambda()#1}> >, std::pair<ggml_tensor*, bool> >::*)(), std::__future_base::_Async_state_impl<std::thread::_Invoker<std::tuple<llama_model_loader::load_all_data(ggml_context*, std::unordered_map<unsigned int, ggml_backend_buffer*, std::hash<unsigned int>, std::equal_to<unsigned int>, std::allocator<std::pair<unsigned int const, ggml_backend_buffer*> > >&, std::vector<std::unique_ptr<llama_mlock, std::default_delete<llama_mlock> >, std::allocator<std::unique_ptr<llama_mlock, std::default_delete<llama_mlock> > > >*, bool (*)(float, void*), void*)::{lambda()#1}> >, std::pair<ggml_tensor*, bool> >*> > >::_M_run()",ggml_backend,L5_506,00000000019211b0
"std::thread::_State_impl<std::thread::_Invoker<std::tuple<void (std::__future_base::_Async_state_impl<std::thread::_Invoker<std::tuple<llama_model_loader::load_all_data(ggml_context*, std::unordered_map<unsigned int, ggml_backend_buffer*, std::hash<unsigned int>, std::equal_to<unsigned int>, std::allocator<std::pair<unsigned int const, ggml_backend_buffer*> > >&, std::vector<std::unique_ptr<llama_mlock, std::default_delete<llama_mlock> >, std::allocator<std::unique_ptr<llama_mlock, std::default_delete<llama_mlock> > > >*, bool (*)(float, void*), void*)::{lambda()#1}> >, std::pair<ggml_tensor*, bool> >::*)(), std::__future_base::_Async_state_impl<std::thread::_Invoker<std::tuple<llama_model_loader::load_all_data(ggml_context*, std::unordered_map<unsigned int, ggml_backend_buffer*, std::hash<unsigned int>, std::equal_to<unsigned int>, std::allocator<std::pair<unsigned int const, ggml_backend_buffer*> > >&, std::vector<std::unique_ptr<llama_mlock, std::default_delete<llama_mlock> >, std::allocator<std::unique_ptr<llama_mlock, std::default_delete<llama_mlock> > > >*, bool (*)(float, void*), void*)::{lambda()#1}> >, std::pair<ggml_tensor*, bool> >*> > >::~_State_impl()","std::thread::_State_impl<std::thread::_Invoker<std::tuple<void (std::__future_base::_Async_state_impl<std::thread::_Invoker<std::tuple<llama_model_loader::load_all_data(ggml_context*, std::unordered_map<unsigned int, ggml_backend_buffer*, std::hash<unsigned int>, std::equal_to<unsigned int>, std::allocator<std::pair<unsigned int const, ggml_backend_buffer*> > >&, std::vector<std::unique_ptr<llama_mlock, std::default_delete<llama_mlock> >, std::allocator<std::unique_ptr<llama_mlock, std::default_delete<llama_mlock> > > >*, bool (*)(float, void*), void*)::{lambda()#1}> >, std::pair<ggml_tensor*, bool> >::*)(), std::__future_base::_Async_state_impl<std::thread::_Invoker<std::tuple<llama_model_loader::load_all_data(ggml_context*, std::unordered_map<unsigned int, ggml_backend_buffer*, std::hash<unsigned int>, std::equal_to<unsigned int>, std::allocator<std::pair<unsigned int const, ggml_backend_buffer*> > >&, std::vector<std::unique_ptr<llama_mlock, std::default_delete<llama_mlock> >, std::allocator<std::unique_ptr<llama_mlock, std::default_delete<llama_mlock> > > >*, bool (*)(float, void*), void*)::{lambda()#1}> >, std::pair<ggml_tensor*, bool> >*> > >::~_State_impl()",ggml_backend,L5_507,0000000001921140
"std::thread::_State_impl<std::thread::_Invoker<std::tuple<llama_tensor_quantize_impl(ggml_type, float const*, void*, long, long, long, float const*, std::vector<std::thread, std::allocator<std::thread> >&, int)::{lambda()#1}> > >::_M_run()","std::thread::_State_impl<std::thread::_Invoker<std::tuple<llama_tensor_quantize_impl(ggml_type, float const*, void*, long, long, long, float const*, std::vector<std::thread, std::allocator<std::thread> >&, int)::{lambda()#1}> > >::_M_run()",ggml_ops,L6_2825,00000000019565b0
"std::thread::_State_impl<std::thread::_Invoker<std::tuple<llama_tensor_quantize_impl(ggml_type, float const*, void*, long, long, long, float const*, std::vector<std::thread, std::allocator<std::thread> >&, int)::{lambda()#1}> > >::~_State_impl()","std::thread::_State_impl<std::thread::_Invoker<std::tuple<llama_tensor_quantize_impl(ggml_type, float const*, void*, long, long, long, float const*, std::vector<std::thread, std::allocator<std::thread> >&, int)::{lambda()#1}> > >::~_State_impl()",ggml_ops,L6_2826,0000000001955cd0
"std::thread::_State_impl<std::thread::_Invoker<std::tuple<llama_tensor_dequantize_impl(ggml_tensor*, std::vector<no_init<float>, std::allocator<no_init<float> > >&, std::vector<std::thread, std::allocator<std::thread> >&, unsigned long, int)::{lambda(ggml_type, unsigned char*, float*, int)#1}, ggml_type, unsigned char*, float*, unsigned long> > >::_M_run()","std::thread::_State_impl<std::thread::_Invoker<std::tuple<llama_tensor_dequantize_impl(ggml_tensor*, std::vector<no_init<float>, std::allocator<no_init<float> > >&, std::vector<std::thread, std::allocator<std::thread> >&, unsigned long, int)::{lambda(ggml_type, unsigned char*, float*, int)#1}, ggml_type, unsigned char*, float*, unsigned long> > >::_M_run()",ggml_ops,L6_2823,0000000001955f20
"std::thread::_State_impl<std::thread::_Invoker<std::tuple<llama_tensor_dequantize_impl(ggml_tensor*, std::vector<no_init<float>, std::allocator<no_init<float> > >&, std::vector<std::thread, std::allocator<std::thread> >&, unsigned long, int)::{lambda(ggml_type, unsigned char*, float*, int)#1}, ggml_type, unsigned char*, float*, unsigned long> > >::~_State_impl()","std::thread::_State_impl<std::thread::_Invoker<std::tuple<llama_tensor_dequantize_impl(ggml_tensor*, std::vector<no_init<float>, std::allocator<no_init<float> > >&, std::vector<std::thread, std::allocator<std::thread> >&, unsigned long, int)::{lambda(ggml_type, unsigned char*, float*, int)#1}, ggml_type, unsigned char*, float*, unsigned long> > >::~_State_impl()",ggml_ops,L6_2824,0000000001955c90
"std::vector<llama_grammar_element const*, std::allocator<llama_grammar_element const*> >& std::vector<std::vector<llama_grammar_element const*, std::allocator<llama_grammar_element const*> >, std::allocator<std::vector<llama_grammar_element const*, std::allocator<llama_grammar_element const*> > > >::emplace_back<std::vector<llama_grammar_element const*, std::allocator<llama_grammar_element const*> > const&>(std::vector<llama_grammar_element const*, std::allocator<llama_grammar_element const*> > const&) [clone .isra.0]","std::vector<llama_grammar_element const*, std::allocator<llama_grammar_element const*> >& std::vector<std::vector<llama_grammar_element const*, std::allocator<llama_grammar_element const*> >, std::allocator<std::vector<llama_grammar_element const*, std::allocator<llama_grammar_element const*> > > >::emplace_back<std::vector<llama_grammar_element const*, std::allocator<llama_grammar_element const*> > const&>(std::vector<llama_grammar_element const*, std::allocator<llama_grammar_element const*> > const&) [clone .isra.0]",ggml_ops,L6_2827,00000000019144c0
"std::pair<ggml_backend_device*, ggml_backend_buffer_type*>& std::vector<std::pair<ggml_backend_device*, ggml_backend_buffer_type*>, std::allocator<std::pair<ggml_backend_device*, ggml_backend_buffer_type*> > >::emplace_back<ggml_backend_device*&, ggml_backend_buffer_type*&>(ggml_backend_device*&, ggml_backend_buffer_type*&) [clone .isra.0]","std::pair<ggml_backend_device*, ggml_backend_buffer_type*>& std::vector<std::pair<ggml_backend_device*, ggml_backend_buffer_type*>, std::allocator<std::pair<ggml_backend_device*, ggml_backend_buffer_type*> > >::emplace_back<ggml_backend_device*&, ggml_backend_buffer_type*&>(ggml_backend_device*&, ggml_backend_buffer_type*&) [clone .isra.0]",ggml_backend,L5_503,000000000192e1a0
"std::pair<ggml_backend_device*, ggml_backend_buffer_type*>& std::vector<std::pair<ggml_backend_device*, ggml_backend_buffer_type*>, std::allocator<std::pair<ggml_backend_device*, ggml_backend_buffer_type*> > >::emplace_back<ggml_backend_device*&, ggml_backend_buffer_type*&>(ggml_backend_device*&, ggml_backend_buffer_type*&) [clone .isra.0] [clone .cold]","std::pair<ggml_backend_device*, ggml_backend_buffer_type*>& std::vector<std::pair<ggml_backend_device*, ggml_backend_buffer_type*>, std::allocator<std::pair<ggml_backend_device*, ggml_backend_buffer_type*> > >::emplace_back<ggml_backend_device*&, ggml_backend_buffer_type*&>(ggml_backend_device*&, ggml_backend_buffer_type*&) [clone .isra.0] [clone .cold]",ggml_backend,L5_504,00000000004193a2
"void std::vector<std::pair<ggml_backend_device*, ggml_backend_buffer_type*>, std::allocator<std::pair<ggml_backend_device*, ggml_backend_buffer_type*> > >::_M_range_insert<__gnu_cxx::__normal_iterator<std::pair<ggml_backend_device*, ggml_backend_buffer_type*>*, std::vector<std::pair<ggml_backend_device*, ggml_backend_buffer_type*>, std::allocator<std::pair<ggml_backend_device*, ggml_backend_buffer_type*> > > > >(__gnu_cxx::__normal_iterator<std::pair<ggml_backend_device*, ggml_backend_buffer_type*>*, std::vector<std::pair<ggml_backend_device*, ggml_backend_buffer_type*>, std::allocator<std::pair<ggml_backend_device*, ggml_backend_buffer_type*> > > >, __gnu_cxx::__normal_iterator<std::pair<ggml_backend_device*, ggml_backend_buffer_type*>*, std::vector<std::pair<ggml_backend_device*, ggml_backend_buffer_type*>, std::allocator<std::pair<ggml_backend_device*, ggml_backend_buffer_type*> > > >, __gnu_cxx::__normal_iterator<std::pair<ggml_backend_device*, ggml_backend_buffer_type*>*, std::vector<std::pair<ggml_backend_device*, ggml_backend_buffer_type*>, std::allocator<std::pair<ggml_backend_device*, ggml_backend_buffer_type*> > > >, std::forward_iterator_tag) [clone .isra.0]","void std::vector<std::pair<ggml_backend_device*, ggml_backend_buffer_type*>, std::allocator<std::pair<ggml_backend_device*, ggml_backend_buffer_type*> > >::_M_range_insert<__gnu_cxx::__normal_iterator<std::pair<ggml_backend_device*, ggml_backend_buffer_type*>*, std::vector<std::pair<ggml_backend_device*, ggml_backend_buffer_type*>, std::allocator<std::pair<ggml_backend_device*, ggml_backend_buffer_type*> > > > >(__gnu_cxx::__normal_iterator<std::pair<ggml_backend_device*, ggml_backend_buffer_type*>*, std::vector<std::pair<ggml_backend_device*, ggml_backend_buffer_type*>, std::allocator<std::pair<ggml_backend_device*, ggml_backend_buffer_type*> > > >, __gnu_cxx::__normal_iterator<std::pair<ggml_backend_device*, ggml_backend_buffer_type*>*, std::vector<std::pair<ggml_backend_device*, ggml_backend_buffer_type*>, std::allocator<std::pair<ggml_backend_device*, ggml_backend_buffer_type*> > > >, __gnu_cxx::__normal_iterator<std::pair<ggml_backend_device*, ggml_backend_buffer_type*>*, std::vector<std::pair<ggml_backend_device*, ggml_backend_buffer_type*>, std::allocator<std::pair<ggml_backend_device*, ggml_backend_buffer_type*> > > >, std::forward_iterator_tag) [clone .isra.0]",ggml_backend,L5_531,000000000192ddb0
"void std::vector<std::pair<ggml_backend_device*, ggml_backend_buffer_type*>, std::allocator<std::pair<ggml_backend_device*, ggml_backend_buffer_type*> > >::_M_range_insert<__gnu_cxx::__normal_iterator<std::pair<ggml_backend_device*, ggml_backend_buffer_type*>*, std::vector<std::pair<ggml_backend_device*, ggml_backend_buffer_type*>, std::allocator<std::pair<ggml_backend_device*, ggml_backend_buffer_type*> > > > >(__gnu_cxx::__normal_iterator<std::pair<ggml_backend_device*, ggml_backend_buffer_type*>*, std::vector<std::pair<ggml_backend_device*, ggml_backend_buffer_type*>, std::allocator<std::pair<ggml_backend_device*, ggml_backend_buffer_type*> > > >, __gnu_cxx::__normal_iterator<std::pair<ggml_backend_device*, ggml_backend_buffer_type*>*, std::vector<std::pair<ggml_backend_device*, ggml_backend_buffer_type*>, std::allocator<std::pair<ggml_backend_device*, ggml_backend_buffer_type*> > > >, __gnu_cxx::__normal_iterator<std::pair<ggml_backend_device*, ggml_backend_buffer_type*>*, std::vector<std::pair<ggml_backend_device*, ggml_backend_buffer_type*>, std::allocator<std::pair<ggml_backend_device*, ggml_backend_buffer_type*> > > >, std::forward_iterator_tag) [clone .isra.0] [clone .cold]","void std::vector<std::pair<ggml_backend_device*, ggml_backend_buffer_type*>, std::allocator<std::pair<ggml_backend_device*, ggml_backend_buffer_type*> > >::_M_range_insert<__gnu_cxx::__normal_iterator<std::pair<ggml_backend_device*, ggml_backend_buffer_type*>*, std::vector<std::pair<ggml_backend_device*, ggml_backend_buffer_type*>, std::allocator<std::pair<ggml_backend_device*, ggml_backend_buffer_type*> > > > >(__gnu_cxx::__normal_iterator<std::pair<ggml_backend_device*, ggml_backend_buffer_type*>*, std::vector<std::pair<ggml_backend_device*, ggml_backend_buffer_type*>, std::allocator<std::pair<ggml_backend_device*, ggml_backend_buffer_type*> > > >, __gnu_cxx::__normal_iterator<std::pair<ggml_backend_device*, ggml_backend_buffer_type*>*, std::vector<std::pair<ggml_backend_device*, ggml_backend_buffer_type*>, std::allocator<std::pair<ggml_backend_device*, ggml_backend_buffer_type*> > > >, __gnu_cxx::__normal_iterator<std::pair<ggml_backend_device*, ggml_backend_buffer_type*>*, std::vector<std::pair<ggml_backend_device*, ggml_backend_buffer_type*>, std::allocator<std::pair<ggml_backend_device*, ggml_backend_buffer_type*> > > >, std::forward_iterator_tag) [clone .isra.0] [clone .cold]",ggml_backend,L5_532,0000000000419396
"std::_Rb_tree<llama_rope_scaling_type, std::pair<llama_rope_scaling_type const, char const*>, std::_Select1st<std::pair<llama_rope_scaling_type const, char const*> >, std::less<llama_rope_scaling_type>, std::allocator<std::pair<llama_rope_scaling_type const, char const*> > >::_M_get_insert_unique_pos(llama_rope_scaling_type const&) [clone .isra.0]","std::_Rb_tree<llama_rope_scaling_type, std::pair<llama_rope_scaling_type const, char const*>, std::_Select1st<std::pair<llama_rope_scaling_type const, char const*> >, std::less<llama_rope_scaling_type>, std::allocator<std::pair<llama_rope_scaling_type const, char const*> > >::_M_get_insert_unique_pos(llama_rope_scaling_type const&) [clone .isra.0]",ggml_ops,L6_2816,000000000192da60
"std::_Rb_tree<llama_rope_scaling_type, std::pair<llama_rope_scaling_type const, char const*>, std::_Select1st<std::pair<llama_rope_scaling_type const, char const*> >, std::less<llama_rope_scaling_type>, std::allocator<std::pair<llama_rope_scaling_type const, char const*> > >::_M_erase(std::_Rb_tree_node<std::pair<llama_rope_scaling_type const, char const*> >*) [clone .isra.0]","std::_Rb_tree<llama_rope_scaling_type, std::pair<llama_rope_scaling_type const, char const*>, std::_Select1st<std::pair<llama_rope_scaling_type const, char const*> >, std::less<llama_rope_scaling_type>, std::allocator<std::pair<llama_rope_scaling_type const, char const*> > >::_M_erase(std::_Rb_tree_node<std::pair<llama_rope_scaling_type const, char const*> >*) [clone .isra.0]",ggml_ops,L6_2815,000000000192e430
"std::_Rb_tree_iterator<std::pair<ggml_type const, unsigned int> > std::_Rb_tree<ggml_type, std::pair<ggml_type const, unsigned int>, std::_Select1st<std::pair<ggml_type const, unsigned int> >, std::less<ggml_type>, std::allocator<std::pair<ggml_type const, unsigned int> > >::_M_emplace_hint_unique<std::piecewise_construct_t const&, std::tuple<ggml_type const&>, std::tuple<> >(std::_Rb_tree_const_iterator<std::pair<ggml_type const, unsigned int> >, std::piecewise_construct_t const&, std::tuple<ggml_type const&>&&, std::tuple<>&&) [clone .isra.0]","std::_Rb_tree_iterator<std::pair<ggml_type const, unsigned int> > std::_Rb_tree<ggml_type, std::pair<ggml_type const, unsigned int>, std::_Select1st<std::pair<ggml_type const, unsigned int> >, std::less<ggml_type>, std::allocator<std::pair<ggml_type const, unsigned int> > >::_M_emplace_hint_unique<std::piecewise_construct_t const&, std::tuple<ggml_type const&>, std::tuple<> >(std::_Rb_tree_const_iterator<std::pair<ggml_type const, unsigned int> >, std::piecewise_construct_t const&, std::tuple<ggml_type const&>&&, std::tuple<>&&) [clone .isra.0]",vocab,L7_260,00000000018d5630
"std::_Rb_tree<ggml_type, std::pair<ggml_type const, unsigned int>, std::_Select1st<std::pair<ggml_type const, unsigned int> >, std::less<ggml_type>, std::allocator<std::pair<ggml_type const, unsigned int> > >::_M_get_insert_unique_pos(ggml_type const&) [clone .isra.0]","std::_Rb_tree<ggml_type, std::pair<ggml_type const, unsigned int>, std::_Select1st<std::pair<ggml_type const, unsigned int> >, std::less<ggml_type>, std::allocator<std::pair<ggml_type const, unsigned int> > >::_M_get_insert_unique_pos(ggml_type const&) [clone .isra.0]",ggml_ops,L6_2814,00000000018d5450
"std::_Rb_tree<ggml_type, std::pair<ggml_type const, unsigned int>, std::_Select1st<std::pair<ggml_type const, unsigned int> >, std::less<ggml_type>, std::allocator<std::pair<ggml_type const, unsigned int> > >::_M_erase(std::_Rb_tree_node<std::pair<ggml_type const, unsigned int> >*) [clone .isra.0]","std::_Rb_tree<ggml_type, std::pair<ggml_type const, unsigned int>, std::_Select1st<std::pair<ggml_type const, unsigned int> >, std::less<ggml_type>, std::allocator<std::pair<ggml_type const, unsigned int> > >::_M_erase(std::_Rb_tree_node<std::pair<ggml_type const, unsigned int> >*) [clone .isra.0]",ggml_ops,L6_2813,00000000018d62b0
"std::_Rb_tree_iterator<std::pair<std::__cxx11::basic_string<char, std::char_traits<char>, std::allocator<char> > const, llama_adapter_lora_weight> > std::_Rb_tree<std::__cxx11::basic_string<char, std::char_traits<char>, std::allocator<char> >, std::pair<std::__cxx11::basic_string<char, std::char_traits<char>, std::allocator<char> > const, llama_adapter_lora_weight>, std::_Select1st<std::pair<std::__cxx11::basic_string<char, std::char_traits<char>, std::allocator<char> > const, llama_adapter_lora_weight> >, std::less<std::__cxx11::basic_string<char, std::char_traits<char>, std::allocator<char> > >, std::allocator<std::pair<std::__cxx11::basic_string<char, std::char_traits<char>, std::allocator<char> > const, llama_adapter_lora_weight> > >::_M_emplace_hint_unique<std::piecewise_construct_t const&, std::tuple<std::__cxx11::basic_string<char, std::char_traits<char>, std::allocator<char> > const&>, std::tuple<> >(std::_Rb_tree_const_iterator<std::pair<std::__cxx11::basic_string<char, std::char_traits<char>, std::allocator<char> > const, llama_adapter_lora_weight> >, std::piecewise_construct_t const&, std::tuple<std::__cxx11::basic_string<char, std::char_traits<char>, std::allocator<char> > const&>&&, std::tuple<>&&) [clone .isra.0]","std::_Rb_tree_iterator<std::pair<std::__cxx11::basic_string<char, std::char_traits<char>, std::allocator<char> > const, llama_adapter_lora_weight> > std::_Rb_tree<std::__cxx11::basic_string<char, std::char_traits<char>, std::allocator<char> >, std::pair<std::__cxx11::basic_string<char, std::char_traits<char>, std::allocator<char> > const, llama_adapter_lora_weight>, std::_Select1st<std::pair<std::__cxx11::basic_string<char, std::char_traits<char>, std::allocator<char> > const, llama_adapter_lora_weight> >, std::less<std::__cxx11::basic_string<char, std::char_traits<char>, std::allocator<char> > >, std::allocator<std::pair<std::__cxx11::basic_string<char, std::char_traits<char>, std::allocator<char> > const, llama_adapter_lora_weight> > >::_M_emplace_hint_unique<std::piecewise_construct_t const&, std::tuple<std::__cxx11::basic_string<char, std::char_traits<char>, std::allocator<char> > const&>, std::tuple<> >(std::_Rb_tree_const_iterator<std::pair<std::__cxx11::basic_string<char, std::char_traits<char>, std::allocator<char> > const, llama_adapter_lora_weight> >, std::piecewise_construct_t const&, std::tuple<std::__cxx11::basic_string<char, std::char_traits<char>, std::allocator<char> > const&>&&, std::tuple<>&&) [clone .isra.0]",vocab,L7_261,00000000018fecf0
"std::_Rb_tree_iterator<std::pair<std::__cxx11::basic_string<char, std::char_traits<char>, std::allocator<char> > const, llama_adapter_lora_weight> > std::_Rb_tree<std::__cxx11::basic_string<char, std::char_traits<char>, std::allocator<char> >, std::pair<std::__cxx11::basic_string<char, std::char_traits<char>, std::allocator<char> > const, llama_adapter_lora_weight>, std::_Select1st<std::pair<std::__cxx11::basic_string<char, std::char_traits<char>, std::allocator<char> > const, llama_adapter_lora_weight> >, std::less<std::__cxx11::basic_string<char, std::char_traits<char>, std::allocator<char> > >, std::allocator<std::pair<std::__cxx11::basic_string<char, std::char_traits<char>, std::allocator<char> > const, llama_adapter_lora_weight> > >::_M_emplace_hint_unique<std::piecewise_construct_t const&, std::tuple<std::__cxx11::basic_string<char, std::char_traits<char>, std::allocator<char> > const&>, std::tuple<> >(std::_Rb_tree_const_iterator<std::pair<std::__cxx11::basic_string<char, std::char_traits<char>, std::allocator<char> > const, llama_adapter_lora_weight> >, std::piecewise_construct_t const&, std::tuple<std::__cxx11::basic_string<char, std::char_traits<char>, std::allocator<char> > const&>&&, std::tuple<>&&) [clone .isra.0] [clone .cold]","std::_Rb_tree_iterator<std::pair<std::__cxx11::basic_string<char, std::char_traits<char>, std::allocator<char> > const, llama_adapter_lora_weight> > std::_Rb_tree<std::__cxx11::basic_string<char, std::char_traits<char>, std::allocator<char> >, std::pair<std::__cxx11::basic_string<char, std::char_traits<char>, std::allocator<char> > const, llama_adapter_lora_weight>, std::_Select1st<std::pair<std::__cxx11::basic_string<char, std::char_traits<char>, std::allocator<char> > const, llama_adapter_lora_weight> >, std::less<std::__cxx11::basic_string<char, std::char_traits<char>, std::allocator<char> > >, std::allocator<std::pair<std::__cxx11::basic_string<char, std::char_traits<char>, std::allocator<char> > const, llama_adapter_lora_weight> > >::_M_emplace_hint_unique<std::piecewise_construct_t const&, std::tuple<std::__cxx11::basic_string<char, std::char_traits<char>, std::allocator<char> > const&>, std::tuple<> >(std::_Rb_tree_const_iterator<std::pair<std::__cxx11::basic_string<char, std::char_traits<char>, std::allocator<char> > const, llama_adapter_lora_weight> >, std::piecewise_construct_t const&, std::tuple<std::__cxx11::basic_string<char, std::char_traits<char>, std::allocator<char> > const&>&&, std::tuple<>&&) [clone .isra.0] [clone .cold]",vocab,L7_262,00000000004119b4
"std::_Rb_tree<std::__cxx11::basic_string<char, std::char_traits<char>, std::allocator<char> >, std::pair<std::__cxx11::basic_string<char, std::char_traits<char>, std::allocator<char> > const, llama_adapter_lora_weight>, std::_Select1st<std::pair<std::__cxx11::basic_string<char, std::char_traits<char>, std::allocator<char> > const, llama_adapter_lora_weight> >, std::less<std::__cxx11::basic_string<char, std::char_traits<char>, std::allocator<char> > >, std::allocator<std::pair<std::__cxx11::basic_string<char, std::char_traits<char>, std::allocator<char> > const, llama_adapter_lora_weight> > >::_M_get_insert_unique_pos(std::__cxx11::basic_string<char, std::char_traits<char>, std::allocator<char> > const&) [clone .isra.0]","std::_Rb_tree<std::__cxx11::basic_string<char, std::char_traits<char>, std::allocator<char> >, std::pair<std::__cxx11::basic_string<char, std::char_traits<char>, std::allocator<char> > const, llama_adapter_lora_weight>, std::_Select1st<std::pair<std::__cxx11::basic_string<char, std::char_traits<char>, std::allocator<char> > const, llama_adapter_lora_weight> >, std::less<std::__cxx11::basic_string<char, std::char_traits<char>, std::allocator<char> > >, std::allocator<std::pair<std::__cxx11::basic_string<char, std::char_traits<char>, std::allocator<char> > const, llama_adapter_lora_weight> > >::_M_get_insert_unique_pos(std::__cxx11::basic_string<char, std::char_traits<char>, std::allocator<char> > const&) [clone .isra.0]",ggml_ops,L6_2818,00000000018fdbd0
"std::_Rb_tree<std::__cxx11::basic_string<char, std::char_traits<char>, std::allocator<char> >, std::pair<std::__cxx11::basic_string<char, std::char_traits<char>, std::allocator<char> > const, llama_adapter_lora_weight>, std::_Select1st<std::pair<std::__cxx11::basic_string<char, std::char_traits<char>, std::allocator<char> > const, llama_adapter_lora_weight> >, std::less<std::__cxx11::basic_string<char, std::char_traits<char>, std::allocator<char> > >, std::allocator<std::pair<std::__cxx11::basic_string<char, std::char_traits<char>, std::allocator<char> > const, llama_adapter_lora_weight> > >::find(std::__cxx11::basic_string<char, std::char_traits<char>, std::allocator<char> > const&) [clone .isra.0]","std::_Rb_tree<std::__cxx11::basic_string<char, std::char_traits<char>, std::allocator<char> >, std::pair<std::__cxx11::basic_string<char, std::char_traits<char>, std::allocator<char> > const, llama_adapter_lora_weight>, std::_Select1st<std::pair<std::__cxx11::basic_string<char, std::char_traits<char>, std::allocator<char> > const, llama_adapter_lora_weight> >, std::less<std::__cxx11::basic_string<char, std::char_traits<char>, std::allocator<char> > >, std::allocator<std::pair<std::__cxx11::basic_string<char, std::char_traits<char>, std::allocator<char> > const, llama_adapter_lora_weight> > >::find(std::__cxx11::basic_string<char, std::char_traits<char>, std::allocator<char> > const&) [clone .isra.0]",ggml_ops,L6_2819,00000000018fdad0
"std::_Rb_tree<std::__cxx11::basic_string<char, std::char_traits<char>, std::allocator<char> >, std::pair<std::__cxx11::basic_string<char, std::char_traits<char>, std::allocator<char> > const, llama_adapter_lora_weight>, std::_Select1st<std::pair<std::__cxx11::basic_string<char, std::char_traits<char>, std::allocator<char> > const, llama_adapter_lora_weight> >, std::less<std::__cxx11::basic_string<char, std::char_traits<char>, std::allocator<char> > >, std::allocator<std::pair<std::__cxx11::basic_string<char, std::char_traits<char>, std::allocator<char> > const, llama_adapter_lora_weight> > >::_M_erase(std::_Rb_tree_node<std::pair<std::__cxx11::basic_string<char, std::char_traits<char>, std::allocator<char> > const, llama_adapter_lora_weight> >*) [clone .isra.0]","std::_Rb_tree<std::__cxx11::basic_string<char, std::char_traits<char>, std::allocator<char> >, std::pair<std::__cxx11::basic_string<char, std::char_traits<char>, std::allocator<char> > const, llama_adapter_lora_weight>, std::_Select1st<std::pair<std::__cxx11::basic_string<char, std::char_traits<char>, std::allocator<char> > const, llama_adapter_lora_weight> >, std::less<std::__cxx11::basic_string<char, std::char_traits<char>, std::allocator<char> > >, std::allocator<std::pair<std::__cxx11::basic_string<char, std::char_traits<char>, std::allocator<char> > const, llama_adapter_lora_weight> > >::_M_erase(std::_Rb_tree_node<std::pair<std::__cxx11::basic_string<char, std::char_traits<char>, std::allocator<char> > const, llama_adapter_lora_weight> >*) [clone .isra.0]",ggml_ops,L6_2817,00000000018fdef0
"std::_Rb_tree<std::__cxx11::basic_string<char, std::char_traits<char>, std::allocator<char> >, std::pair<std::__cxx11::basic_string<char, std::char_traits<char>, std::allocator<char> > const, llama_model_loader::llama_tensor_weight>, std::_Select1st<std::pair<std::__cxx11::basic_string<char, std::char_traits<char>, std::allocator<char> > const, llama_model_loader::llama_tensor_weight> >, llama_model_loader::weight_name_comparer, std::allocator<std::pair<std::__cxx11::basic_string<char, std::char_traits<char>, std::allocator<char> > const, llama_model_loader::llama_tensor_weight> > >::_M_erase(std::_Rb_tree_node<std::pair<std::__cxx11::basic_string<char, std::char_traits<char>, std::allocator<char> > const, llama_model_loader::llama_tensor_weight> >*) [clone .isra.0]","std::_Rb_tree<std::__cxx11::basic_string<char, std::char_traits<char>, std::allocator<char> >, std::pair<std::__cxx11::basic_string<char, std::char_traits<char>, std::allocator<char> > const, llama_model_loader::llama_tensor_weight>, std::_Select1st<std::pair<std::__cxx11::basic_string<char, std::char_traits<char>, std::allocator<char> > const, llama_model_loader::llama_tensor_weight> >, llama_model_loader::weight_name_comparer, std::allocator<std::pair<std::__cxx11::basic_string<char, std::char_traits<char>, std::allocator<char> > const, llama_model_loader::llama_tensor_weight> > >::_M_erase(std::_Rb_tree_node<std::pair<std::__cxx11::basic_string<char, std::char_traits<char>, std::allocator<char> > const, llama_model_loader::llama_tensor_weight> >*) [clone .isra.0]",ggml_ops,L6_2820,000000000187f3d0
"std::_Rb_tree_iterator<std::pair<ggml_tensor* const, ggml_tensor*> > std::_Rb_tree<ggml_tensor*, std::pair<ggml_tensor* const, ggml_tensor*>, std::_Select1st<std::pair<ggml_tensor* const, ggml_tensor*> >, std::less<ggml_tensor*>, std::allocator<std::pair<ggml_tensor* const, ggml_tensor*> > >::_M_emplace_hint_unique<std::piecewise_construct_t const&, std::tuple<ggml_tensor* const&>, std::tuple<> >(std::_Rb_tree_const_iterator<std::pair<ggml_tensor* const, ggml_tensor*> >, std::piecewise_construct_t const&, std::tuple<ggml_tensor* const&>&&, std::tuple<>&&) [clone .isra.0]","std::_Rb_tree_iterator<std::pair<ggml_tensor* const, ggml_tensor*> > std::_Rb_tree<ggml_tensor*, std::pair<ggml_tensor* const, ggml_tensor*>, std::_Select1st<std::pair<ggml_tensor* const, ggml_tensor*> >, std::less<ggml_tensor*>, std::allocator<std::pair<ggml_tensor* const, ggml_tensor*> > >::_M_emplace_hint_unique<std::piecewise_construct_t const&, std::tuple<ggml_tensor* const&>, std::tuple<> >(std::_Rb_tree_const_iterator<std::pair<ggml_tensor* const, ggml_tensor*> >, std::piecewise_construct_t const&, std::tuple<ggml_tensor* const&>&&, std::tuple<>&&) [clone .isra.0]",vocab,L7_259,0000000001a00d30
"std::_Rb_tree<ggml_tensor*, std::pair<ggml_tensor* const, ggml_tensor*>, std::_Select1st<std::pair<ggml_tensor* const, ggml_tensor*> >, std::less<ggml_tensor*>, std::allocator<std::pair<ggml_tensor* const, ggml_tensor*> > >::_M_get_insert_unique_pos(ggml_tensor* const&) [clone .isra.0]","std::_Rb_tree<ggml_tensor*, std::pair<ggml_tensor* const, ggml_tensor*>, std::_Select1st<std::pair<ggml_tensor* const, ggml_tensor*> >, std::less<ggml_tensor*>, std::allocator<std::pair<ggml_tensor* const, ggml_tensor*> > >::_M_get_insert_unique_pos(ggml_tensor* const&) [clone .isra.0]",ggml_ops,L6_2812,0000000001a00c80
"std::_Rb_tree<ggml_tensor*, std::pair<ggml_tensor* const, ggml_tensor*>, std::_Select1st<std::pair<ggml_tensor* const, ggml_tensor*> >, std::less<ggml_tensor*>, std::allocator<std::pair<ggml_tensor* const, ggml_tensor*> > >::_M_erase(std::_Rb_tree_node<std::pair<ggml_tensor* const, ggml_tensor*> >*) [clone .isra.0]","std::_Rb_tree<ggml_tensor*, std::pair<ggml_tensor* const, ggml_tensor*>, std::_Select1st<std::pair<ggml_tensor* const, ggml_tensor*> >, std::less<ggml_tensor*>, std::allocator<std::pair<ggml_tensor* const, ggml_tensor*> > >::_M_erase(std::_Rb_tree_node<std::pair<ggml_tensor* const, ggml_tensor*> >*) [clone .isra.0]",ggml_ops,L6_2811,0000000001a01120
"std::_Rb_tree<ggml_backend_device*, std::pair<ggml_backend_device* const, std::vector<std::pair<ggml_backend_device*, ggml_backend_buffer_type*>, std::allocator<std::pair<ggml_backend_device*, ggml_backend_buffer_type*> > > >, std::_Select1st<std::pair<ggml_backend_device* const, std::vector<std::pair<ggml_backend_device*, ggml_backend_buffer_type*>, std::allocator<std::pair<ggml_backend_device*, ggml_backend_buffer_type*> > > > >, std::less<ggml_backend_device*>, std::allocator<std::pair<ggml_backend_device* const, std::vector<std::pair<ggml_backend_device*, ggml_backend_buffer_type*>, std::allocator<std::pair<ggml_backend_device*, ggml_backend_buffer_type*> > > > > >::_M_get_insert_unique_pos(ggml_backend_device* const&) [clone .isra.0]","std::_Rb_tree<ggml_backend_device*, std::pair<ggml_backend_device* const, std::vector<std::pair<ggml_backend_device*, ggml_backend_buffer_type*>, std::allocator<std::pair<ggml_backend_device*, ggml_backend_buffer_type*> > > >, std::_Select1st<std::pair<ggml_backend_device* const, std::vector<std::pair<ggml_backend_device*, ggml_backend_buffer_type*>, std::allocator<std::pair<ggml_backend_device*, ggml_backend_buffer_type*> > > > >, std::less<ggml_backend_device*>, std::allocator<std::pair<ggml_backend_device* const, std::vector<std::pair<ggml_backend_device*, ggml_backend_buffer_type*>, std::allocator<std::pair<ggml_backend_device*, ggml_backend_buffer_type*> > > > > >::_M_get_insert_unique_pos(ggml_backend_device* const&) [clone .isra.0]",ggml_backend,L5_467,00000000019544a0
"std::_Rb_tree<ggml_backend_device*, std::pair<ggml_backend_device* const, std::vector<std::pair<ggml_backend_device*, ggml_backend_buffer_type*>, std::allocator<std::pair<ggml_backend_device*, ggml_backend_buffer_type*> > > >, std::_Select1st<std::pair<ggml_backend_device* const, std::vector<std::pair<ggml_backend_device*, ggml_backend_buffer_type*>, std::allocator<std::pair<ggml_backend_device*, ggml_backend_buffer_type*> > > > >, std::less<ggml_backend_device*>, std::allocator<std::pair<ggml_backend_device* const, std::vector<std::pair<ggml_backend_device*, ggml_backend_buffer_type*>, std::allocator<std::pair<ggml_backend_device*, ggml_backend_buffer_type*> > > > > >::_M_erase(std::_Rb_tree_node<std::pair<ggml_backend_device* const, std::vector<std::pair<ggml_backend_device*, ggml_backend_buffer_type*>, std::allocator<std::pair<ggml_backend_device*, ggml_backend_buffer_type*> > > > >*) [clone .isra.0]","std::_Rb_tree<ggml_backend_device*, std::pair<ggml_backend_device* const, std::vector<std::pair<ggml_backend_device*, ggml_backend_buffer_type*>, std::allocator<std::pair<ggml_backend_device*, ggml_backend_buffer_type*> > > >, std::_Select1st<std::pair<ggml_backend_device* const, std::vector<std::pair<ggml_backend_device*, ggml_backend_buffer_type*>, std::allocator<std::pair<ggml_backend_device*, ggml_backend_buffer_type*> > > > >, std::less<ggml_backend_device*>, std::allocator<std::pair<ggml_backend_device* const, std::vector<std::pair<ggml_backend_device*, ggml_backend_buffer_type*>, std::allocator<std::pair<ggml_backend_device*, ggml_backend_buffer_type*> > > > > >::_M_erase(std::_Rb_tree_node<std::pair<ggml_backend_device* const, std::vector<std::pair<ggml_backend_device*, ggml_backend_buffer_type*>, std::allocator<std::pair<ggml_backend_device*, ggml_backend_buffer_type*> > > > >*) [clone .isra.0]",ggml_backend,L5_466,0000000001954550
"std::_Rb_tree_iterator<std::pair<ggml_backend_buffer_type* const, ggml_context*> > std::_Rb_tree<ggml_backend_buffer_type*, std::pair<ggml_backend_buffer_type* const, ggml_context*>, std::_Select1st<std::pair<ggml_backend_buffer_type* const, ggml_context*> >, std::less<ggml_backend_buffer_type*>, std::allocator<std::pair<ggml_backend_buffer_type* const, ggml_context*> > >::_M_emplace_hint_unique<std::piecewise_construct_t const&, std::tuple<ggml_backend_buffer_type* const&>, std::tuple<> >(std::_Rb_tree_const_iterator<std::pair<ggml_backend_buffer_type* const, ggml_context*> >, std::piecewise_construct_t const&, std::tuple<ggml_backend_buffer_type* const&>&&, std::tuple<>&&) [clone .isra.0]","std::_Rb_tree_iterator<std::pair<ggml_backend_buffer_type* const, ggml_context*> > std::_Rb_tree<ggml_backend_buffer_type*, std::pair<ggml_backend_buffer_type* const, ggml_context*>, std::_Select1st<std::pair<ggml_backend_buffer_type* const, ggml_context*> >, std::less<ggml_backend_buffer_type*>, std::allocator<std::pair<ggml_backend_buffer_type* const, ggml_context*> > >::_M_emplace_hint_unique<std::piecewise_construct_t const&, std::tuple<ggml_backend_buffer_type* const&>, std::tuple<> >(std::_Rb_tree_const_iterator<std::pair<ggml_backend_buffer_type* const, ggml_context*> >, std::piecewise_construct_t const&, std::tuple<ggml_backend_buffer_type* const&>&&, std::tuple<>&&) [clone .isra.0]",ggml_backend,L5_468,00000000018fd970
"std::_Rb_tree<ggml_backend_buffer_type*, std::pair<ggml_backend_buffer_type* const, ggml_context*>, std::_Select1st<std::pair<ggml_backend_buffer_type* const, ggml_context*> >, std::less<ggml_backend_buffer_type*>, std::allocator<std::pair<ggml_backend_buffer_type* const, ggml_context*> > >::_M_get_insert_unique_pos(ggml_backend_buffer_type* const&) [clone .isra.0]","std::_Rb_tree<ggml_backend_buffer_type*, std::pair<ggml_backend_buffer_type* const, ggml_context*>, std::_Select1st<std::pair<ggml_backend_buffer_type* const, ggml_context*> >, std::less<ggml_backend_buffer_type*>, std::allocator<std::pair<ggml_backend_buffer_type* const, ggml_context*> > >::_M_get_insert_unique_pos(ggml_backend_buffer_type* const&) [clone .isra.0]",ggml_backend,L5_465,00000000018fd8b0
"std::_Rb_tree<ggml_backend_buffer_type*, std::pair<ggml_backend_buffer_type* const, ggml_context*>, std::_Select1st<std::pair<ggml_backend_buffer_type* const, ggml_context*> >, std::less<ggml_backend_buffer_type*>, std::allocator<std::pair<ggml_backend_buffer_type* const, ggml_context*> > >::_M_erase(std::_Rb_tree_node<std::pair<ggml_backend_buffer_type* const, ggml_context*> >*) [clone .isra.0]","std::_Rb_tree<ggml_backend_buffer_type*, std::pair<ggml_backend_buffer_type* const, ggml_context*>, std::_Select1st<std::pair<ggml_backend_buffer_type* const, ggml_context*> >, std::less<ggml_backend_buffer_type*>, std::allocator<std::pair<ggml_backend_buffer_type* const, ggml_context*> > >::_M_erase(std::_Rb_tree_node<std::pair<ggml_backend_buffer_type* const, ggml_context*> >*) [clone .isra.0]",ggml_backend,L5_464,00000000018fdd20
"std::pair<ggml_backend_device*, int>* std::__move_merge<__gnu_cxx::__normal_iterator<std::pair<ggml_backend_device*, int>*, std::vector<std::pair<ggml_backend_device*, int>, std::allocator<std::pair<ggml_backend_device*, int> > > >, std::pair<ggml_backend_device*, int>*, __gnu_cxx::__ops::_Iter_comp_iter<ggml_backend_registry::register_device(ggml_backend_device*, int)::{lambda(auto:1 const&, auto:2 const&)#1}> >(__gnu_cxx::__normal_iterator<std::pair<ggml_backend_device*, int>*, std::vector<std::pair<ggml_backend_device*, int>, std::allocator<std::pair<ggml_backend_device*, int> > > >, __gnu_cxx::__normal_iterator<std::pair<ggml_backend_device*, int>*, std::vector<std::pair<ggml_backend_device*, int>, std::allocator<std::pair<ggml_backend_device*, int> > > >, __gnu_cxx::__normal_iterator<std::pair<ggml_backend_device*, int>*, std::vector<std::pair<ggml_backend_device*, int>, std::allocator<std::pair<ggml_backend_device*, int> > > >, __gnu_cxx::__normal_iterator<std::pair<ggml_backend_device*, int>*, std::vector<std::pair<ggml_backend_device*, int>, std::allocator<std::pair<ggml_backend_device*, int> > > >, std::pair<ggml_backend_device*, int>*, __gnu_cxx::__ops::_Iter_comp_iter<ggml_backend_registry::register_device(ggml_backend_device*, int)::{lambda(auto:1 const&, auto:2 const&)#1}>) [clone .isra.0]","std::pair<ggml_backend_device*, int>* std::__move_merge<__gnu_cxx::__normal_iterator<std::pair<ggml_backend_device*, int>*, std::vector<std::pair<ggml_backend_device*, int>, std::allocator<std::pair<ggml_backend_device*, int> > > >, std::pair<ggml_backend_device*, int>*, __gnu_cxx::__ops::_Iter_comp_iter<ggml_backend_registry::register_device(ggml_backend_device*, int)::{lambda(auto:1 const&, auto:2 const&)#1}> >(__gnu_cxx::__normal_iterator<std::pair<ggml_backend_device*, int>*, std::vector<std::pair<ggml_backend_device*, int>, std::allocator<std::pair<ggml_backend_device*, int> > > >, __gnu_cxx::__normal_iterator<std::pair<ggml_backend_device*, int>*, std::vector<std::pair<ggml_backend_device*, int>, std::allocator<std::pair<ggml_backend_device*, int> > > >, __gnu_cxx::__normal_iterator<std::pair<ggml_backend_device*, int>*, std::vector<std::pair<ggml_backend_device*, int>, std::allocator<std::pair<ggml_backend_device*, int> > > >, __gnu_cxx::__normal_iterator<std::pair<ggml_backend_device*, int>*, std::vector<std::pair<ggml_backend_device*, int>, std::allocator<std::pair<ggml_backend_device*, int> > > >, std::pair<ggml_backend_device*, int>*, __gnu_cxx::__ops::_Iter_comp_iter<ggml_backend_registry::register_device(ggml_backend_device*, int)::{lambda(auto:1 const&, auto:2 const&)#1}>) [clone .isra.0]",ggml_backend,L5_505,00000000019f7810
"__gnu_cxx::__normal_iterator<std::pair<ggml_backend_device*, int>*, std::vector<std::pair<ggml_backend_device*, int>, std::allocator<std::pair<ggml_backend_device*, int> > > > std::__move_merge<std::pair<ggml_backend_device*, int>*, __gnu_cxx::__normal_iterator<std::pair<ggml_backend_device*, int>*, std::vector<std::pair<ggml_backend_device*, int>, std::allocator<std::pair<ggml_backend_device*, int> > > >, __gnu_cxx::__ops::_Iter_comp_iter<ggml_backend_registry::register_device(ggml_backend_device*, int)::{lambda(auto:1 const&, auto:2 const&)#1}> >(std::pair<ggml_backend_device*, int>*, std::pair<ggml_backend_device*, int>*, std::pair<ggml_backend_device*, int>*, std::pair<ggml_backend_device*, int>*, __gnu_cxx::__normal_iterator<std::pair<ggml_backend_device*, int>*, std::vector<std::pair<ggml_backend_device*, int>, std::allocator<std::pair<ggml_backend_device*, int> > > >, __gnu_cxx::__ops::_Iter_comp_iter<ggml_backend_registry::register_device(ggml_backend_device*, int)::{lambda(auto:1 const&, auto:2 const&)#1}>) [clone .isra.0]","__gnu_cxx::__normal_iterator<std::pair<ggml_backend_device*, int>*, std::vector<std::pair<ggml_backend_device*, int>, std::allocator<std::pair<ggml_backend_device*, int> > > > std::__move_merge<std::pair<ggml_backend_device*, int>*, __gnu_cxx::__normal_iterator<std::pair<ggml_backend_device*, int>*, std::vector<std::pair<ggml_backend_device*, int>, std::allocator<std::pair<ggml_backend_device*, int> > > >, __gnu_cxx::__ops::_Iter_comp_iter<ggml_backend_registry::register_device(ggml_backend_device*, int)::{lambda(auto:1 const&, auto:2 const&)#1}> >(std::pair<ggml_backend_device*, int>*, std::pair<ggml_backend_device*, int>*, std::pair<ggml_backend_device*, int>*, std::pair<ggml_backend_device*, int>*, __gnu_cxx::__normal_iterator<std::pair<ggml_backend_device*, int>*, std::vector<std::pair<ggml_backend_device*, int>, std::allocator<std::pair<ggml_backend_device*, int> > > >, __gnu_cxx::__ops::_Iter_comp_iter<ggml_backend_registry::register_device(ggml_backend_device*, int)::{lambda(auto:1 const&, auto:2 const&)#1}>) [clone .isra.0]",ggml_backend,L5_003,00000000019f7730
"void std::__adjust_heap<__gnu_cxx::__normal_iterator<llama_sbatch_seq*, std::vector<llama_sbatch_seq, std::allocator<llama_sbatch_seq> > >, long, llama_sbatch_seq, __gnu_cxx::__ops::_Iter_comp_iter<llama_sbatch::from_batch(llama_batch const&, unsigned long, bool, bool)::{lambda(llama_sbatch_seq&, llama_sbatch_seq&)#1}> >(__gnu_cxx::__normal_iterator<llama_sbatch_seq*, std::vector<llama_sbatch_seq, std::allocator<llama_sbatch_seq> > >, long, long, llama_sbatch_seq, __gnu_cxx::__ops::_Iter_comp_iter<llama_sbatch::from_batch(llama_batch const&, unsigned long, bool, bool)::{lambda(llama_sbatch_seq&, llama_sbatch_seq&)#1}>) [clone .isra.0]","void std::__adjust_heap<__gnu_cxx::__normal_iterator<llama_sbatch_seq*, std::vector<llama_sbatch_seq, std::allocator<llama_sbatch_seq> > >, long, llama_sbatch_seq, __gnu_cxx::__ops::_Iter_comp_iter<llama_sbatch::from_batch(llama_batch const&, unsigned long, bool, bool)::{lambda(llama_sbatch_seq&, llama_sbatch_seq&)#1}> >(__gnu_cxx::__normal_iterator<llama_sbatch_seq*, std::vector<llama_sbatch_seq, std::allocator<llama_sbatch_seq> > >, long, long, llama_sbatch_seq, __gnu_cxx::__ops::_Iter_comp_iter<llama_sbatch::from_batch(llama_batch const&, unsigned long, bool, bool)::{lambda(llama_sbatch_seq&, llama_sbatch_seq&)#1}>) [clone .isra.0]",ggml_ops,L6_2986,0000000001902f00
"void std::__adjust_heap<__gnu_cxx::__normal_iterator<int*, std::vector<int, std::allocator<int> > >, long, int, __gnu_cxx::__ops::_Iter_comp_iter<llama_vocab::impl::load(llama_model_loader&, LLM_KV const&)::{lambda(int, int)#1}> >(__gnu_cxx::__normal_iterator<int*, std::vector<int, std::allocator<int> > >, long, long, int, __gnu_cxx::__ops::_Iter_comp_iter<llama_vocab::impl::load(llama_model_loader&, LLM_KV const&)::{lambda(int, int)#1}>)","void std::__adjust_heap<__gnu_cxx::__normal_iterator<int*, std::vector<int, std::allocator<int> > >, long, int, __gnu_cxx::__ops::_Iter_comp_iter<llama_vocab::impl::load(llama_model_loader&, LLM_KV const&)::{lambda(int, int)#1}> >(__gnu_cxx::__normal_iterator<int*, std::vector<int, std::allocator<int> > >, long, long, int, __gnu_cxx::__ops::_Iter_comp_iter<llama_vocab::impl::load(llama_model_loader&, LLM_KV const&)::{lambda(int, int)#1}>)",vocab,L7_266,00000000019659c0
"void std::__adjust_heap<__gnu_cxx::__normal_iterator<unsigned long*, std::vector<unsigned long, std::allocator<unsigned long> > >, long, unsigned long, __gnu_cxx::__ops::_Iter_comp_iter<llama_sampler_typical_apply(llama_sampler*, llama_token_data_array*)::{lambda(unsigned long, unsigned long)#1}> >(__gnu_cxx::__normal_iterator<unsigned long*, std::vector<unsigned long, std::allocator<unsigned long> > >, long, long, unsigned long, __gnu_cxx::__ops::_Iter_comp_iter<llama_sampler_typical_apply(llama_sampler*, llama_token_data_array*)::{lambda(unsigned long, unsigned long)#1}>)","void std::__adjust_heap<__gnu_cxx::__normal_iterator<unsigned long*, std::vector<unsigned long, std::allocator<unsigned long> > >, long, unsigned long, __gnu_cxx::__ops::_Iter_comp_iter<llama_sampler_typical_apply(llama_sampler*, llama_token_data_array*)::{lambda(unsigned long, unsigned long)#1}> >(__gnu_cxx::__normal_iterator<unsigned long*, std::vector<unsigned long, std::allocator<unsigned long> > >, long, long, unsigned long, __gnu_cxx::__ops::_Iter_comp_iter<llama_sampler_typical_apply(llama_sampler*, llama_token_data_array*)::{lambda(unsigned long, unsigned long)#1}>)",ggml_ops,L6_2987,000000000195ba00
"void std::__adjust_heap<__gnu_cxx::__normal_iterator<unsigned long*, std::vector<unsigned long, std::allocator<unsigned long> > >, long, unsigned long, __gnu_cxx::__ops::_Iter_comp_iter<llama_sbatch::from_batch(llama_batch const&, unsigned long, bool, bool)::{lambda(unsigned long, unsigned long)#1}> >(__gnu_cxx::__normal_iterator<unsigned long*, std::vector<unsigned long, std::allocator<unsigned long> > >, long, long, unsigned long, __gnu_cxx::__ops::_Iter_comp_iter<llama_sbatch::from_batch(llama_batch const&, unsigned long, bool, bool)::{lambda(unsigned long, unsigned long)#1}>)","void std::__adjust_heap<__gnu_cxx::__normal_iterator<unsigned long*, std::vector<unsigned long, std::allocator<unsigned long> > >, long, unsigned long, __gnu_cxx::__ops::_Iter_comp_iter<llama_sbatch::from_batch(llama_batch const&, unsigned long, bool, bool)::{lambda(unsigned long, unsigned long)#1}> >(__gnu_cxx::__normal_iterator<unsigned long*, std::vector<unsigned long, std::allocator<unsigned long> > >, long, long, unsigned long, __gnu_cxx::__ops::_Iter_comp_iter<llama_sbatch::from_batch(llama_batch const&, unsigned long, bool, bool)::{lambda(unsigned long, unsigned long)#1}>)",ggml_ops,L6_2988,0000000001903600
"void std::__adjust_heap<__gnu_cxx::__normal_iterator<llama_model_loader::llama_tensor_weight const**, std::vector<llama_model_loader::llama_tensor_weight const*, std::allocator<llama_model_loader::llama_tensor_weight const*> > >, long, llama_model_loader::llama_tensor_weight const*, __gnu_cxx::__ops::_Iter_comp_iter<llama_model_quantize_impl(std::__cxx11::basic_string<char, std::char_traits<char>, std::allocator<char> > const&, std::__cxx11::basic_string<char, std::char_traits<char>, std::allocator<char> > const&, llama_model_quantize_params const*)::{lambda(llama_model_loader::llama_tensor_weight const*, llama_model_loader::llama_tensor_weight const*)#1}> >(__gnu_cxx::__normal_iterator<llama_model_loader::llama_tensor_weight const**, std::vector<llama_model_loader::llama_tensor_weight const*, std::allocator<llama_model_loader::llama_tensor_weight const*> > >, long, long, llama_model_loader::llama_tensor_weight const*, __gnu_cxx::__ops::_Iter_comp_iter<llama_model_quantize_impl(std::__cxx11::basic_string<char, std::char_traits<char>, std::allocator<char> > const&, std::__cxx11::basic_string<char, std::char_traits<char>, std::allocator<char> > const&, llama_model_quantize_params const*)::{lambda(llama_model_loader::llama_tensor_weight const*, llama_model_loader::llama_tensor_weight const*)#1}>) [clone .isra.0]","void std::__adjust_heap<__gnu_cxx::__normal_iterator<llama_model_loader::llama_tensor_weight const**, std::vector<llama_model_loader::llama_tensor_weight const*, std::allocator<llama_model_loader::llama_tensor_weight const*> > >, long, llama_model_loader::llama_tensor_weight const*, __gnu_cxx::__ops::_Iter_comp_iter<llama_model_quantize_impl(std::__cxx11::basic_string<char, std::char_traits<char>, std::allocator<char> > const&, std::__cxx11::basic_string<char, std::char_traits<char>, std::allocator<char> > const&, llama_model_quantize_params const*)::{lambda(llama_model_loader::llama_tensor_weight const*, llama_model_loader::llama_tensor_weight const*)#1}> >(__gnu_cxx::__normal_iterator<llama_model_loader::llama_tensor_weight const**, std::vector<llama_model_loader::llama_tensor_weight const*, std::allocator<llama_model_loader::llama_tensor_weight const*> > >, long, long, llama_model_loader::llama_tensor_weight const*, __gnu_cxx::__ops::_Iter_comp_iter<llama_model_quantize_impl(std::__cxx11::basic_string<char, std::char_traits<char>, std::allocator<char> > const&, std::__cxx11::basic_string<char, std::char_traits<char>, std::allocator<char> > const&, llama_model_quantize_params const*)::{lambda(llama_model_loader::llama_tensor_weight const*, llama_model_loader::llama_tensor_weight const*)#1}>) [clone .isra.0]",ggml_ops,L6_2985,0000000001955d00
"void std::__adjust_heap<llama_token_data*, long, llama_token_data, __gnu_cxx::__ops::_Iter_comp_iter<llama_sampler_top_k_impl(llama_token_data_array*, int)::{lambda(llama_token_data const&, llama_token_data const&)#1}> >(llama_token_data*, long, long, llama_token_data, __gnu_cxx::__ops::_Iter_comp_iter<llama_sampler_top_k_impl(llama_token_data_array*, int)::{lambda(llama_token_data const&, llama_token_data const&)#1}>) [clone .isra.0]","void std::__adjust_heap<llama_token_data*, long, llama_token_data, __gnu_cxx::__ops::_Iter_comp_iter<llama_sampler_top_k_impl(llama_token_data_array*, int)::{lambda(llama_token_data const&, llama_token_data const&)#1}> >(llama_token_data*, long, long, llama_token_data, __gnu_cxx::__ops::_Iter_comp_iter<llama_sampler_top_k_impl(llama_token_data_array*, int)::{lambda(llama_token_data const&, llama_token_data const&)#1}>) [clone .isra.0]",ggml_ops,L6_2991,000000000195bf50
"void std::__adjust_heap<llama_token_data*, long, llama_token_data, __gnu_cxx::__ops::_Iter_comp_iter<llama_sampler_min_p_apply(llama_sampler*, llama_token_data_array*)::{lambda(llama_token_data const&, llama_token_data const&)#1}> >(llama_token_data*, long, long, llama_token_data, __gnu_cxx::__ops::_Iter_comp_iter<llama_sampler_min_p_apply(llama_sampler*, llama_token_data_array*)::{lambda(llama_token_data const&, llama_token_data const&)#1}>) [clone .isra.0]","void std::__adjust_heap<llama_token_data*, long, llama_token_data, __gnu_cxx::__ops::_Iter_comp_iter<llama_sampler_min_p_apply(llama_sampler*, llama_token_data_array*)::{lambda(llama_token_data const&, llama_token_data const&)#1}> >(llama_token_data*, long, long, llama_token_data, __gnu_cxx::__ops::_Iter_comp_iter<llama_sampler_min_p_apply(llama_sampler*, llama_token_data_array*)::{lambda(llama_token_data const&, llama_token_data const&)#1}>) [clone .isra.0]",ggml_ops,L6_2989,000000000195d190
"void std::__adjust_heap<llama_token_data*, long, llama_token_data, __gnu_cxx::__ops::_Iter_comp_iter<llama_sampler_softmax_impl(llama_token_data_array*)::{lambda(llama_token_data const&, llama_token_data const&)#1}> >(llama_token_data*, long, long, llama_token_data, __gnu_cxx::__ops::_Iter_comp_iter<llama_sampler_softmax_impl(llama_token_data_array*)::{lambda(llama_token_data const&, llama_token_data const&)#1}>) [clone .isra.0]","void std::__adjust_heap<llama_token_data*, long, llama_token_data, __gnu_cxx::__ops::_Iter_comp_iter<llama_sampler_softmax_impl(llama_token_data_array*)::{lambda(llama_token_data const&, llama_token_data const&)#1}> >(llama_token_data*, long, long, llama_token_data, __gnu_cxx::__ops::_Iter_comp_iter<llama_sampler_softmax_impl(llama_token_data_array*)::{lambda(llama_token_data const&, llama_token_data const&)#1}>) [clone .isra.0]",ggml_ops,L6_2990,000000000195d550
"void std::__heap_select<llama_token_data*, __gnu_cxx::__ops::_Iter_comp_iter<llama_sampler_top_k_impl(llama_token_data_array*, int)::{lambda(llama_token_data const&, llama_token_data const&)#1}> >(llama_token_data*, llama_token_data*, llama_token_data*, __gnu_cxx::__ops::_Iter_comp_iter<llama_sampler_top_k_impl(llama_token_data_array*, int)::{lambda(llama_token_data const&, llama_token_data const&)#1}>)","void std::__heap_select<llama_token_data*, __gnu_cxx::__ops::_Iter_comp_iter<llama_sampler_top_k_impl(llama_token_data_array*, int)::{lambda(llama_token_data const&, llama_token_data const&)#1}> >(llama_token_data*, llama_token_data*, llama_token_data*, __gnu_cxx::__ops::_Iter_comp_iter<llama_sampler_top_k_impl(llama_token_data_array*, int)::{lambda(llama_token_data const&, llama_token_data const&)#1}>)",ggml_ops,L6_2992,000000000195c0b0
"__gnu_cxx::__normal_iterator<std::pair<ggml_backend_device*, int>*, std::vector<std::pair<ggml_backend_device*, int>, std::allocator<std::pair<ggml_backend_device*, int> > > > std::__lower_bound<__gnu_cxx::__normal_iterator<std::pair<ggml_backend_device*, int>*, std::vector<std::pair<ggml_backend_device*, int>, std::allocator<std::pair<ggml_backend_device*, int> > > >, std::pair<ggml_backend_device*, int>, __gnu_cxx::__ops::_Iter_comp_val<ggml_backend_registry::register_device(ggml_backend_device*, int)::{lambda(auto:1 const&, auto:2 const&)#1}> >(__gnu_cxx::__normal_iterator<std::pair<ggml_backend_device*, int>*, std::vector<std::pair<ggml_backend_device*, int>, std::allocator<std::pair<ggml_backend_device*, int> > > >, __gnu_cxx::__normal_iterator<std::pair<ggml_backend_device*, int>*, std::vector<std::pair<ggml_backend_device*, int>, std::allocator<std::pair<ggml_backend_device*, int> > > >, std::pair<ggml_backend_device*, int> const&, __gnu_cxx::__ops::_Iter_comp_val<ggml_backend_registry::register_device(ggml_backend_device*, int)::{lambda(auto:1 const&, auto:2 const&)#1}>) [clone .isra.0]","__gnu_cxx::__normal_iterator<std::pair<ggml_backend_device*, int>*, std::vector<std::pair<ggml_backend_device*, int>, std::allocator<std::pair<ggml_backend_device*, int> > > > std::__lower_bound<__gnu_cxx::__normal_iterator<std::pair<ggml_backend_device*, int>*, std::vector<std::pair<ggml_backend_device*, int>, std::allocator<std::pair<ggml_backend_device*, int> > > >, std::pair<ggml_backend_device*, int>, __gnu_cxx::__ops::_Iter_comp_val<ggml_backend_registry::register_device(ggml_backend_device*, int)::{lambda(auto:1 const&, auto:2 const&)#1}> >(__gnu_cxx::__normal_iterator<std::pair<ggml_backend_device*, int>*, std::vector<std::pair<ggml_backend_device*, int>, std::allocator<std::pair<ggml_backend_device*, int> > > >, __gnu_cxx::__normal_iterator<std::pair<ggml_backend_device*, int>*, std::vector<std::pair<ggml_backend_device*, int>, std::allocator<std::pair<ggml_backend_device*, int> > > >, std::pair<ggml_backend_device*, int> const&, __gnu_cxx::__ops::_Iter_comp_val<ggml_backend_registry::register_device(ggml_backend_device*, int)::{lambda(auto:1 const&, auto:2 const&)#1}>) [clone .isra.0]",ggml_backend,L5_002,00000000019f7f30
"__gnu_cxx::__normal_iterator<std::pair<ggml_backend_device*, int>*, std::vector<std::pair<ggml_backend_device*, int>, std::allocator<std::pair<ggml_backend_device*, int> > > > std::__upper_bound<__gnu_cxx::__normal_iterator<std::pair<ggml_backend_device*, int>*, std::vector<std::pair<ggml_backend_device*, int>, std::allocator<std::pair<ggml_backend_device*, int> > > >, std::pair<ggml_backend_device*, int>, __gnu_cxx::__ops::_Val_comp_iter<ggml_backend_registry::register_device(ggml_backend_device*, int)::{lambda(auto:1 const&, auto:2 const&)#1}> >(__gnu_cxx::__normal_iterator<std::pair<ggml_backend_device*, int>*, std::vector<std::pair<ggml_backend_device*, int>, std::allocator<std::pair<ggml_backend_device*, int> > > >, __gnu_cxx::__normal_iterator<std::pair<ggml_backend_device*, int>*, std::vector<std::pair<ggml_backend_device*, int>, std::allocator<std::pair<ggml_backend_device*, int> > > >, std::pair<ggml_backend_device*, int> const&, __gnu_cxx::__ops::_Val_comp_iter<ggml_backend_registry::register_device(ggml_backend_device*, int)::{lambda(auto:1 const&, auto:2 const&)#1}>) [clone .isra.0]","__gnu_cxx::__normal_iterator<std::pair<ggml_backend_device*, int>*, std::vector<std::pair<ggml_backend_device*, int>, std::allocator<std::pair<ggml_backend_device*, int> > > > std::__upper_bound<__gnu_cxx::__normal_iterator<std::pair<ggml_backend_device*, int>*, std::vector<std::pair<ggml_backend_device*, int>, std::allocator<std::pair<ggml_backend_device*, int> > > >, std::pair<ggml_backend_device*, int>, __gnu_cxx::__ops::_Val_comp_iter<ggml_backend_registry::register_device(ggml_backend_device*, int)::{lambda(auto:1 const&, auto:2 const&)#1}> >(__gnu_cxx::__normal_iterator<std::pair<ggml_backend_device*, int>*, std::vector<std::pair<ggml_backend_device*, int>, std::allocator<std::pair<ggml_backend_device*, int> > > >, __gnu_cxx::__normal_iterator<std::pair<ggml_backend_device*, int>*, std::vector<std::pair<ggml_backend_device*, int>, std::allocator<std::pair<ggml_backend_device*, int> > > >, std::pair<ggml_backend_device*, int> const&, __gnu_cxx::__ops::_Val_comp_iter<ggml_backend_registry::register_device(ggml_backend_device*, int)::{lambda(auto:1 const&, auto:2 const&)#1}>) [clone .isra.0]",ggml_backend,L5_004,00000000019f7eb0
"void std::__insertion_sort<__gnu_cxx::__normal_iterator<llama_sbatch_seq*, std::vector<llama_sbatch_seq, std::allocator<llama_sbatch_seq> > >, __gnu_cxx::__ops::_Iter_comp_iter<llama_sbatch::from_batch(llama_batch const&, unsigned long, bool, bool)::{lambda(llama_sbatch_seq&, llama_sbatch_seq&)#1}> >(__gnu_cxx::__normal_iterator<llama_sbatch_seq*, std::vector<llama_sbatch_seq, std::allocator<llama_sbatch_seq> > >, __gnu_cxx::__normal_iterator<llama_sbatch_seq*, std::vector<llama_sbatch_seq, std::allocator<llama_sbatch_seq> > >, __gnu_cxx::__ops::_Iter_comp_iter<llama_sbatch::from_batch(llama_batch const&, unsigned long, bool, bool)::{lambda(llama_sbatch_seq&, llama_sbatch_seq&)#1}>) [clone .isra.0]","void std::__insertion_sort<__gnu_cxx::__normal_iterator<llama_sbatch_seq*, std::vector<llama_sbatch_seq, std::allocator<llama_sbatch_seq> > >, __gnu_cxx::__ops::_Iter_comp_iter<llama_sbatch::from_batch(llama_batch const&, unsigned long, bool, bool)::{lambda(llama_sbatch_seq&, llama_sbatch_seq&)#1}> >(__gnu_cxx::__normal_iterator<llama_sbatch_seq*, std::vector<llama_sbatch_seq, std::allocator<llama_sbatch_seq> > >, __gnu_cxx::__normal_iterator<llama_sbatch_seq*, std::vector<llama_sbatch_seq, std::allocator<llama_sbatch_seq> > >, __gnu_cxx::__ops::_Iter_comp_iter<llama_sbatch::from_batch(llama_batch const&, unsigned long, bool, bool)::{lambda(llama_sbatch_seq&, llama_sbatch_seq&)#1}>) [clone .isra.0]",ggml_ops,L6_2994,0000000001903130
"void std::__insertion_sort<__gnu_cxx::__normal_iterator<int*, std::vector<int, std::allocator<int> > >, __gnu_cxx::__ops::_Iter_comp_iter<llama_vocab::impl::load(llama_model_loader&, LLM_KV const&)::{lambda(int, int)#1}> >(__gnu_cxx::__normal_iterator<int*, std::vector<int, std::allocator<int> > >, __gnu_cxx::__normal_iterator<int*, std::vector<int, std::allocator<int> > >, __gnu_cxx::__ops::_Iter_comp_iter<llama_vocab::impl::load(llama_model_loader&, LLM_KV const&)::{lambda(int, int)#1}>)","void std::__insertion_sort<__gnu_cxx::__normal_iterator<int*, std::vector<int, std::allocator<int> > >, __gnu_cxx::__ops::_Iter_comp_iter<llama_vocab::impl::load(llama_model_loader&, LLM_KV const&)::{lambda(int, int)#1}> >(__gnu_cxx::__normal_iterator<int*, std::vector<int, std::allocator<int> > >, __gnu_cxx::__normal_iterator<int*, std::vector<int, std::allocator<int> > >, __gnu_cxx::__ops::_Iter_comp_iter<llama_vocab::impl::load(llama_model_loader&, LLM_KV const&)::{lambda(int, int)#1}>)",vocab,L7_267,0000000001965b30
"void std::__insertion_sort<__gnu_cxx::__normal_iterator<unsigned long*, std::vector<unsigned long, std::allocator<unsigned long> > >, __gnu_cxx::__ops::_Iter_comp_iter<llama_sampler_typical_apply(llama_sampler*, llama_token_data_array*)::{lambda(unsigned long, unsigned long)#1}> >(__gnu_cxx::__normal_iterator<unsigned long*, std::vector<unsigned long, std::allocator<unsigned long> > >, __gnu_cxx::__normal_iterator<unsigned long*, std::vector<unsigned long, std::allocator<unsigned long> > >, __gnu_cxx::__ops::_Iter_comp_iter<llama_sampler_typical_apply(llama_sampler*, llama_token_data_array*)::{lambda(unsigned long, unsigned long)#1}>)","void std::__insertion_sort<__gnu_cxx::__normal_iterator<unsigned long*, std::vector<unsigned long, std::allocator<unsigned long> > >, __gnu_cxx::__ops::_Iter_comp_iter<llama_sampler_typical_apply(llama_sampler*, llama_token_data_array*)::{lambda(unsigned long, unsigned long)#1}> >(__gnu_cxx::__normal_iterator<unsigned long*, std::vector<unsigned long, std::allocator<unsigned long> > >, __gnu_cxx::__normal_iterator<unsigned long*, std::vector<unsigned long, std::allocator<unsigned long> > >, __gnu_cxx::__ops::_Iter_comp_iter<llama_sampler_typical_apply(llama_sampler*, llama_token_data_array*)::{lambda(unsigned long, unsigned long)#1}>)",ggml_ops,L6_2995,000000000195be60
"void std::__insertion_sort<__gnu_cxx::__normal_iterator<unsigned long*, std::vector<unsigned long, std::allocator<unsigned long> > >, __gnu_cxx::__ops::_Iter_comp_iter<llama_sbatch::from_batch(llama_batch const&, unsigned long, bool, bool)::{lambda(unsigned long, unsigned long)#1}> >(__gnu_cxx::__normal_iterator<unsigned long*, std::vector<unsigned long, std::allocator<unsigned long> > >, __gnu_cxx::__normal_iterator<unsigned long*, std::vector<unsigned long, std::allocator<unsigned long> > >, __gnu_cxx::__ops::_Iter_comp_iter<llama_sbatch::from_batch(llama_batch const&, unsigned long, bool, bool)::{lambda(unsigned long, unsigned long)#1}>)","void std::__insertion_sort<__gnu_cxx::__normal_iterator<unsigned long*, std::vector<unsigned long, std::allocator<unsigned long> > >, __gnu_cxx::__ops::_Iter_comp_iter<llama_sbatch::from_batch(llama_batch const&, unsigned long, bool, bool)::{lambda(unsigned long, unsigned long)#1}> >(__gnu_cxx::__normal_iterator<unsigned long*, std::vector<unsigned long, std::allocator<unsigned long> > >, __gnu_cxx::__normal_iterator<unsigned long*, std::vector<unsigned long, std::allocator<unsigned long> > >, __gnu_cxx::__ops::_Iter_comp_iter<llama_sbatch::from_batch(llama_batch const&, unsigned long, bool, bool)::{lambda(unsigned long, unsigned long)#1}>)",ggml_ops,L6_2996,0000000001903890
"void std::__insertion_sort<__gnu_cxx::__normal_iterator<llama_model_loader::llama_tensor_weight const**, std::vector<llama_model_loader::llama_tensor_weight const*, std::allocator<llama_model_loader::llama_tensor_weight const*> > >, __gnu_cxx::__ops::_Iter_comp_iter<llama_model_quantize_impl(std::__cxx11::basic_string<char, std::char_traits<char>, std::allocator<char> > const&, std::__cxx11::basic_string<char, std::char_traits<char>, std::allocator<char> > const&, llama_model_quantize_params const*)::{lambda(llama_model_loader::llama_tensor_weight const*, llama_model_loader::llama_tensor_weight const*)#1}> >(__gnu_cxx::__normal_iterator<llama_model_loader::llama_tensor_weight const**, std::vector<llama_model_loader::llama_tensor_weight const*, std::allocator<llama_model_loader::llama_tensor_weight const*> > >, __gnu_cxx::__normal_iterator<llama_model_loader::llama_tensor_weight const**, std::vector<llama_model_loader::llama_tensor_weight const*, std::allocator<llama_model_loader::llama_tensor_weight const*> > >, __gnu_cxx::__ops::_Iter_comp_iter<llama_model_quantize_impl(std::__cxx11::basic_string<char, std::char_traits<char>, std::allocator<char> > const&, std::__cxx11::basic_string<char, std::char_traits<char>, std::allocator<char> > const&, llama_model_quantize_params const*)::{lambda(llama_model_loader::llama_tensor_weight const*, llama_model_loader::llama_tensor_weight const*)#1}>) [clone .isra.0]","void std::__insertion_sort<__gnu_cxx::__normal_iterator<llama_model_loader::llama_tensor_weight const**, std::vector<llama_model_loader::llama_tensor_weight const*, std::allocator<llama_model_loader::llama_tensor_weight const*> > >, __gnu_cxx::__ops::_Iter_comp_iter<llama_model_quantize_impl(std::__cxx11::basic_string<char, std::char_traits<char>, std::allocator<char> > const&, std::__cxx11::basic_string<char, std::char_traits<char>, std::allocator<char> > const&, llama_model_quantize_params const*)::{lambda(llama_model_loader::llama_tensor_weight const*, llama_model_loader::llama_tensor_weight const*)#1}> >(__gnu_cxx::__normal_iterator<llama_model_loader::llama_tensor_weight const**, std::vector<llama_model_loader::llama_tensor_weight const*, std::allocator<llama_model_loader::llama_tensor_weight const*> > >, __gnu_cxx::__normal_iterator<llama_model_loader::llama_tensor_weight const**, std::vector<llama_model_loader::llama_tensor_weight const*, std::allocator<llama_model_loader::llama_tensor_weight const*> > >, __gnu_cxx::__ops::_Iter_comp_iter<llama_model_quantize_impl(std::__cxx11::basic_string<char, std::char_traits<char>, std::allocator<char> > const&, std::__cxx11::basic_string<char, std::char_traits<char>, std::allocator<char> > const&, llama_model_quantize_params const*)::{lambda(llama_model_loader::llama_tensor_weight const*, llama_model_loader::llama_tensor_weight const*)#1}>) [clone .isra.0]",ggml_ops,L6_2993,0000000001956380
"void std::__insertion_sort<__gnu_cxx::__normal_iterator<std::pair<ggml_backend_device*, int>*, std::vector<std::pair<ggml_backend_device*, int>, std::allocator<std::pair<ggml_backend_device*, int> > > >, __gnu_cxx::__ops::_Iter_comp_iter<ggml_backend_registry::register_device(ggml_backend_device*, int)::{lambda(auto:1 const&, auto:2 const&)#1}> >(__gnu_cxx::__normal_iterator<std::pair<ggml_backend_device*, int>*, std::vector<std::pair<ggml_backend_device*, int>, std::allocator<std::pair<ggml_backend_device*, int> > > >, __gnu_cxx::__normal_iterator<std::pair<ggml_backend_device*, int>*, std::vector<std::pair<ggml_backend_device*, int>, std::allocator<std::pair<ggml_backend_device*, int> > > >, __gnu_cxx::__ops::_Iter_comp_iter<ggml_backend_registry::register_device(ggml_backend_device*, int)::{lambda(auto:1 const&, auto:2 const&)#1}>) [clone .isra.0]","void std::__insertion_sort<__gnu_cxx::__normal_iterator<std::pair<ggml_backend_device*, int>*, std::vector<std::pair<ggml_backend_device*, int>, std::allocator<std::pair<ggml_backend_device*, int> > > >, __gnu_cxx::__ops::_Iter_comp_iter<ggml_backend_registry::register_device(ggml_backend_device*, int)::{lambda(auto:1 const&, auto:2 const&)#1}> >(__gnu_cxx::__normal_iterator<std::pair<ggml_backend_device*, int>*, std::vector<std::pair<ggml_backend_device*, int>, std::allocator<std::pair<ggml_backend_device*, int> > > >, __gnu_cxx::__normal_iterator<std::pair<ggml_backend_device*, int>*, std::vector<std::pair<ggml_backend_device*, int>, std::allocator<std::pair<ggml_backend_device*, int> > > >, __gnu_cxx::__ops::_Iter_comp_iter<ggml_backend_registry::register_device(ggml_backend_device*, int)::{lambda(auto:1 const&, auto:2 const&)#1}>) [clone .isra.0]",ggml_backend,L5_524,00000000019f78f0
"void std::__insertion_sort<llama_token_data*, __gnu_cxx::__ops::_Iter_comp_iter<llama_sampler_top_k_impl(llama_token_data_array*, int)::{lambda(llama_token_data const&, llama_token_data const&)#1}> >(llama_token_data*, llama_token_data*, __gnu_cxx::__ops::_Iter_comp_iter<llama_sampler_top_k_impl(llama_token_data_array*, int)::{lambda(llama_token_data const&, llama_token_data const&)#1}>) [clone .isra.0]","void std::__insertion_sort<llama_token_data*, __gnu_cxx::__ops::_Iter_comp_iter<llama_sampler_top_k_impl(llama_token_data_array*, int)::{lambda(llama_token_data const&, llama_token_data const&)#1}> >(llama_token_data*, llama_token_data*, __gnu_cxx::__ops::_Iter_comp_iter<llama_sampler_top_k_impl(llama_token_data_array*, int)::{lambda(llama_token_data const&, llama_token_data const&)#1}>) [clone .isra.0]",ggml_ops,L6_2999,000000000195d050
"void std::__insertion_sort<llama_token_data*, __gnu_cxx::__ops::_Iter_comp_iter<llama_sampler_min_p_apply(llama_sampler*, llama_token_data_array*)::{lambda(llama_token_data const&, llama_token_data const&)#1}> >(llama_token_data*, llama_token_data*, __gnu_cxx::__ops::_Iter_comp_iter<llama_sampler_min_p_apply(llama_sampler*, llama_token_data_array*)::{lambda(llama_token_data const&, llama_token_data const&)#1}>) [clone .isra.0]","void std::__insertion_sort<llama_token_data*, __gnu_cxx::__ops::_Iter_comp_iter<llama_sampler_min_p_apply(llama_sampler*, llama_token_data_array*)::{lambda(llama_token_data const&, llama_token_data const&)#1}> >(llama_token_data*, llama_token_data*, __gnu_cxx::__ops::_Iter_comp_iter<llama_sampler_min_p_apply(llama_sampler*, llama_token_data_array*)::{lambda(llama_token_data const&, llama_token_data const&)#1}>) [clone .isra.0]",ggml_ops,L6_2997,000000000195cf10
"void std::__insertion_sort<llama_token_data*, __gnu_cxx::__ops::_Iter_comp_iter<llama_sampler_softmax_impl(llama_token_data_array*)::{lambda(llama_token_data const&, llama_token_data const&)#1}> >(llama_token_data*, llama_token_data*, __gnu_cxx::__ops::_Iter_comp_iter<llama_sampler_softmax_impl(llama_token_data_array*)::{lambda(llama_token_data const&, llama_token_data const&)#1}>) [clone .isra.0]","void std::__insertion_sort<llama_token_data*, __gnu_cxx::__ops::_Iter_comp_iter<llama_sampler_softmax_impl(llama_token_data_array*)::{lambda(llama_token_data const&, llama_token_data const&)#1}> >(llama_token_data*, llama_token_data*, __gnu_cxx::__ops::_Iter_comp_iter<llama_sampler_softmax_impl(llama_token_data_array*)::{lambda(llama_token_data const&, llama_token_data const&)#1}>) [clone .isra.0]",ggml_ops,L6_2998,000000000195c220
"void std::__introsort_loop<__gnu_cxx::__normal_iterator<llama_sbatch_seq*, std::vector<llama_sbatch_seq, std::allocator<llama_sbatch_seq> > >, long, __gnu_cxx::__ops::_Iter_comp_iter<llama_sbatch::from_batch(llama_batch const&, unsigned long, bool, bool)::{lambda(llama_sbatch_seq&, llama_sbatch_seq&)#1}> >(__gnu_cxx::__normal_iterator<llama_sbatch_seq*, std::vector<llama_sbatch_seq, std::allocator<llama_sbatch_seq> > >, __gnu_cxx::__normal_iterator<llama_sbatch_seq*, std::vector<llama_sbatch_seq, std::allocator<llama_sbatch_seq> > >, long, __gnu_cxx::__ops::_Iter_comp_iter<llama_sbatch::from_batch(llama_batch const&, unsigned long, bool, bool)::{lambda(llama_sbatch_seq&, llama_sbatch_seq&)#1}>) [clone .isra.0]","void std::__introsort_loop<__gnu_cxx::__normal_iterator<llama_sbatch_seq*, std::vector<llama_sbatch_seq, std::allocator<llama_sbatch_seq> > >, long, __gnu_cxx::__ops::_Iter_comp_iter<llama_sbatch::from_batch(llama_batch const&, unsigned long, bool, bool)::{lambda(llama_sbatch_seq&, llama_sbatch_seq&)#1}> >(__gnu_cxx::__normal_iterator<llama_sbatch_seq*, std::vector<llama_sbatch_seq, std::allocator<llama_sbatch_seq> > >, __gnu_cxx::__normal_iterator<llama_sbatch_seq*, std::vector<llama_sbatch_seq, std::allocator<llama_sbatch_seq> > >, long, __gnu_cxx::__ops::_Iter_comp_iter<llama_sbatch::from_batch(llama_batch const&, unsigned long, bool, bool)::{lambda(llama_sbatch_seq&, llama_sbatch_seq&)#1}>) [clone .isra.0]",ggml_ops,L6_3001,0000000001903210
"void std::__introsort_loop<__gnu_cxx::__normal_iterator<int*, std::vector<int, std::allocator<int> > >, long, __gnu_cxx::__ops::_Iter_comp_iter<llama_vocab::impl::load(llama_model_loader&, LLM_KV const&)::{lambda(int, int)#1}> >(__gnu_cxx::__normal_iterator<int*, std::vector<int, std::allocator<int> > >, __gnu_cxx::__normal_iterator<int*, std::vector<int, std::allocator<int> > >, long, __gnu_cxx::__ops::_Iter_comp_iter<llama_vocab::impl::load(llama_model_loader&, LLM_KV const&)::{lambda(int, int)#1}>)","void std::__introsort_loop<__gnu_cxx::__normal_iterator<int*, std::vector<int, std::allocator<int> > >, long, __gnu_cxx::__ops::_Iter_comp_iter<llama_vocab::impl::load(llama_model_loader&, LLM_KV const&)::{lambda(int, int)#1}> >(__gnu_cxx::__normal_iterator<int*, std::vector<int, std::allocator<int> > >, __gnu_cxx::__normal_iterator<int*, std::vector<int, std::allocator<int> > >, long, __gnu_cxx::__ops::_Iter_comp_iter<llama_vocab::impl::load(llama_model_loader&, LLM_KV const&)::{lambda(int, int)#1}>)",vocab,L7_268,0000000001965d10
"void std::__introsort_loop<__gnu_cxx::__normal_iterator<unsigned long*, std::vector<unsigned long, std::allocator<unsigned long> > >, long, __gnu_cxx::__ops::_Iter_comp_iter<llama_sampler_typical_apply(llama_sampler*, llama_token_data_array*)::{lambda(unsigned long, unsigned long)#1}> >(__gnu_cxx::__normal_iterator<unsigned long*, std::vector<unsigned long, std::allocator<unsigned long> > >, __gnu_cxx::__normal_iterator<unsigned long*, std::vector<unsigned long, std::allocator<unsigned long> > >, long, __gnu_cxx::__ops::_Iter_comp_iter<llama_sampler_typical_apply(llama_sampler*, llama_token_data_array*)::{lambda(unsigned long, unsigned long)#1}>)","void std::__introsort_loop<__gnu_cxx::__normal_iterator<unsigned long*, std::vector<unsigned long, std::allocator<unsigned long> > >, long, __gnu_cxx::__ops::_Iter_comp_iter<llama_sampler_typical_apply(llama_sampler*, llama_token_data_array*)::{lambda(unsigned long, unsigned long)#1}> >(__gnu_cxx::__normal_iterator<unsigned long*, std::vector<unsigned long, std::allocator<unsigned long> > >, __gnu_cxx::__normal_iterator<unsigned long*, std::vector<unsigned long, std::allocator<unsigned long> > >, long, __gnu_cxx::__ops::_Iter_comp_iter<llama_sampler_typical_apply(llama_sampler*, llama_token_data_array*)::{lambda(unsigned long, unsigned long)#1}>)",ggml_ops,L6_3002,000000000195c370
"void std::__introsort_loop<__gnu_cxx::__normal_iterator<unsigned long*, std::vector<unsigned long, std::allocator<unsigned long> > >, long, __gnu_cxx::__ops::_Iter_comp_iter<llama_sbatch::from_batch(llama_batch const&, unsigned long, bool, bool)::{lambda(unsigned long, unsigned long)#1}> >(__gnu_cxx::__normal_iterator<unsigned long*, std::vector<unsigned long, std::allocator<unsigned long> > >, __gnu_cxx::__normal_iterator<unsigned long*, std::vector<unsigned long, std::allocator<unsigned long> > >, long, __gnu_cxx::__ops::_Iter_comp_iter<llama_sbatch::from_batch(llama_batch const&, unsigned long, bool, bool)::{lambda(unsigned long, unsigned long)#1}>)","void std::__introsort_loop<__gnu_cxx::__normal_iterator<unsigned long*, std::vector<unsigned long, std::allocator<unsigned long> > >, long, __gnu_cxx::__ops::_Iter_comp_iter<llama_sbatch::from_batch(llama_batch const&, unsigned long, bool, bool)::{lambda(unsigned long, unsigned long)#1}> >(__gnu_cxx::__normal_iterator<unsigned long*, std::vector<unsigned long, std::allocator<unsigned long> > >, __gnu_cxx::__normal_iterator<unsigned long*, std::vector<unsigned long, std::allocator<unsigned long> > >, long, __gnu_cxx::__ops::_Iter_comp_iter<llama_sbatch::from_batch(llama_batch const&, unsigned long, bool, bool)::{lambda(unsigned long, unsigned long)#1}>)",ggml_ops,L6_3003,0000000001903ad0
"void std::__introsort_loop<__gnu_cxx::__normal_iterator<llama_model_loader::llama_tensor_weight const**, std::vector<llama_model_loader::llama_tensor_weight const*, std::allocator<llama_model_loader::llama_tensor_weight const*> > >, long, __gnu_cxx::__ops::_Iter_comp_iter<llama_model_quantize_impl(std::__cxx11::basic_string<char, std::char_traits<char>, std::allocator<char> > const&, std::__cxx11::basic_string<char, std::char_traits<char>, std::allocator<char> > const&, llama_model_quantize_params const*)::{lambda(llama_model_loader::llama_tensor_weight const*, llama_model_loader::llama_tensor_weight const*)#1}> >(__gnu_cxx::__normal_iterator<llama_model_loader::llama_tensor_weight const**, std::vector<llama_model_loader::llama_tensor_weight const*, std::allocator<llama_model_loader::llama_tensor_weight const*> > >, __gnu_cxx::__normal_iterator<llama_model_loader::llama_tensor_weight const**, std::vector<llama_model_loader::llama_tensor_weight const*, std::allocator<llama_model_loader::llama_tensor_weight const*> > >, long, __gnu_cxx::__ops::_Iter_comp_iter<llama_model_quantize_impl(std::__cxx11::basic_string<char, std::char_traits<char>, std::allocator<char> > const&, std::__cxx11::basic_string<char, std::char_traits<char>, std::allocator<char> > const&, llama_model_quantize_params const*)::{lambda(llama_model_loader::llama_tensor_weight const*, llama_model_loader::llama_tensor_weight const*)#1}>) [clone .isra.0]","void std::__introsort_loop<__gnu_cxx::__normal_iterator<llama_model_loader::llama_tensor_weight const**, std::vector<llama_model_loader::llama_tensor_weight const*, std::allocator<llama_model_loader::llama_tensor_weight const*> > >, long, __gnu_cxx::__ops::_Iter_comp_iter<llama_model_quantize_impl(std::__cxx11::basic_string<char, std::char_traits<char>, std::allocator<char> > const&, std::__cxx11::basic_string<char, std::char_traits<char>, std::allocator<char> > const&, llama_model_quantize_params const*)::{lambda(llama_model_loader::llama_tensor_weight const*, llama_model_loader::llama_tensor_weight const*)#1}> >(__gnu_cxx::__normal_iterator<llama_model_loader::llama_tensor_weight const**, std::vector<llama_model_loader::llama_tensor_weight const*, std::allocator<llama_model_loader::llama_tensor_weight const*> > >, __gnu_cxx::__normal_iterator<llama_model_loader::llama_tensor_weight const**, std::vector<llama_model_loader::llama_tensor_weight const*, std::allocator<llama_model_loader::llama_tensor_weight const*> > >, long, __gnu_cxx::__ops::_Iter_comp_iter<llama_model_quantize_impl(std::__cxx11::basic_string<char, std::char_traits<char>, std::allocator<char> > const&, std::__cxx11::basic_string<char, std::char_traits<char>, std::allocator<char> > const&, llama_model_quantize_params const*)::{lambda(llama_model_loader::llama_tensor_weight const*, llama_model_loader::llama_tensor_weight const*)#1}>) [clone .isra.0]",ggml_ops,L6_3000,0000000001955f70
"void std::__introsort_loop<llama_token_data*, long, __gnu_cxx::__ops::_Iter_comp_iter<llama_sampler_top_k_impl(llama_token_data_array*, int)::{lambda(llama_token_data const&, llama_token_data const&)#1}> >(llama_token_data*, llama_token_data*, long, __gnu_cxx::__ops::_Iter_comp_iter<llama_sampler_top_k_impl(llama_token_data_array*, int)::{lambda(llama_token_data const&, llama_token_data const&)#1}>) [clone .isra.0]","void std::__introsort_loop<llama_token_data*, long, __gnu_cxx::__ops::_Iter_comp_iter<llama_sampler_top_k_impl(llama_token_data_array*, int)::{lambda(llama_token_data const&, llama_token_data const&)#1}> >(llama_token_data*, llama_token_data*, long, __gnu_cxx::__ops::_Iter_comp_iter<llama_sampler_top_k_impl(llama_token_data_array*, int)::{lambda(llama_token_data const&, llama_token_data const&)#1}>) [clone .isra.0]",ggml_ops,L6_3006,000000000195c670
"void std::__introsort_loop<llama_token_data*, long, __gnu_cxx::__ops::_Iter_comp_iter<llama_sampler_min_p_apply(llama_sampler*, llama_token_data_array*)::{lambda(llama_token_data const&, llama_token_data const&)#1}> >(llama_token_data*, llama_token_data*, long, __gnu_cxx::__ops::_Iter_comp_iter<llama_sampler_min_p_apply(llama_sampler*, llama_token_data_array*)::{lambda(llama_token_data const&, llama_token_data const&)#1}>) [clone .isra.0]","void std::__introsort_loop<llama_token_data*, long, __gnu_cxx::__ops::_Iter_comp_iter<llama_sampler_min_p_apply(llama_sampler*, llama_token_data_array*)::{lambda(llama_token_data const&, llama_token_data const&)#1}> >(llama_token_data*, llama_token_data*, long, __gnu_cxx::__ops::_Iter_comp_iter<llama_sampler_min_p_apply(llama_sampler*, llama_token_data_array*)::{lambda(llama_token_data const&, llama_token_data const&)#1}>) [clone .isra.0]",ggml_ops,L6_3004,000000000195d2f0
"void std::__introsort_loop<llama_token_data*, long, __gnu_cxx::__ops::_Iter_comp_iter<llama_sampler_softmax_impl(llama_token_data_array*)::{lambda(llama_token_data const&, llama_token_data const&)#1}> >(llama_token_data*, llama_token_data*, long, __gnu_cxx::__ops::_Iter_comp_iter<llama_sampler_softmax_impl(llama_token_data_array*)::{lambda(llama_token_data const&, llama_token_data const&)#1}>) [clone .isra.0]","void std::__introsort_loop<llama_token_data*, long, __gnu_cxx::__ops::_Iter_comp_iter<llama_sampler_softmax_impl(llama_token_data_array*)::{lambda(llama_token_data const&, llama_token_data const&)#1}> >(llama_token_data*, llama_token_data*, long, __gnu_cxx::__ops::_Iter_comp_iter<llama_sampler_softmax_impl(llama_token_data_array*)::{lambda(llama_token_data const&, llama_token_data const&)#1}>) [clone .isra.0]",ggml_ops,L6_3005,000000000195d6b0
"void std::__merge_adaptive<__gnu_cxx::__normal_iterator<std::pair<ggml_backend_device*, int>*, std::vector<std::pair<ggml_backend_device*, int>, std::allocator<std::pair<ggml_backend_device*, int> > > >, long, std::pair<ggml_backend_device*, int>*, __gnu_cxx::__ops::_Iter_comp_iter<ggml_backend_registry::register_device(ggml_backend_device*, int)::{lambda(auto:1 const&, auto:2 const&)#1}> >(__gnu_cxx::__normal_iterator<std::pair<ggml_backend_device*, int>*, std::vector<std::pair<ggml_backend_device*, int>, std::allocator<std::pair<ggml_backend_device*, int> > > >, __gnu_cxx::__normal_iterator<std::pair<ggml_backend_device*, int>*, std::vector<std::pair<ggml_backend_device*, int>, std::allocator<std::pair<ggml_backend_device*, int> > > >, __gnu_cxx::__normal_iterator<std::pair<ggml_backend_device*, int>*, std::vector<std::pair<ggml_backend_device*, int>, std::allocator<std::pair<ggml_backend_device*, int> > > >, long, long, std::pair<ggml_backend_device*, int>*, __gnu_cxx::__ops::_Iter_comp_iter<ggml_backend_registry::register_device(ggml_backend_device*, int)::{lambda(auto:1 const&, auto:2 const&)#1}>) [clone .isra.0]","void std::__merge_adaptive<__gnu_cxx::__normal_iterator<std::pair<ggml_backend_device*, int>*, std::vector<std::pair<ggml_backend_device*, int>, std::allocator<std::pair<ggml_backend_device*, int> > > >, long, std::pair<ggml_backend_device*, int>*, __gnu_cxx::__ops::_Iter_comp_iter<ggml_backend_registry::register_device(ggml_backend_device*, int)::{lambda(auto:1 const&, auto:2 const&)#1}> >(__gnu_cxx::__normal_iterator<std::pair<ggml_backend_device*, int>*, std::vector<std::pair<ggml_backend_device*, int>, std::allocator<std::pair<ggml_backend_device*, int> > > >, __gnu_cxx::__normal_iterator<std::pair<ggml_backend_device*, int>*, std::vector<std::pair<ggml_backend_device*, int>, std::allocator<std::pair<ggml_backend_device*, int> > > >, __gnu_cxx::__normal_iterator<std::pair<ggml_backend_device*, int>*, std::vector<std::pair<ggml_backend_device*, int>, std::allocator<std::pair<ggml_backend_device*, int> > > >, long, long, std::pair<ggml_backend_device*, int>*, __gnu_cxx::__ops::_Iter_comp_iter<ggml_backend_registry::register_device(ggml_backend_device*, int)::{lambda(auto:1 const&, auto:2 const&)#1}>) [clone .isra.0]",ggml_backend,L5_525,00000000019f7990
"void std::__inplace_stable_sort<__gnu_cxx::__normal_iterator<std::pair<ggml_backend_device*, int>*, std::vector<std::pair<ggml_backend_device*, int>, std::allocator<std::pair<ggml_backend_device*, int> > > >, __gnu_cxx::__ops::_Iter_comp_iter<ggml_backend_registry::register_device(ggml_backend_device*, int)::{lambda(auto:1 const&, auto:2 const&)#1}> >(__gnu_cxx::__normal_iterator<std::pair<ggml_backend_device*, int>*, std::vector<std::pair<ggml_backend_device*, int>, std::allocator<std::pair<ggml_backend_device*, int> > > >, __gnu_cxx::__normal_iterator<std::pair<ggml_backend_device*, int>*, std::vector<std::pair<ggml_backend_device*, int>, std::allocator<std::pair<ggml_backend_device*, int> > > >, __gnu_cxx::__ops::_Iter_comp_iter<ggml_backend_registry::register_device(ggml_backend_device*, int)::{lambda(auto:1 const&, auto:2 const&)#1}>) [clone .isra.0]","void std::__inplace_stable_sort<__gnu_cxx::__normal_iterator<std::pair<ggml_backend_device*, int>*, std::vector<std::pair<ggml_backend_device*, int>, std::allocator<std::pair<ggml_backend_device*, int> > > >, __gnu_cxx::__ops::_Iter_comp_iter<ggml_backend_registry::register_device(ggml_backend_device*, int)::{lambda(auto:1 const&, auto:2 const&)#1}> >(__gnu_cxx::__normal_iterator<std::pair<ggml_backend_device*, int>*, std::vector<std::pair<ggml_backend_device*, int>, std::allocator<std::pair<ggml_backend_device*, int> > > >, __gnu_cxx::__normal_iterator<std::pair<ggml_backend_device*, int>*, std::vector<std::pair<ggml_backend_device*, int>, std::allocator<std::pair<ggml_backend_device*, int> > > >, __gnu_cxx::__ops::_Iter_comp_iter<ggml_backend_registry::register_device(ggml_backend_device*, int)::{lambda(auto:1 const&, auto:2 const&)#1}>) [clone .isra.0]",ggml_backend,L5_523,00000000019f8500
"void std::__merge_without_buffer<__gnu_cxx::__normal_iterator<std::pair<ggml_backend_device*, int>*, std::vector<std::pair<ggml_backend_device*, int>, std::allocator<std::pair<ggml_backend_device*, int> > > >, long, __gnu_cxx::__ops::_Iter_comp_iter<ggml_backend_registry::register_device(ggml_backend_device*, int)::{lambda(auto:1 const&, auto:2 const&)#1}> >(__gnu_cxx::__normal_iterator<std::pair<ggml_backend_device*, int>*, std::vector<std::pair<ggml_backend_device*, int>, std::allocator<std::pair<ggml_backend_device*, int> > > >, __gnu_cxx::__normal_iterator<std::pair<ggml_backend_device*, int>*, std::vector<std::pair<ggml_backend_device*, int>, std::allocator<std::pair<ggml_backend_device*, int> > > >, __gnu_cxx::__normal_iterator<std::pair<ggml_backend_device*, int>*, std::vector<std::pair<ggml_backend_device*, int>, std::allocator<std::pair<ggml_backend_device*, int> > > >, long, long, __gnu_cxx::__ops::_Iter_comp_iter<ggml_backend_registry::register_device(ggml_backend_device*, int)::{lambda(auto:1 const&, auto:2 const&)#1}>) [clone .isra.0]","void std::__merge_without_buffer<__gnu_cxx::__normal_iterator<std::pair<ggml_backend_device*, int>*, std::vector<std::pair<ggml_backend_device*, int>, std::allocator<std::pair<ggml_backend_device*, int> > > >, long, __gnu_cxx::__ops::_Iter_comp_iter<ggml_backend_registry::register_device(ggml_backend_device*, int)::{lambda(auto:1 const&, auto:2 const&)#1}> >(__gnu_cxx::__normal_iterator<std::pair<ggml_backend_device*, int>*, std::vector<std::pair<ggml_backend_device*, int>, std::allocator<std::pair<ggml_backend_device*, int> > > >, __gnu_cxx::__normal_iterator<std::pair<ggml_backend_device*, int>*, std::vector<std::pair<ggml_backend_device*, int>, std::allocator<std::pair<ggml_backend_device*, int> > > >, __gnu_cxx::__normal_iterator<std::pair<ggml_backend_device*, int>*, std::vector<std::pair<ggml_backend_device*, int>, std::allocator<std::pair<ggml_backend_device*, int> > > >, long, long, __gnu_cxx::__ops::_Iter_comp_iter<ggml_backend_registry::register_device(ggml_backend_device*, int)::{lambda(auto:1 const&, auto:2 const&)#1}>) [clone .isra.0]",ggml_backend,L5_528,00000000019f83c0
"void std::__stable_sort_adaptive<__gnu_cxx::__normal_iterator<std::pair<ggml_backend_device*, int>*, std::vector<std::pair<ggml_backend_device*, int>, std::allocator<std::pair<ggml_backend_device*, int> > > >, std::pair<ggml_backend_device*, int>*, __gnu_cxx::__ops::_Iter_comp_iter<ggml_backend_registry::register_device(ggml_backend_device*, int)::{lambda(auto:1 const&, auto:2 const&)#1}> >(__gnu_cxx::__normal_iterator<std::pair<ggml_backend_device*, int>*, std::vector<std::pair<ggml_backend_device*, int>, std::allocator<std::pair<ggml_backend_device*, int> > > >, __gnu_cxx::__normal_iterator<std::pair<ggml_backend_device*, int>*, std::vector<std::pair<ggml_backend_device*, int>, std::allocator<std::pair<ggml_backend_device*, int> > > >, __gnu_cxx::__normal_iterator<std::pair<ggml_backend_device*, int>*, std::vector<std::pair<ggml_backend_device*, int>, std::allocator<std::pair<ggml_backend_device*, int> > > >, std::pair<ggml_backend_device*, int>*, __gnu_cxx::__ops::_Iter_comp_iter<ggml_backend_registry::register_device(ggml_backend_device*, int)::{lambda(auto:1 const&, auto:2 const&)#1}>) [clone .isra.0]","void std::__stable_sort_adaptive<__gnu_cxx::__normal_iterator<std::pair<ggml_backend_device*, int>*, std::vector<std::pair<ggml_backend_device*, int>, std::allocator<std::pair<ggml_backend_device*, int> > > >, std::pair<ggml_backend_device*, int>*, __gnu_cxx::__ops::_Iter_comp_iter<ggml_backend_registry::register_device(ggml_backend_device*, int)::{lambda(auto:1 const&, auto:2 const&)#1}> >(__gnu_cxx::__normal_iterator<std::pair<ggml_backend_device*, int>*, std::vector<std::pair<ggml_backend_device*, int>, std::allocator<std::pair<ggml_backend_device*, int> > > >, __gnu_cxx::__normal_iterator<std::pair<ggml_backend_device*, int>*, std::vector<std::pair<ggml_backend_device*, int>, std::allocator<std::pair<ggml_backend_device*, int> > > >, __gnu_cxx::__normal_iterator<std::pair<ggml_backend_device*, int>*, std::vector<std::pair<ggml_backend_device*, int>, std::allocator<std::pair<ggml_backend_device*, int> > > >, std::pair<ggml_backend_device*, int>*, __gnu_cxx::__ops::_Iter_comp_iter<ggml_backend_registry::register_device(ggml_backend_device*, int)::{lambda(auto:1 const&, auto:2 const&)#1}>) [clone .isra.0]",ggml_backend,L5_529,00000000019f7d90
"void std::__merge_adaptive_resize<__gnu_cxx::__normal_iterator<std::pair<ggml_backend_device*, int>*, std::vector<std::pair<ggml_backend_device*, int>, std::allocator<std::pair<ggml_backend_device*, int> > > >, long, std::pair<ggml_backend_device*, int>*, __gnu_cxx::__ops::_Iter_comp_iter<ggml_backend_registry::register_device(ggml_backend_device*, int)::{lambda(auto:1 const&, auto:2 const&)#1}> >(__gnu_cxx::__normal_iterator<std::pair<ggml_backend_device*, int>*, std::vector<std::pair<ggml_backend_device*, int>, std::allocator<std::pair<ggml_backend_device*, int> > > >, __gnu_cxx::__normal_iterator<std::pair<ggml_backend_device*, int>*, std::vector<std::pair<ggml_backend_device*, int>, std::allocator<std::pair<ggml_backend_device*, int> > > >, __gnu_cxx::__normal_iterator<std::pair<ggml_backend_device*, int>*, std::vector<std::pair<ggml_backend_device*, int>, std::allocator<std::pair<ggml_backend_device*, int> > > >, long, long, std::pair<ggml_backend_device*, int>*, long, __gnu_cxx::__ops::_Iter_comp_iter<ggml_backend_registry::register_device(ggml_backend_device*, int)::{lambda(auto:1 const&, auto:2 const&)#1}>) [clone .isra.0]","void std::__merge_adaptive_resize<__gnu_cxx::__normal_iterator<std::pair<ggml_backend_device*, int>*, std::vector<std::pair<ggml_backend_device*, int>, std::allocator<std::pair<ggml_backend_device*, int> > > >, long, std::pair<ggml_backend_device*, int>*, __gnu_cxx::__ops::_Iter_comp_iter<ggml_backend_registry::register_device(ggml_backend_device*, int)::{lambda(auto:1 const&, auto:2 const&)#1}> >(__gnu_cxx::__normal_iterator<std::pair<ggml_backend_device*, int>*, std::vector<std::pair<ggml_backend_device*, int>, std::allocator<std::pair<ggml_backend_device*, int> > > >, __gnu_cxx::__normal_iterator<std::pair<ggml_backend_device*, int>*, std::vector<std::pair<ggml_backend_device*, int>, std::allocator<std::pair<ggml_backend_device*, int> > > >, __gnu_cxx::__normal_iterator<std::pair<ggml_backend_device*, int>*, std::vector<std::pair<ggml_backend_device*, int>, std::allocator<std::pair<ggml_backend_device*, int> > > >, long, long, std::pair<ggml_backend_device*, int>*, long, __gnu_cxx::__ops::_Iter_comp_iter<ggml_backend_registry::register_device(ggml_backend_device*, int)::{lambda(auto:1 const&, auto:2 const&)#1}>) [clone .isra.0]",ggml_backend,L5_526,00000000019f7fb0
"void std::__merge_sort_with_buffer<__gnu_cxx::__normal_iterator<std::pair<ggml_backend_device*, int>*, std::vector<std::pair<ggml_backend_device*, int>, std::allocator<std::pair<ggml_backend_device*, int> > > >, std::pair<ggml_backend_device*, int>*, __gnu_cxx::__ops::_Iter_comp_iter<ggml_backend_registry::register_device(ggml_backend_device*, int)::{lambda(auto:1 const&, auto:2 const&)#1}> >(__gnu_cxx::__normal_iterator<std::pair<ggml_backend_device*, int>*, std::vector<std::pair<ggml_backend_device*, int>, std::allocator<std::pair<ggml_backend_device*, int> > > >, __gnu_cxx::__normal_iterator<std::pair<ggml_backend_device*, int>*, std::vector<std::pair<ggml_backend_device*, int>, std::allocator<std::pair<ggml_backend_device*, int> > > >, std::pair<ggml_backend_device*, int>*, __gnu_cxx::__ops::_Iter_comp_iter<ggml_backend_registry::register_device(ggml_backend_device*, int)::{lambda(auto:1 const&, auto:2 const&)#1}>) [clone .isra.0]","void std::__merge_sort_with_buffer<__gnu_cxx::__normal_iterator<std::pair<ggml_backend_device*, int>*, std::vector<std::pair<ggml_backend_device*, int>, std::allocator<std::pair<ggml_backend_device*, int> > > >, std::pair<ggml_backend_device*, int>*, __gnu_cxx::__ops::_Iter_comp_iter<ggml_backend_registry::register_device(ggml_backend_device*, int)::{lambda(auto:1 const&, auto:2 const&)#1}> >(__gnu_cxx::__normal_iterator<std::pair<ggml_backend_device*, int>*, std::vector<std::pair<ggml_backend_device*, int>, std::allocator<std::pair<ggml_backend_device*, int> > > >, __gnu_cxx::__normal_iterator<std::pair<ggml_backend_device*, int>*, std::vector<std::pair<ggml_backend_device*, int>, std::allocator<std::pair<ggml_backend_device*, int> > > >, std::pair<ggml_backend_device*, int>*, __gnu_cxx::__ops::_Iter_comp_iter<ggml_backend_registry::register_device(ggml_backend_device*, int)::{lambda(auto:1 const&, auto:2 const&)#1}>) [clone .isra.0]",ggml_backend,L5_527,00000000019f7ba0
"void std::__unguarded_linear_insert<__gnu_cxx::__normal_iterator<llama_sbatch_seq*, std::vector<llama_sbatch_seq, std::allocator<llama_sbatch_seq> > >, __gnu_cxx::__ops::_Val_comp_iter<llama_sbatch::from_batch(llama_batch const&, unsigned long, bool, bool)::{lambda(llama_sbatch_seq&, llama_sbatch_seq&)#1}> >(__gnu_cxx::__normal_iterator<llama_sbatch_seq*, std::vector<llama_sbatch_seq, std::allocator<llama_sbatch_seq> > >, __gnu_cxx::__ops::_Val_comp_iter<llama_sbatch::from_batch(llama_batch const&, unsigned long, bool, bool)::{lambda(llama_sbatch_seq&, llama_sbatch_seq&)#1}>) [clone .isra.0]","void std::__unguarded_linear_insert<__gnu_cxx::__normal_iterator<llama_sbatch_seq*, std::vector<llama_sbatch_seq, std::allocator<llama_sbatch_seq> > >, __gnu_cxx::__ops::_Val_comp_iter<llama_sbatch::from_batch(llama_batch const&, unsigned long, bool, bool)::{lambda(llama_sbatch_seq&, llama_sbatch_seq&)#1}> >(__gnu_cxx::__normal_iterator<llama_sbatch_seq*, std::vector<llama_sbatch_seq, std::allocator<llama_sbatch_seq> > >, __gnu_cxx::__ops::_Val_comp_iter<llama_sbatch::from_batch(llama_batch const&, unsigned long, bool, bool)::{lambda(llama_sbatch_seq&, llama_sbatch_seq&)#1}>) [clone .isra.0]",ggml_ops,L6_3007,00000000019030d0
"void std::__stable_sort_adaptive_resize<__gnu_cxx::__normal_iterator<std::pair<ggml_backend_device*, int>*, std::vector<std::pair<ggml_backend_device*, int>, std::allocator<std::pair<ggml_backend_device*, int> > > >, std::pair<ggml_backend_device*, int>*, long, __gnu_cxx::__ops::_Iter_comp_iter<ggml_backend_registry::register_device(ggml_backend_device*, int)::{lambda(auto:1 const&, auto:2 const&)#1}> >(__gnu_cxx::__normal_iterator<std::pair<ggml_backend_device*, int>*, std::vector<std::pair<ggml_backend_device*, int>, std::allocator<std::pair<ggml_backend_device*, int> > > >, __gnu_cxx::__normal_iterator<std::pair<ggml_backend_device*, int>*, std::vector<std::pair<ggml_backend_device*, int>, std::allocator<std::pair<ggml_backend_device*, int> > > >, std::pair<ggml_backend_device*, int>*, long, __gnu_cxx::__ops::_Iter_comp_iter<ggml_backend_registry::register_device(ggml_backend_device*, int)::{lambda(auto:1 const&, auto:2 const&)#1}>) [clone .isra.0]","void std::__stable_sort_adaptive_resize<__gnu_cxx::__normal_iterator<std::pair<ggml_backend_device*, int>*, std::vector<std::pair<ggml_backend_device*, int>, std::allocator<std::pair<ggml_backend_device*, int> > > >, std::pair<ggml_backend_device*, int>*, long, __gnu_cxx::__ops::_Iter_comp_iter<ggml_backend_registry::register_device(ggml_backend_device*, int)::{lambda(auto:1 const&, auto:2 const&)#1}> >(__gnu_cxx::__normal_iterator<std::pair<ggml_backend_device*, int>*, std::vector<std::pair<ggml_backend_device*, int>, std::allocator<std::pair<ggml_backend_device*, int> > > >, __gnu_cxx::__normal_iterator<std::pair<ggml_backend_device*, int>*, std::vector<std::pair<ggml_backend_device*, int>, std::allocator<std::pair<ggml_backend_device*, int> > > >, std::pair<ggml_backend_device*, int>*, long, __gnu_cxx::__ops::_Iter_comp_iter<ggml_backend_registry::register_device(ggml_backend_device*, int)::{lambda(auto:1 const&, auto:2 const&)#1}>) [clone .isra.0]",ggml_backend,L5_530,00000000019f8300
"common_init()::{lambda(ggml_log_level, char const*, void*)#1}::_FUN(ggml_log_level, char const*, void*)","common_init()::{lambda(ggml_log_level, char const*, void*)#1}::_FUN(ggml_log_level, char const*, void*)",llama_api,L2_012,000000000188fdc0
"llama_tensor_get_type(quantize_state_impl&, ggml_type, ggml_tensor const*, llama_ftype)::{lambda(int, int, char const*)#1}::operator()(int, int, char const*) const [clone .isra.0]","llama_tensor_get_type(quantize_state_impl&, ggml_type, ggml_tensor const*, llama_ftype)::{lambda(int, int, char const*)#1}::operator()(int, int, char const*) const [clone .isra.0]",llama_api,L2_407,0000000001955e80
"llama_tensor_get_type(quantize_state_impl&, ggml_type, ggml_tensor const*, llama_ftype)::{lambda(int, int, char const*)#1}::operator()(int, int, char const*) const [clone .isra.0] [clone .cold]","llama_tensor_get_type(quantize_state_impl&, ggml_type, ggml_tensor const*, llama_ftype)::{lambda(int, int, char const*)#1}::operator()(int, int, char const*) const [clone .isra.0] [clone .cold]",llama_api,L2_408,000000000041aac2
"llama_model_quantize_impl(std::__cxx11::basic_string<char, std::char_traits<char>, std::allocator<char> > const&, std::__cxx11::basic_string<char, std::char_traits<char>, std::allocator<char> > const&, llama_model_quantize_params const*)::{lambda(int)#1}::operator()(int) const","llama_model_quantize_impl(std::__cxx11::basic_string<char, std::char_traits<char>, std::allocator<char> > const&, std::__cxx11::basic_string<char, std::char_traits<char>, std::allocator<char> > const&, llama_model_quantize_params const*)::{lambda(int)#1}::operator()(int) const",llama_api,L2_337,0000000001957660
"llama_model_quantize_impl(std::__cxx11::basic_string<char, std::char_traits<char>, std::allocator<char> > const&, std::__cxx11::basic_string<char, std::char_traits<char>, std::allocator<char> > const&, llama_model_quantize_params const*)::{lambda(int)#1}::operator()(int) const [clone .cold]","llama_model_quantize_impl(std::__cxx11::basic_string<char, std::char_traits<char>, std::allocator<char> > const&, std::__cxx11::basic_string<char, std::char_traits<char>, std::allocator<char> > const&, llama_model_quantize_params const*)::{lambda(int)#1}::operator()(int) const [clone .cold]",llama_api,L2_338,000000000041acfe
"llama_model_quantize_impl(std::__cxx11::basic_string<char, std::char_traits<char>, std::allocator<char> > const&, std::__cxx11::basic_string<char, std::char_traits<char>, std::allocator<char> > const&, llama_model_quantize_params const*)::{lambda()#1}::operator()() const","llama_model_quantize_impl(std::__cxx11::basic_string<char, std::char_traits<char>, std::allocator<char> > const&, std::__cxx11::basic_string<char, std::char_traits<char>, std::allocator<char> > const&, llama_model_quantize_params const*)::{lambda()#1}::operator()() const",llama_api,L2_335,0000000001956240
"llama_model_quantize_impl(std::__cxx11::basic_string<char, std::char_traits<char>, std::allocator<char> > const&, std::__cxx11::basic_string<char, std::char_traits<char>, std::allocator<char> > const&, llama_model_quantize_params const*)::{lambda()#1}::operator()() const [clone .cold]","llama_model_quantize_impl(std::__cxx11::basic_string<char, std::char_traits<char>, std::allocator<char> > const&, std::__cxx11::basic_string<char, std::char_traits<char>, std::allocator<char> > const&, llama_model_quantize_params const*)::{lambda()#1}::operator()() const [clone .cold]",llama_api,L2_336,000000000041ac2a
"llama_tensor_quantize_impl(ggml_type, float const*, void*, long, long, long, float const*, std::vector<std::thread, std::allocator<std::thread> >&, int)::{lambda()#1}::operator()() const","llama_tensor_quantize_impl(ggml_type, float const*, void*, long, long, long, float const*, std::vector<std::thread, std::allocator<std::thread> >&, int)::{lambda()#1}::operator()() const",llama_api,L2_409,0000000001956490
"llama_tensor_quantize_impl(ggml_type, float const*, void*, long, long, long, float const*, std::vector<std::thread, std::allocator<std::thread> >&, int)::{lambda()#1}::operator()() const [clone .cold]","llama_tensor_quantize_impl(ggml_type, float const*, void*, long, long, long, float const*, std::vector<std::thread, std::allocator<std::thread> >&, int)::{lambda()#1}::operator()() const [clone .cold]",llama_api,L2_410,000000000041ac4e
ggml_backend_cpu_get_features(ggml_backend_reg*)::{lambda()#1}::operator()() const [clone .isra.0],ggml_backend_cpu_get_features(ggml_backend_reg*)::{lambda()#1}::operator()() const [clone .isra.0],ggml_backend,L5_070,0000000001a531e0
ggml_backend_cpu_get_features(ggml_backend_reg*)::{lambda()#1}::operator()() const [clone .isra.0] [clone .cold],ggml_backend_cpu_get_features(ggml_backend_reg*)::{lambda()#1}::operator()() const [clone .isra.0] [clone .cold],ggml_backend,L5_071,000000000042247e
"llama_model_load_from_file_impl(std::__cxx11::basic_string<char, std::char_traits<char>, std::allocator<char> > const&, std::vector<std::__cxx11::basic_string<char, std::char_traits<char>, std::allocator<char> >, std::allocator<std::__cxx11::basic_string<char, std::char_traits<char>, std::allocator<char> > > >&, llama_model_params)::{lambda(float, void*)#1}::_FUN(float, void*)","llama_model_load_from_file_impl(std::__cxx11::basic_string<char, std::char_traits<char>, std::allocator<char> > const&, std::vector<std::__cxx11::basic_string<char, std::char_traits<char>, std::allocator<char> >, std::allocator<std::__cxx11::basic_string<char, std::char_traits<char>, std::allocator<char> > > >&, llama_model_params)::{lambda(float, void*)#1}::_FUN(float, void*)",llama_api,L2_284,00000000019790c0
"unicode_regex_split_custom_llama3(std::__cxx11::basic_string<char, std::char_traits<char>, std::allocator<char> > const&, std::vector<unsigned long, std::allocator<unsigned long> > const&)::{lambda(unsigned long)#3}::operator()(unsigned long) const [clone .part.0]","unicode_regex_split_custom_llama3(std::__cxx11::basic_string<char, std::char_traits<char>, std::allocator<char> > const&, std::vector<unsigned long, std::allocator<unsigned long> > const&)::{lambda(unsigned long)#3}::operator()(unsigned long) const [clone .part.0]",ggml_ops,L6_2968,000000000041e250
llama_model::load_tensors(llama_model_loader&)::{lambda(int)#1}::operator()(int) const,llama_model::load_tensors(llama_model_loader&)::{lambda(int)#1}::operator()(int) const,llama_api,L2_254,0000000001931440
llama_model::load_tensors(llama_model_loader&)::{lambda(int)#1}::operator()(int) const [clone .cold],llama_model::load_tensors(llama_model_loader&)::{lambda(int)#1}::operator()(int) const [clone .cold],llama_api,L2_255,0000000000419a62
"llama_model::load_tensors(llama_model_loader&)::{lambda(LLM_TN_IMPL const&, std::initializer_list<long> const&, int)#1}::operator()(LLM_TN_IMPL const&, std::initializer_list<long> const&, int) const","llama_model::load_tensors(llama_model_loader&)::{lambda(LLM_TN_IMPL const&, std::initializer_list<long> const&, int)#1}::operator()(LLM_TN_IMPL const&, std::initializer_list<long> const&, int) const",llama_api,L2_252,000000000192e7d0
"llama_model::load_tensors(llama_model_loader&)::{lambda(LLM_TN_IMPL const&, std::initializer_list<long> const&, int)#1}::operator()(LLM_TN_IMPL const&, std::initializer_list<long> const&, int) const [clone .cold]","llama_model::load_tensors(llama_model_loader&)::{lambda(LLM_TN_IMPL const&, std::initializer_list<long> const&, int)#1}::operator()(LLM_TN_IMPL const&, std::initializer_list<long> const&, int) const [clone .cold]",llama_api,L2_253,00000000004193ae
"llama_grammar_parser::parse_sequence(char const*, std::__cxx11::basic_string<char, std::char_traits<char>, std::allocator<char> > const&, std::vector<llama_grammar_element, std::allocator<llama_grammar_element> >&, bool)::{lambda(int, int)#1}::operator()(int, int) const","llama_grammar_parser::parse_sequence(char const*, std::__cxx11::basic_string<char, std::char_traits<char>, std::allocator<char> > const&, std::vector<llama_grammar_element, std::allocator<llama_grammar_element> >&, bool)::{lambda(int, int)#1}::operator()(int, int) const",llama_api,L2_173,0000000001914db0
"llama_grammar_parser::parse_sequence(char const*, std::__cxx11::basic_string<char, std::char_traits<char>, std::allocator<char> > const&, std::vector<llama_grammar_element, std::allocator<llama_grammar_element> >&, bool)::{lambda(int, int)#1}::operator()(int, int) const [clone .cold]","llama_grammar_parser::parse_sequence(char const*, std::__cxx11::basic_string<char, std::char_traits<char>, std::allocator<char> > const&, std::vector<llama_grammar_element, std::allocator<llama_grammar_element> >&, bool)::{lambda(int, int)#1}::operator()(int, int) const [clone .cold]",llama_api,L2_174,00000000004157fe
"llama_model::print_info() const::{lambda(std::function<unsigned int (unsigned int)> const&, unsigned int)#1}::operator()(std::function<unsigned int (unsigned int)> const&, unsigned int) const [clone .isra.0]","llama_model::print_info() const::{lambda(std::function<unsigned int (unsigned int)> const&, unsigned int)#1}::operator()(std::function<unsigned int (unsigned int)> const&, unsigned int) const [clone .isra.0]",llama_api,L2_262,0000000001932550
"llama_model::print_info() const::{lambda(std::function<unsigned int (unsigned int)> const&, unsigned int)#1}::operator()(std::function<unsigned int (unsigned int)> const&, unsigned int) const [clone .isra.0] [clone .cold]","llama_model::print_info() const::{lambda(std::function<unsigned int (unsigned int)> const&, unsigned int)#1}::operator()(std::function<unsigned int (unsigned int)> const&, unsigned int) const [clone .isra.0] [clone .cold]",llama_api,L2_263,0000000000419c96
llama_batch_add,llama_batch_add,batch_sampler,L3_003,
common_sampler_sample,common_sampler_sample,llama_api,L2_072,
common_batch_add,common_batch_add,llama_api,L2_001,
_Z21common_sampler_sample,_Z21common_sampler_sample,ggml_ops,L6_007,
ggml_graph_new,ggml_graph_new,ggml_ops,L6_252,
common_sampler_print,common_sampler_print,llama_api,L2_068,
common_sampler_init,common_sampler_init,llama_api,L2_061,
common_sampler_accept,common_sampler_accept,llama_api,L2_048,
llama_vocab_impl_tokenize,llama_vocab_impl_tokenize,batch_sampler,L3_262,
llama_vocab_impl_token_to_piece,llama_vocab_impl_token_to_piece,batch_sampler,L3_261,
common_token_to_piece,common_token_to_piece,vocab,L7_004,
llama_model_loader_init_mappings,llama_model_loader_init_mappings,llama_api,L2_317,
llama_model_loader_load_tensors,llama_model_loader_load_tensors,llama_api,L2_318,
mmap,mmap,memory,L8_039,
