[?2026h[?25l[1Gpulling manifest ⠋ [K[?25h[?2026l[?2026h[?25l[1Gpulling manifest ⠙ [K[?25h[?2026l[?2026h[?25l[1Gpulling manifest ⠹ [K[?25h[?2026l[?2026h[?25l[1Gpulling manifest ⠼ [K[?25h[?2026l[?2026h[?25l[1Gpulling manifest ⠼ [K[?25h[?2026l[?2026h[?25l[1Gpulling manifest ⠴ [K[?25h[?2026l[?2026h[?25l[1Gpulling manifest ⠧ [K[?25h[?2026l[?2026h[?25l[1Gpulling manifest ⠧ [K[?25h[?2026l[?2026h[?25l[1Gpulling manifest ⠇ [K[?25h[?2026l[?2026h[?25l[1Gpulling manifest ⠏ [K[?25h[?2026l[?2026h[?25l[1Gpulling manifest ⠙ [K[?25h[?2026l[?2026h[?25l[1Gpulling manifest ⠙ [K[?25h[?2026l[?2026h[?25l[1Gpulling manifest ⠹ [K[?25h[?2026l[?2026h[?25l[1Gpulling manifest ⠼ [K[?25h[?2026l[?2026h[?25l[1Gpulling manifest ⠼ [K[?25h[?2026l[?2026h[?25l[1Gpulling manifest ⠦ [K[?25h[?2026l[?2026h[?25l[1Gpulling manifest ⠦ [K[?25h[?2026l[?2026h[?25l[1Gpulling manifest ⠧ [K[?25h[?2026l[?2026h[?25l[1Gpulling manifest ⠇ [K[?25h[?2026l[?2026h[?25l[1Gpulling manifest ⠋ [K[?25h[?2026l[?2026h[?25l[1Gpulling manifest ⠋ [K[?25h[?2026l[?2026h[?25l[1Gpulling manifest ⠙ [K[?25h[?2026l[?2026h[?25l[1Gpulling manifest ⠹ [K[?25h[?2026l[?2026h[?25l[1Gpulling manifest ⠸ [K[?25h[?2026l[?2026h[?25l[1Gpulling manifest ⠼ [K[?25h[?2026l[?2026h[?25l[1Gpulling manifest ⠴ [K[?25h[?2026l[?2026h[?25l[1Gpulling manifest ⠦ [K[?25h[?2026l[?2026h[?25l[1Gpulling manifest ⠧ [K[?25h[?2026l[?2026h[?25l[1Gpulling manifest ⠇ [K[?25h[?2026l[?2026h[?25l[1Gpulling manifest ⠏ [K[?25h[?2026l[?2026h[?25l[1Gpulling manifest ⠋ [K[?25h[?2026l[?2026h[?25l[1Gpulling manifest ⠙ [K[?25h[?2026l[?2026h[?25l[1Gpulling manifest ⠸ [K[?25h[?2026l[?2026h[?25l[1Gpulling manifest ⠸ [K[?25h[?2026l[?2026h[?25l[1Gpulling manifest ⠼ [K[?25h[?2026l[?2026h[?25l[1Gpulling manifest ⠦ [K[?25h[?2026l[?2026h[?25l[1Gpulling manifest ⠦ [K[?25h[?2026l[?2026h[?25l[1Gpulling manifest ⠇ [K[?25h[?2026l[?2026h[?25l[1Gpulling manifest ⠏ [K[?25h[?2026l[?2026h[?25l[1Gpulling manifest ⠏ [K[?25h[?2026l[?2026h[?25l[1Gpulling manifest ⠋ [K[?25h[?2026l[?2026h[?25l[1Gpulling manifest ⠹ [K[?25h[?2026l[?2026h[?25l[1Gpulling manifest ⠹ [K[?25h[?2026l[?2026h[?25l[1Gpulling manifest ⠸ [K[?25h[?2026l[?2026h[?25l[1Gpulling manifest ⠼ [K[?25h[?2026l[?2026h[?25l[1Gpulling manifest ⠦ [K[?25h[?2026l[?2026h[?25l[1Gpulling manifest ⠦ [K[?25h[?2026l[?2026h[?25l[1Gpulling manifest ⠧ [K[?25h[?2026l[?2026h[?25l[1Gpulling manifest ⠇ [K[?25h[?2026l[?2026h[?25l[1Gpulling manifest [K
pulling 2af3b81862c6:   0% ▕                  ▏ 237 KB/637 MB                  [K[?25h[?2026l[?2026h[?25l[A[1Gpulling manifest [K
pulling 2af3b81862c6:   0% ▕                  ▏ 497 KB/637 MB                  [K[?25h[?2026l[?2026h[?25l[A[1Gpulling manifest [K
pulling 2af3b81862c6:   0% ▕                  ▏ 1.2 MB/637 MB                  [K[?25h[?2026l[?2026h[?25l[A[1Gpulling manifest [K
pulling 2af3b81862c6:   0% ▕                  ▏ 1.4 MB/637 MB                  [K[?25h[?2026l[?2026h[?25l[A[1Gpulling manifest [K
pulling 2af3b81862c6:   0% ▕                  ▏ 1.5 MB/637 MB                  [K[?25h[?2026l[?2026h[?25l[A[1Gpulling manifest [K
pulling 2af3b81862c6:   0% ▕                  ▏ 1.6 MB/637 MB                  [K[?25h[?2026l[?2026h[?25l[A[1Gpulling manifest [K
pulling 2af3b81862c6:   0% ▕                  ▏ 1.8 MB/637 MB                  [K[?25h[?2026l[?2026h[?25l[A[1Gpulling manifest [K
pulling 2af3b81862c6:   0% ▕                  ▏ 2.3 MB/637 MB                  [K[?25h[?2026l[?2026h[?25l[A[1Gpulling manifest [K
pulling 2af3b81862c6:   0% ▕                  ▏ 2.9 MB/637 MB                  [K[?25h[?2026l[?2026h[?25l[A[1Gpulling manifest [K
pulling 2af3b81862c6:   1% ▕                  ▏ 3.6 MB/637 MB                  [K[?25h[?2026l[?2026h[?25l[A[1Gpulling manifest [K
pulling 2af3b81862c6:   1% ▕                  ▏ 3.8 MB/637 MB                  [K[?25h[?2026l[?2026h[?25l[A[1Gpulling manifest [K
pulling 2af3b81862c6:   1% ▕                  ▏ 4.1 MB/637 MB  3.8 MB/s   2m47s[K[?25h[?2026l[?2026h[?25l[A[1Gpulling manifest [K
pulling 2af3b81862c6:   1% ▕                  ▏ 4.7 MB/637 MB  3.8 MB/s   2m47s[K[?25h[?2026l[?2026h[?25l[A[1Gpulling manifest [K
pulling 2af3b81862c6:   1% ▕                  ▏ 5.3 MB/637 MB  3.8 MB/s   2m46s[K[?25h[?2026l[?2026h[?25l[A[1Gpulling manifest [K
pulling 2af3b81862c6:   1% ▕                  ▏ 6.2 MB/637 MB  3.8 MB/s   2m46s[K[?25h[?2026l[?2026h[?25l[A[1Gpulling manifest [K
pulling 2af3b81862c6:   1% ▕                  ▏ 6.8 MB/637 MB  3.8 MB/s   2m46s[K[?25h[?2026l[?2026h[?25l[A[1Gpulling manifest [K
pulling 2af3b81862c6:   1% ▕                  ▏ 7.4 MB/637 MB  3.8 MB/s   2m46s[K[?25h[?2026l[?2026h[?25l[A[1Gpulling manifest [K
pulling 2af3b81862c6:   1% ▕                  ▏ 8.0 MB/637 MB  3.8 MB/s   2m46s[K[?25h[?2026l[?2026h[?25l[A[1Gpulling manifest [K
pulling 2af3b81862c6:   1% ▕                  ▏ 8.4 MB/637 MB  3.8 MB/s   2m46s[K[?25h[?2026l[?2026h[?25l[A[1Gpulling manifest [K
pulling 2af3b81862c6:   1% ▕                  ▏ 8.9 MB/637 MB  3.8 MB/s   2m45s[K[?25h[?2026l[?2026h[?25l[A[1Gpulling manifest [K
pulling 2af3b81862c6:   1% ▕                  ▏ 9.4 MB/637 MB  3.8 MB/s   2m45s[K[?25h[?2026l[?2026h[?25l[A[1Gpulling manifest [K
pulling 2af3b81862c6:   2% ▕                  ▏ 9.9 MB/637 MB  4.7 MB/s   2m12s[K[?25h[?2026l[?2026h[?25l[A[1Gpulling manifest [K
pulling 2af3b81862c6:   2% ▕                  ▏  10 MB/637 MB  4.7 MB/s   2m12s[K[?25h[?2026l[?2026h[?25l[A[1Gpulling manifest [K
pulling 2af3b81862c6:   2% ▕                  ▏  10 MB/637 MB  4.7 MB/s   2m12s[K[?25h[?2026l[?2026h[?25l[A[1Gpulling manifest [K
pulling 2af3b81862c6:   2% ▕                  ▏  11 MB/637 MB  4.7 MB/s   2m12s[K[?25h[?2026l[?2026h[?25l[A[1Gpulling manifest [K
pulling 2af3b81862c6:   2% ▕                  ▏  11 MB/637 MB  4.7 MB/s   2m12s[K[?25h[?2026l[?2026h[?25l[A[1Gpulling manifest [K
pulling 2af3b81862c6:   2% ▕                  ▏  12 MB/637 MB  4.7 MB/s   2m12s[K[?25h[?2026l[?2026h[?25l[A[1Gpulling manifest [K
pulling 2af3b81862c6:   2% ▕                  ▏  12 MB/637 MB  4.7 MB/s   2m12s[K[?25h[?2026l[?2026h[?25l[A[1Gpulling manifest [K
pulling 2af3b81862c6:   2% ▕                  ▏  13 MB/637 MB  4.7 MB/s   2m12s[K[?25h[?2026l[?2026h[?25l[A[1Gpulling manifest [K
pulling 2af3b81862c6:   2% ▕                  ▏  13 MB/637 MB  4.7 MB/s   2m12s[K[?25h[?2026l[?2026h[?25l[A[1Gpulling manifest [K
pulling 2af3b81862c6:   2% ▕                  ▏  14 MB/637 MB  4.7 MB/s   2m12s[K[?25h[?2026l[?2026h[?25l[A[1Gpulling manifest [K
pulling 2af3b81862c6:   2% ▕                  ▏  14 MB/637 MB  4.8 MB/s    2m9s[K[?25h[?2026l[?2026h[?25l[A[1Gpulling manifest [K
pulling 2af3b81862c6:   2% ▕                  ▏  15 MB/637 MB  4.8 MB/s    2m9s[K[?25h[?2026l[?2026h[?25l[A[1Gpulling manifest [K
pulling 2af3b81862c6:   2% ▕                  ▏  15 MB/637 MB  4.8 MB/s    2m8s[K[?25h[?2026l[?2026h[?25l[A[1Gpulling manifest [K
pulling 2af3b81862c6:   3% ▕                  ▏  16 MB/637 MB  4.8 MB/s    2m8s[K[?25h[?2026l[?2026h[?25l[A[1Gpulling manifest [K
pulling 2af3b81862c6:   3% ▕                  ▏  16 MB/637 MB  4.8 MB/s    2m8s[K[?25h[?2026l[?2026h[?25l[A[1Gpulling manifest [K
pulling 2af3b81862c6:   3% ▕                  ▏  17 MB/637 MB  4.8 MB/s    2m8s[K[?25h[?2026l[?2026h[?25l[A[1Gpulling manifest [K
pulling 2af3b81862c6:   3% ▕                  ▏  17 MB/637 MB  4.8 MB/s    2m8s[K[?25h[?2026l[?2026h[?25l[A[1Gpulling manifest [K
pulling 2af3b81862c6:   3% ▕                  ▏  17 MB/637 MB  4.8 MB/s    2m8s[K[?25h[?2026l[?2026h[?25l[A[1Gpulling manifest [K
pulling 2af3b81862c6:   3% ▕                  ▏  18 MB/637 MB  4.8 MB/s    2m8s[K[?25h[?2026l[?2026h[?25l[A[1Gpulling manifest [K
pulling 2af3b81862c6:   3% ▕                  ▏  19 MB/637 MB  4.8 MB/s    2m8s[K[?25h[?2026l[?2026h[?25l[A[1Gpulling manifest [K
pulling 2af3b81862c6:   3% ▕                  ▏  19 MB/637 MB  4.8 MB/s    2m8s[K[?25h[?2026l[?2026h[?25l[A[1Gpulling manifest [K
pulling 2af3b81862c6:   3% ▕                  ▏  20 MB/637 MB  4.8 MB/s    2m7s[K[?25h[?2026l[?2026h[?25l[A[1Gpulling manifest [K
pulling 2af3b81862c6:   3% ▕                  ▏  20 MB/637 MB  4.8 MB/s    2m7s[K[?25h[?2026l[?2026h[?25l[A[1Gpulling manifest [K
pulling 2af3b81862c6:   3% ▕                  ▏  21 MB/637 MB  4.8 MB/s    2m7s[K[?25h[?2026l[?2026h[?25l[A[1Gpulling manifest [K
pulling 2af3b81862c6:   3% ▕                  ▏  21 MB/637 MB  4.8 MB/s    2m7s[K[?25h[?2026l[?2026h[?25l[A[1Gpulling manifest [K
pulling 2af3b81862c6:   3% ▕                  ▏  21 MB/637 MB  4.8 MB/s    2m7s[K[?25h[?2026l[?2026h[?25l[A[1Gpulling manifest [K
pulling 2af3b81862c6:   4% ▕                  ▏  22 MB/637 MB  4.8 MB/s    2m7s[K[?25h[?2026l[?2026h[?25l[A[1Gpulling manifest [K
pulling 2af3b81862c6:   4% ▕                  ▏  23 MB/637 MB  4.8 MB/s    2m7s[K[?25h[?2026l[?2026h[?25l[A[1Gpulling manifest [K
pulling 2af3b81862c6:   4% ▕                  ▏  23 MB/637 MB  4.8 MB/s    2m7s[K[?25h[?2026l[?2026h[?25l[A[1Gpulling manifest [K
pulling 2af3b81862c6:   4% ▕                  ▏  23 MB/637 MB  4.8 MB/s    2m7s[K[?25h[?2026l[?2026h[?25l[A[1Gpulling manifest [K
pulling 2af3b81862c6:   4% ▕                  ▏  24 MB/637 MB  4.8 MB/s    2m6s[K[?25h[?2026l[?2026h[?25l[A[1Gpulling manifest [K
pulling 2af3b81862c6:   4% ▕                  ▏  24 MB/637 MB  4.8 MB/s    2m6s[K[?25h[?2026l[?2026h[?25l[A[1Gpulling manifest [K
pulling 2af3b81862c6:   4% ▕                  ▏  25 MB/637 MB  4.8 MB/s    2m6s[K[?25h[?2026l[?2026h[?25l[A[1Gpulling manifest [K
pulling 2af3b81862c6:   4% ▕                  ▏  25 MB/637 MB  4.8 MB/s    2m6s[K[?25h[?2026l[?2026h[?25l[A[1Gpulling manifest [K
pulling 2af3b81862c6:   4% ▕                  ▏  25 MB/637 MB  4.8 MB/s    2m6s[K[?25h[?2026l[?2026h[?25l[A[1Gpulling manifest [K
pulling 2af3b81862c6:   4% ▕                  ▏  26 MB/637 MB  4.8 MB/s    2m6s[K[?25h[?2026l[?2026h[?25l[A[1Gpulling manifest [K
pulling 2af3b81862c6:   4% ▕                  ▏  27 MB/637 MB  4.8 MB/s    2m6s[K[?25h[?2026l[?2026h[?25l[A[1Gpulling manifest [K
pulling 2af3b81862c6:   4% ▕                  ▏  27 MB/637 MB  4.8 MB/s    2m6s[K[?25h[?2026l[?2026h[?25l[A[1Gpulling manifest [K
pulling 2af3b81862c6:   4% ▕                  ▏  28 MB/637 MB  4.8 MB/s    2m6s[K[?25h[?2026l[?2026h[?25l[A[1Gpulling manifest [K
pulling 2af3b81862c6:   4% ▕                  ▏  28 MB/637 MB  4.8 MB/s    2m5s[K[?25h[?2026l[?2026h[?25l[A[1Gpulling manifest [K
pulling 2af3b81862c6:   5% ▕                  ▏  29 MB/637 MB  4.8 MB/s    2m5s[K[?25h[?2026l[?2026h[?25l[A[1Gpulling manifest [K
pulling 2af3b81862c6:   5% ▕                  ▏  29 MB/637 MB  4.8 MB/s    2m6s[K[?25h[?2026l[?2026h[?25l[A[1Gpulling manifest [K
pulling 2af3b81862c6:   5% ▕                  ▏  30 MB/637 MB  4.8 MB/s    2m5s[K[?25h[?2026l[?2026h[?25l[A[1Gpulling manifest [K
pulling 2af3b81862c6:   5% ▕                  ▏  30 MB/637 MB  4.8 MB/s    2m5s[K[?25h[?2026l[?2026h[?25l[A[1Gpulling manifest [K
pulling 2af3b81862c6:   5% ▕                  ▏  30 MB/637 MB  4.8 MB/s    2m5s[K[?25h[?2026l[?2026h[?25l[A[1Gpulling manifest [K
pulling 2af3b81862c6:   5% ▕                  ▏  31 MB/637 MB  4.8 MB/s    2m5s[K[?25h[?2026l[?2026h[?25l[A[1Gpulling manifest [K
pulling 2af3b81862c6:   5% ▕                  ▏  31 MB/637 MB  4.8 MB/s    2m5s[K[?25h[?2026l[?2026h[?25l[A[1Gpulling manifest [K
pulling 2af3b81862c6:   5% ▕                  ▏  32 MB/637 MB  4.8 MB/s    2m5s[K[?25h[?2026l[?2026h[?25l[A[1Gpulling manifest [K
pulling 2af3b81862c6:   5% ▕                  ▏  32 MB/637 MB  4.8 MB/s    2m5s[K[?25h[?2026l[?2026h[?25l[A[1Gpulling manifest [K
pulling 2af3b81862c6:   5% ▕                  ▏  32 MB/637 MB  4.8 MB/s    2m5s[K[?25h[?2026l[?2026h[?25l[A[1Gpulling manifest [K
pulling 2af3b81862c6:   5% ▕                  ▏  33 MB/637 MB  4.8 MB/s    2m5s[K[?25h[?2026l[?2026h[?25l[A[1Gpulling manifest [K
pulling 2af3b81862c6:   5% ▕                  ▏  34 MB/637 MB  4.8 MB/s    2m4s[K[?25h[?2026l[?2026h[?25l[A[1Gpulling manifest [K
pulling 2af3b81862c6:   5% ▕                  ▏  34 MB/637 MB  4.8 MB/s    2m4s[K[?25h[?2026l[?2026h[?25l[A[1Gpulling manifest [K
pulling 2af3b81862c6:   5% ▕                  ▏  34 MB/637 MB  4.8 MB/s    2m4s[K[?25h[?2026l[?2026h[?25l[A[1Gpulling manifest [K
pulling 2af3b81862c6:   6% ▕█                 ▏  36 MB/637 MB  4.8 MB/s    2m4s[K[?25h[?2026l[?2026h[?25l[A[1Gpulling manifest [K
pulling 2af3b81862c6:   6% ▕█                 ▏  36 MB/637 MB  4.8 MB/s    2m4s[K[?25h[?2026l[?2026h[?25l[A[1Gpulling manifest [K
pulling 2af3b81862c6:   6% ▕█                 ▏  36 MB/637 MB  4.8 MB/s    2m4s[K[?25h[?2026l[?2026h[?25l[A[1Gpulling manifest [K
pulling 2af3b81862c6:   6% ▕█                 ▏  37 MB/637 MB  4.8 MB/s    2m4s[K[?25h[?2026l[?2026h[?25l[A[1Gpulling manifest [K
pulling 2af3b81862c6:   6% ▕█                 ▏  37 MB/637 MB  4.8 MB/s    2m4s[K[?25h[?2026l[?2026h[?25l[A[1Gpulling manifest [K
pulling 2af3b81862c6:   6% ▕█                 ▏  38 MB/637 MB  4.8 MB/s    2m4s[K[?25h[?2026l[?2026h[?25l[A[1Gpulling manifest [K
pulling 2af3b81862c6:   6% ▕█                 ▏  38 MB/637 MB  4.8 MB/s    2m3s[K[?25h[?2026l[?2026h[?25l[A[1Gpulling manifest [K
pulling 2af3b81862c6:   6% ▕█                 ▏  38 MB/637 MB  4.8 MB/s    2m4s[K[?25h[?2026l[?2026h[?25l[A[1Gpulling manifest [K
pulling 2af3b81862c6:   6% ▕█                 ▏  39 MB/637 MB  4.8 MB/s    2m4s[K[?25h[?2026l[?2026h[?25l[A[1Gpulling manifest [K
pulling 2af3b81862c6:   6% ▕█                 ▏  40 MB/637 MB  4.8 MB/s    2m4s[K[?25h[?2026l[?2026h[?25l[A[1Gpulling manifest [K
pulling 2af3b81862c6:   6% ▕█                 ▏  40 MB/637 MB  4.8 MB/s    2m4s[K[?25h[?2026l[?2026h[?25l[A[1Gpulling manifest [K
pulling 2af3b81862c6:   6% ▕█                 ▏  41 MB/637 MB  4.8 MB/s    2m3s[K[?25h[?2026l[?2026h[?25l[A[1Gpulling manifest [K
pulling 2af3b81862c6:   7% ▕█                 ▏  41 MB/637 MB  4.8 MB/s    2m3s[K[?25h[?2026l[?2026h[?25l[A[1Gpulling manifest [K
pulling 2af3b81862c6:   7% ▕█                 ▏  41 MB/637 MB  4.8 MB/s    2m3s[K[?25h[?2026l[?2026h[?25l[A[1Gpulling manifest [K
pulling 2af3b81862c6:   7% ▕█                 ▏  42 MB/637 MB  4.8 MB/s    2m3s[K[?25h[?2026l[?2026h[?25l[A[1Gpulling manifest [K
pulling 2af3b81862c6:   7% ▕█                 ▏  43 MB/637 MB  4.8 MB/s    2m3s[K[?25h[?2026l[?2026h[?25l[A[1Gpulling manifest [K
pulling 2af3b81862c6:   7% ▕█                 ▏  43 MB/637 MB  4.8 MB/s    2m3s[K[?25h[?2026l[?2026h[?25l[A[1Gpulling manifest [K
pulling 2af3b81862c6:   7% ▕█                 ▏  44 MB/637 MB  4.9 MB/s    2m1s[K[?25h[?2026l[?2026h[?25l[A[1Gpulling manifest [K
pulling 2af3b81862c6:   7% ▕█                 ▏  44 MB/637 MB  4.9 MB/s    2m1s[K[?25h[?2026l[?2026h[?25l[A[1Gpulling manifest [K
pulling 2af3b81862c6:   7% ▕█                 ▏  44 MB/637 MB  4.9 MB/s    2m1s[K[?25h[?2026l[?2026h[?25l[A[1Gpulling manifest [K
pulling 2af3b81862c6:   7% ▕█                 ▏  45 MB/637 MB  4.9 MB/s    2m1s[K[?25h[?2026l[?2026h[?25l[A[1Gpulling manifest [K
pulling 2af3b81862c6:   7% ▕█                 ▏  46 MB/637 MB  4.9 MB/s    2m1s[K[?25h[?2026l[?2026h[?25l[A[1Gpulling manifest [K
pulling 2af3b81862c6:   7% ▕█                 ▏  46 MB/637 MB  4.9 MB/s    2m1s[K[?25h[?2026l[?2026h[?25l[A[1Gpulling manifest [K
pulling 2af3b81862c6:   7% ▕█                 ▏  46 MB/637 MB  4.9 MB/s    2m1s[K[?25h[?2026l[?2026h[?25l[A[1Gpulling manifest [K
pulling 2af3b81862c6:   7% ▕█                 ▏  47 MB/637 MB  4.9 MB/s    2m0s[K[?25h[?2026l[?2026h[?25l[A[1Gpulling manifest [K
pulling 2af3b81862c6:   8% ▕█                 ▏  47 MB/637 MB  4.9 MB/s    2m0s[K[?25h[?2026l[?2026h[?25l[A[1Gpulling manifest [K
pulling 2af3b81862c6:   8% ▕█                 ▏  48 MB/637 MB  4.9 MB/s    2m0s[K[?25h[?2026l[?2026h[?25l[A[1Gpulling manifest [K
pulling 2af3b81862c6:   8% ▕█                 ▏  49 MB/637 MB  5.0 MB/s   1m57s[K[?25h[?2026l[?2026h[?25l[A[1Gpulling manifest [K
pulling 2af3b81862c6:   8% ▕█                 ▏  49 MB/637 MB  5.0 MB/s   1m57s[K[?25h[?2026l[?2026h[?25l[A[1Gpulling manifest [K
pulling 2af3b81862c6:   8% ▕█                 ▏  50 MB/637 MB  5.0 MB/s   1m57s[K[?25h[?2026l[?2026h[?25l[A[1Gpulling manifest [K
pulling 2af3b81862c6:   8% ▕█                 ▏  50 MB/637 MB  5.0 MB/s   1m57s[K[?25h[?2026l[?2026h[?25l[A[1Gpulling manifest [K
pulling 2af3b81862c6:   8% ▕█                 ▏  51 MB/637 MB  5.0 MB/s   1m57s[K[?25h[?2026l[?2026h[?25l[A[1Gpulling manifest [K
pulling 2af3b81862c6:   8% ▕█                 ▏  51 MB/637 MB  5.0 MB/s   1m57s[K[?25h[?2026l[?2026h[?25l[A[1Gpulling manifest [K
pulling 2af3b81862c6:   8% ▕█                 ▏  52 MB/637 MB  5.0 MB/s   1m56s[K[?25h[?2026l[?2026h[?25l[A[1Gpulling manifest [K
pulling 2af3b81862c6:   8% ▕█                 ▏  52 MB/637 MB  5.0 MB/s   1m56s[K[?25h[?2026l[?2026h[?25l[A[1Gpulling manifest [K
pulling 2af3b81862c6:   8% ▕█                 ▏  52 MB/637 MB  5.0 MB/s   1m56s[K[?25h[?2026l[?2026h[?25l[A[1Gpulling manifest [K
pulling 2af3b81862c6:   8% ▕█                 ▏  52 MB/637 MB  5.0 MB/s   1m56s[K[?25h[?2026l[?2026h[?25l[A[1Gpulling manifest [K
pulling 2af3b81862c6:   8% ▕█                 ▏  53 MB/637 MB  5.0 MB/s   1m56s[K[?25h[?2026l[?2026h[?25l[A[1Gpulling manifest [K
pulling 2af3b81862c6:   8% ▕█                 ▏  53 MB/637 MB  4.9 MB/s   1m59s[K[?25h[?2026l[?2026h[?25l[A[1Gpulling manifest [K
pulling 2af3b81862c6:   9% ▕█                 ▏  54 MB/637 MB  4.9 MB/s   1m59s[K[?25h[?2026l[?2026h[?25l[A[1Gpulling manifest [K
pulling 2af3b81862c6:   9% ▕█                 ▏  54 MB/637 MB  4.9 MB/s   1m59s[K[?25h[?2026l[?2026h[?25l[A[1Gpulling manifest [K
pulling 2af3b81862c6:   9% ▕█                 ▏  55 MB/637 MB  4.9 MB/s   1m59s[K[?25h[?2026l[?2026h[?25l[A[1Gpulling manifest [K
pulling 2af3b81862c6:   9% ▕█                 ▏  55 MB/637 MB  4.9 MB/s   1m59s[K[?25h[?2026l[?2026h[?25l[A[1Gpulling manifest [K
pulling 2af3b81862c6:   9% ▕█                 ▏  56 MB/637 MB  4.9 MB/s   1m59s[K[?25h[?2026l[?2026h[?25l[A[1Gpulling manifest [K
pulling 2af3b81862c6:   9% ▕█                 ▏  57 MB/637 MB  4.9 MB/s   1m58s[K[?25h[?2026l[?2026h[?25l[A[1Gpulling manifest [K
pulling 2af3b81862c6:   9% ▕█                 ▏  58 MB/637 MB  4.9 MB/s   1m58s[K[?25h[?2026l[?2026h[?25l[A[1Gpulling manifest [K
pulling 2af3b81862c6:   9% ▕█                 ▏  58 MB/637 MB  4.9 MB/s   1m58s[K[?25h[?2026l[?2026h[?25l[A[1Gpulling manifest [K
pulling 2af3b81862c6:   9% ▕█                 ▏  58 MB/637 MB  4.9 MB/s   1m58s[K[?25h[?2026l[?2026h[?25l[A[1Gpulling manifest [K
pulling 2af3b81862c6:   9% ▕█                 ▏  59 MB/637 MB  4.9 MB/s   1m57s[K[?25h[?2026l[?2026h[?25l[A[1Gpulling manifest [K
pulling 2af3b81862c6:   9% ▕█                 ▏  59 MB/637 MB  4.9 MB/s   1m57s[K[?25h[?2026l[?2026h[?25l[A[1Gpulling manifest [K
pulling 2af3b81862c6:   9% ▕█                 ▏  59 MB/637 MB  4.9 MB/s   1m57s[K[?25h[?2026l[?2026h[?25l[A[1Gpulling manifest [K
pulling 2af3b81862c6:   9% ▕█                 ▏  60 MB/637 MB  4.9 MB/s   1m57s[K[?25h[?2026l[?2026h[?25l[A[1Gpulling manifest [K
pulling 2af3b81862c6:  10% ▕█                 ▏  60 MB/637 MB  4.9 MB/s   1m57s[K[?25h[?2026l[?2026h[?25l[A[1Gpulling manifest [K
pulling 2af3b81862c6:  10% ▕█                 ▏  61 MB/637 MB  4.9 MB/s   1m57s[K[?25h[?2026l[?2026h[?25l[A[1Gpulling manifest [K
pulling 2af3b81862c6:  10% ▕█                 ▏  61 MB/637 MB  4.9 MB/s   1m57s[K[?25h[?2026l[?2026h[?25l[A[1Gpulling manifest [K
pulling 2af3b81862c6:  10% ▕█                 ▏  61 MB/637 MB  4.9 MB/s   1m57s[K[?25h[?2026l[?2026h[?25l[A[1Gpulling manifest [K
pulling 2af3b81862c6:  10% ▕█                 ▏  62 MB/637 MB  4.9 MB/s   1m57s[K[?25h[?2026l[?2026h[?25l[A[1Gpulling manifest [K
pulling 2af3b81862c6:  10% ▕█                 ▏  62 MB/637 MB  4.9 MB/s   1m57s[K[?25h[?2026l[?2026h[?25l[A[1Gpulling manifest [K
pulling 2af3b81862c6:  10% ▕█                 ▏  62 MB/637 MB  4.8 MB/s   1m59s[K[?25h[?2026l[?2026h[?25l[A[1Gpulling manifest [K
pulling 2af3b81862c6:  10% ▕█                 ▏  63 MB/637 MB  4.8 MB/s   1m59s[K[?25h[?2026l[?2026h[?25l[A[1Gpulling manifest [K
pulling 2af3b81862c6:  10% ▕█                 ▏  64 MB/637 MB  4.8 MB/s   1m59s[K[?25h[?2026l[?2026h[?25l[A[1Gpulling manifest [K
pulling 2af3b81862c6:  10% ▕█                 ▏  64 MB/637 MB  4.8 MB/s   1m59s[K[?25h[?2026l[?2026h[?25l[A[1Gpulling manifest [K
pulling 2af3b81862c6:  10% ▕█                 ▏  65 MB/637 MB  4.8 MB/s   1m58s[K[?25h[?2026l[?2026h[?25l[A[1Gpulling manifest [K
pulling 2af3b81862c6:  10% ▕█                 ▏  65 MB/637 MB  4.8 MB/s   1m58s[K[?25h[?2026l[?2026h[?25l[A[1Gpulling manifest [K
pulling 2af3b81862c6:  10% ▕█                 ▏  66 MB/637 MB  4.8 MB/s   1m58s[K[?25h[?2026l[?2026h[?25l[A[1Gpulling manifest [K
pulling 2af3b81862c6:  11% ▕█                 ▏  66 MB/637 MB  4.8 MB/s   1m58s[K[?25h[?2026l[?2026h[?25l[A[1Gpulling manifest [K
pulling 2af3b81862c6:  11% ▕█                 ▏  67 MB/637 MB  4.8 MB/s   1m58s[K[?25h[?2026l[?2026h[?25l[A[1Gpulling manifest [K
pulling 2af3b81862c6:  11% ▕█                 ▏  67 MB/637 MB  4.8 MB/s   1m58s[K[?25h[?2026l[?2026h[?25l[A[1Gpulling manifest [K
pulling 2af3b81862c6:  11% ▕█                 ▏  68 MB/637 MB  4.9 MB/s   1m55s[K[?25h[?2026l[?2026h[?25l[A[1Gpulling manifest [K
pulling 2af3b81862c6:  11% ▕█                 ▏  68 MB/637 MB  4.9 MB/s   1m55s[K[?25h[?2026l[?2026h[?25l[A[1Gpulling manifest [K
pulling 2af3b81862c6:  11% ▕█                 ▏  69 MB/637 MB  4.9 MB/s   1m55s[K[?25h[?2026l[?2026h[?25l[A[1Gpulling manifest [K
pulling 2af3b81862c6:  11% ▕█                 ▏  70 MB/637 MB  4.9 MB/s   1m55s[K[?25h[?2026l[?2026h[?25l[A[1Gpulling manifest [K
pulling 2af3b81862c6:  11% ▕█                 ▏  70 MB/637 MB  4.9 MB/s   1m55s[K[?25h[?2026l[?2026h[?25l[A[1Gpulling manifest [K
pulling 2af3b81862c6:  11% ▕██                ▏  71 MB/637 MB  4.9 MB/s   1m55s[K[?25h[?2026l[?2026h[?25l[A[1Gpulling manifest [K
pulling 2af3b81862c6:  11% ▕██                ▏  71 MB/637 MB  4.9 MB/s   1m55s[K[?25h[?2026l[?2026h[?25l[A[1Gpulling manifest [K
pulling 2af3b81862c6:  11% ▕██                ▏  71 MB/637 MB  4.9 MB/s   1m55s[K[?25h[?2026l[?2026h[?25l[A[1Gpulling manifest [K
pulling 2af3b81862c6:  11% ▕██                ▏  72 MB/637 MB  4.9 MB/s   1m55s[K[?25h[?2026l[?2026h[?25l[A[1Gpulling manifest [K
pulling 2af3b81862c6:  11% ▕██                ▏  72 MB/637 MB  4.9 MB/s   1m55s[K[?25h[?2026l[?2026h[?25l[A[1Gpulling manifest [K
pulling 2af3b81862c6:  12% ▕██                ▏  73 MB/637 MB  5.0 MB/s   1m53s[K[?25h[?2026l[?2026h[?25l[A[1Gpulling manifest [K
pulling 2af3b81862c6:  12% ▕██                ▏  74 MB/637 MB  5.0 MB/s   1m53s[K[?25h[?2026l[?2026h[?25l[A[1Gpulling manifest [K
pulling 2af3b81862c6:  12% ▕██                ▏  74 MB/637 MB  5.0 MB/s   1m53s[K[?25h[?2026l[?2026h[?25l[A[1Gpulling manifest [K
pulling 2af3b81862c6:  12% ▕██                ▏  75 MB/637 MB  5.0 MB/s   1m53s[K[?25h[?2026l[?2026h[?25l[A[1Gpulling manifest [K
pulling 2af3b81862c6:  12% ▕██                ▏  75 MB/637 MB  5.0 MB/s   1m53s[K[?25h[?2026l[?2026h[?25l[A[1Gpulling manifest [K
pulling 2af3b81862c6:  12% ▕██                ▏  75 MB/637 MB  5.0 MB/s   1m53s[K[?25h[?2026l[?2026h[?25l[A[1Gpulling manifest [K
pulling 2af3b81862c6:  12% ▕██                ▏  76 MB/637 MB  5.0 MB/s   1m53s[K[?25h[?2026l[?2026h[?25l[A[1Gpulling manifest [K
pulling 2af3b81862c6:  12% ▕██                ▏  76 MB/637 MB  5.0 MB/s   1m53s[K[?25h[?2026l[?2026h[?25l[A[1Gpulling manifest [K
pulling 2af3b81862c6:  12% ▕██                ▏  77 MB/637 MB  5.0 MB/s   1m53s[K[?25h[?2026l[?2026h[?25l[A[1Gpulling manifest [K
pulling 2af3b81862c6:  12% ▕██                ▏  77 MB/637 MB  5.0 MB/s   1m53s[K[?25h[?2026l[?2026h[?25l[A[1Gpulling manifest [K
pulling 2af3b81862c6:  12% ▕██                ▏  78 MB/637 MB  5.0 MB/s   1m53s[K[?25h[?2026l[?2026h[?25l[A[1Gpulling manifest [K
pulling 2af3b81862c6:  12% ▕██                ▏  78 MB/637 MB  4.9 MB/s   1m53s[K[?25h[?2026l[?2026h[?25l[A[1Gpulling manifest [K
pulling 2af3b81862c6:  12% ▕██                ▏  78 MB/637 MB  4.9 MB/s   1m53s[K[?25h[?2026l[?2026h[?25l[A[1Gpulling manifest [K
pulling 2af3b81862c6:  12% ▕██                ▏  79 MB/637 MB  4.9 MB/s   1m53s[K[?25h[?2026l[?2026h[?25l[A[1Gpulling manifest [K
pulling 2af3b81862c6:  13% ▕██                ▏  80 MB/637 MB  4.9 MB/s   1m53s[K[?25h[?2026l[?2026h[?25l[A[1Gpulling manifest [K
pulling 2af3b81862c6:  13% ▕██                ▏  80 MB/637 MB  4.9 MB/s   1m53s[K[?25h[?2026l[?2026h[?25l[A[1Gpulling manifest [K
pulling 2af3b81862c6:  13% ▕██                ▏  80 MB/637 MB  4.9 MB/s   1m53s[K[?25h[?2026l[?2026h[?25l[A[1Gpulling manifest [K
pulling 2af3b81862c6:  13% ▕██                ▏  81 MB/637 MB  4.9 MB/s   1m53s[K[?25h[?2026l[?2026h[?25l[A[1Gpulling manifest [K
pulling 2af3b81862c6:  13% ▕██                ▏  81 MB/637 MB  4.9 MB/s   1m53s[K[?25h[?2026l[?2026h[?25l[A[1Gpulling manifest [K
pulling 2af3b81862c6:  13% ▕██                ▏  82 MB/637 MB  4.9 MB/s   1m53s[K[?25h[?2026l[?2026h[?25l[A[1Gpulling manifest [K
pulling 2af3b81862c6:  13% ▕██                ▏  82 MB/637 MB  4.9 MB/s   1m52s[K[?25h[?2026l[?2026h[?25l[A[1Gpulling manifest [K
pulling 2af3b81862c6:  13% ▕██                ▏  82 MB/637 MB  4.9 MB/s   1m53s[K[?25h[?2026l[?2026h[?25l[A[1Gpulling manifest [K
pulling 2af3b81862c6:  13% ▕██                ▏  83 MB/637 MB  4.9 MB/s   1m53s[K[?25h[?2026l[?2026h[?25l[A[1Gpulling manifest [K
pulling 2af3b81862c6:  13% ▕██                ▏  83 MB/637 MB  4.9 MB/s   1m53s[K[?25h[?2026l[?2026h[?25l[A[1Gpulling manifest [K
pulling 2af3b81862c6:  13% ▕██                ▏  84 MB/637 MB  4.9 MB/s   1m52s[K[?25h[?2026l[?2026h[?25l[A[1Gpulling manifest [K
pulling 2af3b81862c6:  13% ▕██                ▏  84 MB/637 MB  4.9 MB/s   1m52s[K[?25h[?2026l[?2026h[?25l[A[1Gpulling manifest [K
pulling 2af3b81862c6:  13% ▕██                ▏  85 MB/637 MB  4.9 MB/s   1m52s[K[?25h[?2026l[?2026h[?25l[A[1Gpulling manifest [K
pulling 2af3b81862c6:  13% ▕██                ▏  85 MB/637 MB  4.9 MB/s   1m52s[K[?25h[?2026l[?2026h[?25l[A[1Gpulling manifest [K
pulling 2af3b81862c6:  13% ▕██                ▏  85 MB/637 MB  4.9 MB/s   1m52s[K[?25h[?2026l[?2026h[?25l[A[1Gpulling manifest [K
pulling 2af3b81862c6:  14% ▕██                ▏  86 MB/637 MB  4.9 MB/s   1m52s[K[?25h[?2026l[?2026h[?25l[A[1Gpulling manifest [K
pulling 2af3b81862c6:  14% ▕██                ▏  87 MB/637 MB  4.9 MB/s   1m52s[K[?25h[?2026l[?2026h[?25l[A[1Gpulling manifest [K
pulling 2af3b81862c6:  14% ▕██                ▏  88 MB/637 MB  4.9 MB/s   1m51s[K[?25h[?2026l[?2026h[?25l[A[1Gpulling manifest [K
pulling 2af3b81862c6:  14% ▕██                ▏  88 MB/637 MB  4.9 MB/s   1m51s[K[?25h[?2026l[?2026h[?25l[A[1Gpulling manifest [K
pulling 2af3b81862c6:  14% ▕██                ▏  89 MB/637 MB  4.9 MB/s   1m51s[K[?25h[?2026l[?2026h[?25l[A[1Gpulling manifest [K
pulling 2af3b81862c6:  14% ▕██                ▏  89 MB/637 MB  4.9 MB/s   1m50s[K[?25h[?2026l[?2026h[?25l[A[1Gpulling manifest [K
pulling 2af3b81862c6:  14% ▕██                ▏  89 MB/637 MB  4.9 MB/s   1m50s[K[?25h[?2026l[?2026h[?25l[A[1Gpulling manifest [K
pulling 2af3b81862c6:  14% ▕██                ▏  90 MB/637 MB  4.9 MB/s   1m50s[K[?25h[?2026l[?2026h[?25l[A[1Gpulling manifest [K
pulling 2af3b81862c6:  14% ▕██                ▏  90 MB/637 MB  4.9 MB/s   1m50s[K[?25h[?2026l[?2026h[?25l[A[1Gpulling manifest [K
pulling 2af3b81862c6:  14% ▕██                ▏  90 MB/637 MB  4.9 MB/s   1m50s[K[?25h[?2026l[?2026h[?25l[A[1Gpulling manifest [K
pulling 2af3b81862c6:  14% ▕██                ▏  90 MB/637 MB  4.9 MB/s   1m50s[K[?25h[?2026l[?2026h[?25l[A[1Gpulling manifest [K
pulling 2af3b81862c6:  14% ▕██                ▏  90 MB/637 MB  4.9 MB/s   1m50s[K[?25h[?2026l[?2026h[?25l[A[1Gpulling manifest [K
pulling 2af3b81862c6:  14% ▕██                ▏  92 MB/637 MB  4.8 MB/s   1m53s[K[?25h[?2026l[?2026h[?25l[A[1Gpulling manifest [K
pulling 2af3b81862c6:  15% ▕██                ▏  92 MB/637 MB  4.8 MB/s   1m53s[K[?25h[?2026l[?2026h[?25l[A[1Gpulling manifest [K
pulling 2af3b81862c6:  15% ▕██                ▏  93 MB/637 MB  4.8 MB/s   1m53s[K[?25h[?2026l[?2026h[?25l[A[1Gpulling manifest [K
pulling 2af3b81862c6:  15% ▕██                ▏  93 MB/637 MB  4.8 MB/s   1m53s[K[?25h[?2026l[?2026h[?25l[A[1Gpulling manifest [K
pulling 2af3b81862c6:  15% ▕██                ▏  93 MB/637 MB  4.8 MB/s   1m53s[K[?25h[?2026l[?2026h[?25l[A[1Gpulling manifest [K
pulling 2af3b81862c6:  15% ▕██                ▏  94 MB/637 MB  4.8 MB/s   1m53s[K[?25h[?2026l[?2026h[?25l[A[1Gpulling manifest [K
pulling 2af3b81862c6:  15% ▕██                ▏  94 MB/637 MB  4.8 MB/s   1m53s[K[?25h[?2026l[?2026h[?25l[A[1Gpulling manifest [K
pulling 2af3b81862c6:  15% ▕██                ▏  94 MB/637 MB  4.8 MB/s   1m53s[K[?25h[?2026l[?2026h[?25l[A[1Gpulling manifest [K
pulling 2af3b81862c6:  15% ▕██                ▏  95 MB/637 MB  4.8 MB/s   1m53s[K[?25h[?2026l[?2026h[?25l[A[1Gpulling manifest [K
pulling 2af3b81862c6:  15% ▕██                ▏  96 MB/637 MB  4.8 MB/s   1m52s[K[?25h[?2026l[?2026h[?25l[A[1Gpulling manifest [K
pulling 2af3b81862c6:  15% ▕██                ▏  97 MB/637 MB  4.9 MB/s   1m51s[K[?25h[?2026l[?2026h[?25l[A[1Gpulling manifest [K
pulling 2af3b81862c6:  15% ▕██                ▏  97 MB/637 MB  4.9 MB/s   1m51s[K[?25h[?2026l[?2026h[?25l[A[1Gpulling manifest [K
pulling 2af3b81862c6:  15% ▕██                ▏  98 MB/637 MB  4.9 MB/s   1m50s[K[?25h[?2026l[?2026h[?25l[A[1Gpulling manifest [K
pulling 2af3b81862c6:  16% ▕██                ▏  98 MB/637 MB  4.9 MB/s   1m50s[K[?25h[?2026l[?2026h[?25l[A[1Gpulling manifest [K
pulling 2af3b81862c6:  16% ▕██                ▏  99 MB/637 MB  4.9 MB/s   1m50s[K[?25h[?2026l[?2026h[?25l[A[1Gpulling manifest [K
pulling 2af3b81862c6:  16% ▕██                ▏  99 MB/637 MB  4.9 MB/s   1m50s[K[?25h[?2026l[?2026h[?25l[A[1Gpulling manifest [K
pulling 2af3b81862c6:  16% ▕██                ▏ 100 MB/637 MB  4.9 MB/s   1m50s[K[?25h[?2026l[?2026h[?25l[A[1Gpulling manifest [K
pulling 2af3b81862c6:  16% ▕██                ▏ 100 MB/637 MB  4.9 MB/s   1m50s[K[?25h[?2026l[?2026h[?25l[A[1Gpulling manifest [K
pulling 2af3b81862c6:  16% ▕██                ▏ 100 MB/637 MB  4.9 MB/s   1m50s[K[?25h[?2026l[?2026h[?25l[A[1Gpulling manifest [K
pulling 2af3b81862c6:  16% ▕██                ▏ 101 MB/637 MB  4.9 MB/s   1m50s[K[?25h[?2026l[?2026h[?25l[A[1Gpulling manifest [K
pulling 2af3b81862c6:  16% ▕██                ▏ 101 MB/637 MB  4.9 MB/s   1m50s[K[?25h[?2026l[?2026h[?25l[A[1Gpulling manifest [K
pulling 2af3b81862c6:  16% ▕██                ▏ 102 MB/637 MB  4.8 MB/s   1m52s[K[?25h[?2026l[?2026h[?25l[A[1Gpulling manifest [K
pulling 2af3b81862c6:  16% ▕██                ▏ 102 MB/637 MB  4.8 MB/s   1m52s[K[?25h[?2026l[?2026h[?25l[A[1Gpulling manifest [K
pulling 2af3b81862c6:  16% ▕██                ▏ 102 MB/637 MB  4.8 MB/s   1m52s[K[?25h[?2026l[?2026h[?25l[A[1Gpulling manifest [K
pulling 2af3b81862c6:  16% ▕██                ▏ 103 MB/637 MB  4.8 MB/s   1m52s[K[?25h[?2026l[?2026h[?25l[A[1Gpulling manifest [K
pulling 2af3b81862c6:  16% ▕██                ▏ 104 MB/637 MB  4.8 MB/s   1m52s[K[?25h[?2026l[?2026h[?25l[A[1Gpulling manifest [K
pulling 2af3b81862c6:  16% ▕██                ▏ 104 MB/637 MB  4.8 MB/s   1m52s[K[?25h[?2026l[?2026h[?25l[A[1Gpulling manifest [K
pulling 2af3b81862c6:  16% ▕██                ▏ 104 MB/637 MB  4.8 MB/s   1m51s[K[?25h[?2026l[?2026h[?25l[A[1Gpulling manifest [K
pulling 2af3b81862c6:  16% ▕██                ▏ 105 MB/637 MB  4.8 MB/s   1m51s[K[?25h[?2026l[?2026h[?25l[A[1Gpulling manifest [K
pulling 2af3b81862c6:  17% ▕██                ▏ 105 MB/637 MB  4.8 MB/s   1m51s[K[?25h[?2026l[?2026h[?25l[A[1Gpulling manifest [K
pulling 2af3b81862c6:  17% ▕███               ▏ 107 MB/637 MB  4.8 MB/s   1m51s[K[?25h[?2026l[?2026h[?25l[A[1Gpulling manifest [K
pulling 2af3b81862c6:  17% ▕███               ▏ 107 MB/637 MB  4.9 MB/s   1m47s[K[?25h[?2026l[?2026h[?25l[A[1Gpulling manifest [K
pulling 2af3b81862c6:  17% ▕███               ▏ 108 MB/637 MB  4.9 MB/s   1m47s[K[?25h[?2026l[?2026h[?25l[A[1Gpulling manifest [K
pulling 2af3b81862c6:  17% ▕███               ▏ 108 MB/637 MB  4.9 MB/s   1m46s[K[?25h[?2026l[?2026h[?25l[A[1Gpulling manifest [K
pulling 2af3b81862c6:  17% ▕███               ▏ 108 MB/637 MB  4.9 MB/s   1m46s[K[?25h[?2026l[?2026h[?25l[A[1Gpulling manifest [K
pulling 2af3b81862c6:  17% ▕███               ▏ 109 MB/637 MB  4.9 MB/s   1m46s[K[?25h[?2026l[?2026h[?25l[A[1Gpulling manifest [K
pulling 2af3b81862c6:  17% ▕███               ▏ 109 MB/637 MB  4.9 MB/s   1m46s[K[?25h[?2026l[?2026h[?25l[A[1Gpulling manifest [K
pulling 2af3b81862c6:  17% ▕███               ▏ 110 MB/637 MB  4.9 MB/s   1m46s[K[?25h[?2026l[?2026h[?25l[A[1Gpulling manifest [K
pulling 2af3b81862c6:  17% ▕███               ▏ 110 MB/637 MB  4.9 MB/s   1m46s[K[?25h[?2026l[?2026h[?25l[A[1Gpulling manifest [K
pulling 2af3b81862c6:  17% ▕███               ▏ 110 MB/637 MB  4.9 MB/s   1m46s[K[?25h[?2026l[?2026h[?25l[A[1Gpulling manifest [K
pulling 2af3b81862c6:  17% ▕███               ▏ 111 MB/637 MB  4.9 MB/s   1m46s[K[?25h[?2026l[?2026h[?25l[A[1Gpulling manifest [K
pulling 2af3b81862c6:  17% ▕███               ▏ 111 MB/637 MB  4.8 MB/s   1m50s[K[?25h[?2026l[?2026h[?25l[A[1Gpulling manifest [K
pulling 2af3b81862c6:  18% ▕███               ▏ 112 MB/637 MB  4.8 MB/s   1m50s[K[?25h[?2026l[?2026h[?25l[A[1Gpulling manifest [K
pulling 2af3b81862c6:  18% ▕███               ▏ 112 MB/637 MB  4.8 MB/s   1m50s[K[?25h[?2026l[?2026h[?25l[A[1Gpulling manifest [K
pulling 2af3b81862c6:  18% ▕███               ▏ 112 MB/637 MB  4.8 MB/s   1m50s[K[?25h[?2026l[?2026h[?25l[A[1Gpulling manifest [K
pulling 2af3b81862c6:  18% ▕███               ▏ 113 MB/637 MB  4.8 MB/s   1m50s[K[?25h[?2026l[?2026h[?25l[A[1Gpulling manifest [K
pulling 2af3b81862c6:  18% ▕███               ▏ 113 MB/637 MB  4.8 MB/s   1m49s[K[?25h[?2026l[?2026h[?25l[A[1Gpulling manifest [K
pulling 2af3b81862c6:  18% ▕███               ▏ 114 MB/637 MB  4.8 MB/s   1m49s[K[?25h[?2026l[?2026h[?25l[A[1Gpulling manifest [K
pulling 2af3b81862c6:  18% ▕███               ▏ 115 MB/637 MB  4.8 MB/s   1m49s[K[?25h[?2026l[?2026h[?25l[A[1Gpulling manifest [K
pulling 2af3b81862c6:  18% ▕███               ▏ 116 MB/637 MB  4.8 MB/s   1m49s[K[?25h[?2026l[?2026h[?25l[A[1Gpulling manifest [K
pulling 2af3b81862c6:  18% ▕███               ▏ 116 MB/637 MB  4.8 MB/s   1m49s[K[?25h[?2026l[?2026h[?25l[A[1Gpulling manifest [K
pulling 2af3b81862c6:  18% ▕███               ▏ 116 MB/637 MB  4.7 MB/s   1m49s[K[?25h[?2026l[?2026h[?25l[A[1Gpulling manifest [K
pulling 2af3b81862c6:  18% ▕███               ▏ 117 MB/637 MB  4.7 MB/s   1m49s[K[?25h[?2026l[?2026h[?25l[A[1Gpulling manifest [K
pulling 2af3b81862c6:  18% ▕███               ▏ 117 MB/637 MB  4.7 MB/s   1m49s[K[?25h[?2026l[?2026h[?25l[A[1Gpulling manifest [K
pulling 2af3b81862c6:  18% ▕███               ▏ 117 MB/637 MB  4.7 MB/s   1m49s[K[?25h[?2026l[?2026h[?25l[A[1Gpulling manifest [K
pulling 2af3b81862c6:  19% ▕███               ▏ 118 MB/637 MB  4.7 MB/s   1m49s[K[?25h[?2026l[?2026h[?25l[1Gpulling manifest ⠋ [K[?25h[?2026l[?2026h[?25l[1Gpulling manifest ⠹ [K[?25h[?2026l[?2026h[?25l[1Gpulling manifest ⠹ [K[?25h[?2026l[?2026h[?25l[1Gpulling manifest ⠸ [K[?25h[?2026l[?2026h[?25l[1Gpulling manifest ⠼ [K[?25h[?2026l[?2026h[?25l[1Gpulling manifest ⠴ [K[?25h[?2026l[?2026h[?25l[1Gpulling manifest ⠦ [K[?25h[?2026l[?2026h[?25l[1Gpulling manifest ⠧ [K[?25h[?2026l[?2026h[?25l[1Gpulling manifest ⠇ [K[?25h[?2026l[?2026h[?25l[1Gpulling manifest ⠏ [K[?25h[?2026l[?2026h[?25l[1Gpulling manifest ⠋ [K[?25h[?2026l[?2026h[?25l[1Gpulling manifest ⠙ [K[?25h[?2026l[?2026h[?25l[1Gpulling manifest ⠹ [K[?25h[?2026l[?2026h[?25l[1Gpulling manifest ⠸ [K[?25h[?2026l[?2026h[?25l[1Gpulling manifest ⠼ [K[?25h[?2026l[?2026h[?25l[1Gpulling manifest ⠴ [K[?25h[?2026l[?2026h[?25l[1Gpulling manifest ⠦ [K[?25h[?2026l[?2026h[?25l[1Gpulling manifest ⠧ [K[?25h[?2026l[?2026h[?25l[1Gpulling manifest ⠇ [K[?25h[?2026l[?2026h[?25l[1Gpulling manifest ⠋ [K[?25h[?2026l[?2026h[?25l[1Gpulling manifest ⠋ [K[?25h[?2026l[?2026h[?25l[1Gpulling manifest ⠙ [K[?25h[?2026l[?2026h[?25l[1Gpulling manifest ⠸ [K[?25h[?2026l[?2026h[?25l[1Gpulling manifest ⠸ [K[?25h[?2026l[?2026h[?25l[1Gpulling manifest ⠼ [K[?25h[?2026l[?2026h[?25l[1Gpulling manifest ⠴ [K[?25h[?2026l[?2026h[?25l[1Gpulling manifest ⠦ [K[?25h[?2026l[?2026h[?25l[1Gpulling manifest ⠧ [K[?25h[?2026l[?2026h[?25l[1Gpulling manifest ⠏ [K[?25h[?2026l[?2026h[?25l[1Gpulling manifest ⠏ [K[?25h[?2026l[?2026h[?25l[1Gpulling manifest ⠋ [K[?25h[?2026l[?2026h[?25l[1Gpulling manifest ⠹ [K[?25h[?2026l[?2026h[?25l[1Gpulling manifest [K
pulling 2af3b81862c6:  39% ▕███████           ▏ 251 MB/637 MB                  [K[?25h[?2026l[?2026h[?25l[A[1Gpulling manifest [K
pulling 2af3b81862c6:  39% ▕███████           ▏ 251 MB/637 MB                  [K[?25h[?2026l[?2026h[?25l[A[1Gpulling manifest [K
pulling 2af3b81862c6:  39% ▕███████           ▏ 251 MB/637 MB                  [K[?25h[?2026l[?2026h[?25l[A[1Gpulling manifest [K
pulling 2af3b81862c6:  39% ▕███████           ▏ 251 MB/637 MB                  [K[?25h[?2026l[?2026h[?25l[A[1Gpulling manifest [K
pulling 2af3b81862c6:  39% ▕███████           ▏ 251 MB/637 MB                  [K[?25h[?2026l[?2026h[?25l[A[1Gpulling manifest [K
pulling 2af3b81862c6:  39% ▕███████           ▏ 251 MB/637 MB                  [K[?25h[?2026l[?2026h[?25l[A[1Gpulling manifest [K
pulling 2af3b81862c6:  39% ▕███████           ▏ 251 MB/637 MB                  [K[?25h[?2026l[?2026h[?25l[A[1Gpulling manifest [K
pulling 2af3b81862c6:  39% ▕███████           ▏ 251 MB/637 MB                  [K[?25h[?2026l[?2026h[?25l[A[1Gpulling manifest [K
pulling 2af3b81862c6:  39% ▕███████           ▏ 251 MB/637 MB                  [K[?25h[?2026l[?2026h[?25l[A[1Gpulling manifest [K
pulling 2af3b81862c6:  39% ▕███████           ▏ 251 MB/637 MB                  [K[?25h[?2026l[?2026h[?25l[A[1Gpulling manifest [K
pulling 2af3b81862c6:  39% ▕███████           ▏ 251 MB/637 MB                  [K[?25h[?2026l[?2026h[?25l[A[1Gpulling manifest [K
pulling 2af3b81862c6:  40% ▕███████           ▏ 252 MB/637 MB                  [K[?25h[?2026l[?2026h[?25l[A[1Gpulling manifest [K
pulling 2af3b81862c6:  40% ▕███████           ▏ 253 MB/637 MB                  [K[?25h[?2026l[?2026h[?25l[A[1Gpulling manifest [K
pulling 2af3b81862c6:  40% ▕███████           ▏ 253 MB/637 MB                  [K[?25h[?2026l[?2026h[?25l[A[1Gpulling manifest [K
pulling 2af3b81862c6:  40% ▕███████           ▏ 253 MB/637 MB                  [K[?25h[?2026l[?2026h[?25l[A[1Gpulling manifest [K
pulling 2af3b81862c6:  40% ▕███████           ▏ 253 MB/637 MB                  [K[?25h[?2026l[?2026h[?25l[A[1Gpulling manifest [K
pulling 2af3b81862c6:  40% ▕███████           ▏ 253 MB/637 MB                  [K[?25h[?2026l[?2026h[?25l[A[1Gpulling manifest [K
pulling 2af3b81862c6:  40% ▕███████           ▏ 253 MB/637 MB                  [K[?25h[?2026l[?2026h[?25l[A[1Gpulling manifest [K
pulling 2af3b81862c6:  40% ▕███████           ▏ 254 MB/637 MB                  [K[?25h[?2026l[?2026h[?25l[A[1Gpulling manifest [K
pulling 2af3b81862c6:  40% ▕███████           ▏ 254 MB/637 MB                  [K[?25h[?2026l[?2026h[?25l[A[1Gpulling manifest [K
pulling 2af3b81862c6:  40% ▕███████           ▏ 255 MB/637 MB  2.0 MB/s    3m9s[K[?25h[?2026l[?2026h[?25l[A[1Gpulling manifest [K
pulling 2af3b81862c6:  40% ▕███████           ▏ 256 MB/637 MB  2.0 MB/s    3m9s[K[?25h[?2026l[?2026h[?25l[A[1Gpulling manifest [K
pulling 2af3b81862c6:  40% ▕███████           ▏ 256 MB/637 MB  2.0 MB/s    3m8s[K[?25h[?2026l[?2026h[?25l[A[1Gpulling manifest [K
pulling 2af3b81862c6:  40% ▕███████           ▏ 257 MB/637 MB  2.0 MB/s    3m8s[K[?25h[?2026l[?2026h[?25l[A[1Gpulling manifest [K
pulling 2af3b81862c6:  41% ▕███████           ▏ 258 MB/637 MB  2.0 MB/s    3m8s[K[?25h[?2026l[?2026h[?25l[A[1Gpulling manifest [K
pulling 2af3b81862c6:  41% ▕███████           ▏ 258 MB/637 MB  2.0 MB/s    3m8s[K[?25h[?2026l[?2026h[?25l[A[1Gpulling manifest [K
pulling 2af3b81862c6:  41% ▕███████           ▏ 259 MB/637 MB  2.0 MB/s    3m7s[K[?25h[?2026l[?2026h[?25l[A[1Gpulling manifest [K
pulling 2af3b81862c6:  41% ▕███████           ▏ 259 MB/637 MB  2.0 MB/s    3m7s[K[?25h[?2026l[?2026h[?25l[A[1Gpulling manifest [K
pulling 2af3b81862c6:  41% ▕███████           ▏ 260 MB/637 MB  2.0 MB/s    3m7s[K[?25h[?2026l[?2026h[?25l[A[1Gpulling manifest [K
pulling 2af3b81862c6:  41% ▕███████           ▏ 260 MB/637 MB  2.0 MB/s    3m6s[K[?25h[?2026l[?2026h[?25l[A[1Gpulling manifest [K
pulling 2af3b81862c6:  41% ▕███████           ▏ 261 MB/637 MB  3.1 MB/s   1m59s[K[?25h[?2026l[?2026h[?25l[A[1Gpulling manifest [K
pulling 2af3b81862c6:  41% ▕███████           ▏ 261 MB/637 MB  3.1 MB/s   1m59s[K[?25h[?2026l[?2026h[?25l[A[1Gpulling manifest [K
pulling 2af3b81862c6:  41% ▕███████           ▏ 262 MB/637 MB  3.1 MB/s   1m59s[K[?25h[?2026l[?2026h[?25l[A[1Gpulling manifest [K
pulling 2af3b81862c6:  41% ▕███████           ▏ 262 MB/637 MB  3.1 MB/s   1m59s[K[?25h[?2026l[?2026h[?25l[A[1Gpulling manifest [K
pulling 2af3b81862c6:  41% ▕███████           ▏ 262 MB/637 MB  3.1 MB/s   1m59s[K[?25h[?2026l[?2026h[?25l[A[1Gpulling manifest [K
pulling 2af3b81862c6:  41% ▕███████           ▏ 263 MB/637 MB  3.1 MB/s   1m59s[K[?25h[?2026l[?2026h[?25l[A[1Gpulling manifest [K
pulling 2af3b81862c6:  41% ▕███████           ▏ 264 MB/637 MB  3.1 MB/s   1m59s[K[?25h[?2026l[?2026h[?25l[A[1Gpulling manifest [K
pulling 2af3b81862c6:  41% ▕███████           ▏ 264 MB/637 MB  3.1 MB/s   1m58s[K[?25h[?2026l[?2026h[?25l[A[1Gpulling manifest [K
pulling 2af3b81862c6:  42% ▕███████           ▏ 264 MB/637 MB  3.1 MB/s   1m58s[K[?25h[?2026l[?2026h[?25l[A[1Gpulling manifest [K
pulling 2af3b81862c6:  42% ▕███████           ▏ 265 MB/637 MB  3.1 MB/s   1m58s[K[?25h[?2026l[?2026h[?25l[A[1Gpulling manifest [K
pulling 2af3b81862c6:  42% ▕███████           ▏ 265 MB/637 MB  3.1 MB/s   1m58s[K[?25h[?2026l[?2026h[?25l[A[1Gpulling manifest [K
pulling 2af3b81862c6:  42% ▕███████           ▏ 266 MB/637 MB  3.6 MB/s   1m43s[K[?25h[?2026l[?2026h[?25l[A[1Gpulling manifest [K
pulling 2af3b81862c6:  42% ▕███████           ▏ 267 MB/637 MB  3.6 MB/s   1m43s[K[?25h[?2026l[?2026h[?25l[A[1Gpulling manifest [K
pulling 2af3b81862c6:  42% ▕███████           ▏ 267 MB/637 MB  3.6 MB/s   1m43s[K[?25h[?2026l[?2026h[?25l[A[1Gpulling manifest [K
pulling 2af3b81862c6:  42% ▕███████           ▏ 267 MB/637 MB  3.6 MB/s   1m42s[K[?25h[?2026l[?2026h[?25l[A[1Gpulling manifest [K
pulling 2af3b81862c6:  42% ▕███████           ▏ 268 MB/637 MB  3.6 MB/s   1m42s[K[?25h[?2026l[?2026h[?25l[A[1Gpulling manifest [K
pulling 2af3b81862c6:  42% ▕███████           ▏ 268 MB/637 MB  3.6 MB/s   1m42s[K[?25h[?2026l[?2026h[?25l[A[1Gpulling manifest [K
pulling 2af3b81862c6:  42% ▕███████           ▏ 269 MB/637 MB  3.6 MB/s   1m42s[K[?25h[?2026l[?2026h[?25l[A[1Gpulling manifest [K
pulling 2af3b81862c6:  42% ▕███████           ▏ 270 MB/637 MB  3.6 MB/s   1m42s[K[?25h[?2026l[?2026h[?25l[A[1Gpulling manifest [K
pulling 2af3b81862c6:  42% ▕███████           ▏ 270 MB/637 MB  3.6 MB/s   1m42s[K[?25h[?2026l[?2026h[?25l[A[1Gpulling manifest [K
pulling 2af3b81862c6:  42% ▕███████           ▏ 270 MB/637 MB  3.6 MB/s   1m42s[K[?25h[?2026l[?2026h[?25l[A[1Gpulling manifest [K
pulling 2af3b81862c6:  43% ▕███████           ▏ 271 MB/637 MB  3.9 MB/s   1m35s[K[?25h[?2026l[?2026h[?25l[A[1Gpulling manifest [K
pulling 2af3b81862c6:  43% ▕███████           ▏ 271 MB/637 MB  3.9 MB/s   1m35s[K[?25h[?2026l[?2026h[?25l[A[1Gpulling manifest [K
pulling 2af3b81862c6:  43% ▕███████           ▏ 272 MB/637 MB  3.9 MB/s   1m34s[K[?25h[?2026l[?2026h[?25l[A[1Gpulling manifest [K
pulling 2af3b81862c6:  43% ▕███████           ▏ 272 MB/637 MB  3.9 MB/s   1m34s[K[?25h[?2026l[?2026h[?25l[A[1Gpulling manifest [K
pulling 2af3b81862c6:  43% ▕███████           ▏ 273 MB/637 MB  3.9 MB/s   1m34s[K[?25h[?2026l[?2026h[?25l[A[1Gpulling manifest [K
pulling 2af3b81862c6:  43% ▕███████           ▏ 273 MB/637 MB  3.9 MB/s   1m34s[K[?25h[?2026l[?2026h[?25l[A[1Gpulling manifest [K
pulling 2af3b81862c6:  43% ▕███████           ▏ 274 MB/637 MB  3.9 MB/s   1m34s[K[?25h[?2026l[?2026h[?25l[A[1Gpulling manifest [K
pulling 2af3b81862c6:  43% ▕███████           ▏ 274 MB/637 MB  3.9 MB/s   1m34s[K[?25h[?2026l[?2026h[?25l[A[1Gpulling manifest [K
pulling 2af3b81862c6:  43% ▕███████           ▏ 275 MB/637 MB  3.9 MB/s   1m34s[K[?25h[?2026l[?2026h[?25l[A[1Gpulling manifest [K
pulling 2af3b81862c6:  43% ▕███████           ▏ 275 MB/637 MB  3.9 MB/s   1m33s[K[?25h[?2026l[?2026h[?25l[A[1Gpulling manifest [K
pulling 2af3b81862c6:  43% ▕███████           ▏ 275 MB/637 MB  4.0 MB/s   1m29s[K[?25h[?2026l[?2026h[?25l[A[1Gpulling manifest [K
pulling 2af3b81862c6:  43% ▕███████           ▏ 276 MB/637 MB  4.0 MB/s   1m29s[K[?25h[?2026l[?2026h[?25l[A[1Gpulling manifest [K
pulling 2af3b81862c6:  43% ▕███████           ▏ 277 MB/637 MB  4.0 MB/s   1m29s[K[?25h[?2026l[?2026h[?25l[A[1Gpulling manifest [K
pulling 2af3b81862c6:  44% ▕███████           ▏ 277 MB/637 MB  4.0 MB/s   1m29s[K[?25h[?2026l[?2026h[?25l[A[1Gpulling manifest [K
pulling 2af3b81862c6:  44% ▕███████           ▏ 278 MB/637 MB  4.0 MB/s   1m29s[K[?25h[?2026l[?2026h[?25l[A[1Gpulling manifest [K
pulling 2af3b81862c6:  44% ▕███████           ▏ 278 MB/637 MB  4.0 MB/s   1m29s[K[?25h[?2026l[?2026h[?25l[A[1Gpulling manifest [K
pulling 2af3b81862c6:  44% ▕███████           ▏ 278 MB/637 MB  4.0 MB/s   1m29s[K[?25h[?2026l[?2026h[?25l[A[1Gpulling manifest [K
pulling 2af3b81862c6:  44% ▕███████           ▏ 279 MB/637 MB  4.0 MB/s   1m29s[K[?25h[?2026l[?2026h[?25l[A[1Gpulling manifest [K
pulling 2af3b81862c6:  44% ▕███████           ▏ 279 MB/637 MB  4.0 MB/s   1m29s[K[?25h[?2026l[?2026h[?25l[A[1Gpulling manifest [K
pulling 2af3b81862c6:  44% ▕███████           ▏ 280 MB/637 MB  4.0 MB/s   1m28s[K[?25h[?2026l[?2026h[?25l[A[1Gpulling manifest [K
pulling 2af3b81862c6:  44% ▕███████           ▏ 280 MB/637 MB  4.1 MB/s   1m26s[K[?25h[?2026l[?2026h[?25l[A[1Gpulling manifest [K
pulling 2af3b81862c6:  44% ▕███████           ▏ 281 MB/637 MB  4.1 MB/s   1m25s[K[?25h[?2026l[?2026h[?25l[A[1Gpulling manifest [K
pulling 2af3b81862c6:  44% ▕███████           ▏ 281 MB/637 MB  4.1 MB/s   1m25s[K[?25h[?2026l[?2026h[?25l[A[1Gpulling manifest [K
pulling 2af3b81862c6:  44% ▕███████           ▏ 282 MB/637 MB  4.1 MB/s   1m25s[K[?25h[?2026l[?2026h[?25l[A[1Gpulling manifest [K
pulling 2af3b81862c6:  44% ▕███████           ▏ 282 MB/637 MB  4.1 MB/s   1m25s[K[?25h[?2026l[?2026h[?25l[A[1Gpulling manifest [K
pulling 2af3b81862c6:  44% ▕███████           ▏ 283 MB/637 MB  4.1 MB/s   1m25s[K[?25h[?2026l[?2026h[?25l[A[1Gpulling manifest [K
pulling 2af3b81862c6:  45% ▕████████          ▏ 283 MB/637 MB  4.1 MB/s   1m25s[K[?25h[?2026l[?2026h[?25l[A[1Gpulling manifest [K
pulling 2af3b81862c6:  45% ▕████████          ▏ 284 MB/637 MB  4.1 MB/s   1m25s[K[?25h[?2026l[?2026h[?25l[A[1Gpulling manifest [K
pulling 2af3b81862c6:  45% ▕████████          ▏ 284 MB/637 MB  4.1 MB/s   1m25s[K[?25h[?2026l[?2026h[?25l[A[1Gpulling manifest [K
pulling 2af3b81862c6:  45% ▕████████          ▏ 285 MB/637 MB  4.1 MB/s   1m25s[K[?25h[?2026l[?2026h[?25l[A[1Gpulling manifest [K
pulling 2af3b81862c6:  45% ▕████████          ▏ 285 MB/637 MB  4.3 MB/s   1m22s[K[?25h[?2026l[?2026h[?25l[A[1Gpulling manifest [K
pulling 2af3b81862c6:  45% ▕████████          ▏ 286 MB/637 MB  4.3 MB/s   1m22s[K[?25h[?2026l[?2026h[?25l[A[1Gpulling manifest [K
pulling 2af3b81862c6:  45% ▕████████          ▏ 286 MB/637 MB  4.3 MB/s   1m22s[K[?25h[?2026l[?2026h[?25l[A[1Gpulling manifest [K
pulling 2af3b81862c6:  45% ▕████████          ▏ 287 MB/637 MB  4.3 MB/s   1m22s[K[?25h[?2026l[?2026h[?25l[A[1Gpulling manifest [K
pulling 2af3b81862c6:  45% ▕████████          ▏ 287 MB/637 MB  4.3 MB/s   1m22s[K[?25h[?2026l[?2026h[?25l[A[1Gpulling manifest [K
pulling 2af3b81862c6:  45% ▕████████          ▏ 288 MB/637 MB  4.3 MB/s   1m22s[K[?25h[?2026l[?2026h[?25l[A[1Gpulling manifest [K
pulling 2af3b81862c6:  45% ▕████████          ▏ 288 MB/637 MB  4.3 MB/s   1m22s[K[?25h[?2026l[?2026h[?25l[A[1Gpulling manifest [K
pulling 2af3b81862c6:  45% ▕████████          ▏ 288 MB/637 MB  4.3 MB/s   1m22s[K[?25h[?2026l[?2026h[?25l[A[1Gpulling manifest [K
pulling 2af3b81862c6:  45% ▕████████          ▏ 289 MB/637 MB  4.3 MB/s   1m21s[K[?25h[?2026l[?2026h[?25l[A[1Gpulling manifest [K
pulling 2af3b81862c6:  46% ▕████████          ▏ 290 MB/637 MB  4.3 MB/s   1m21s[K[?25h[?2026l[?2026h[?25l[A[1Gpulling manifest [K
pulling 2af3b81862c6:  46% ▕████████          ▏ 290 MB/637 MB  4.3 MB/s   1m21s[K[?25h[?2026l[?2026h[?25l[A[1Gpulling manifest [K
pulling 2af3b81862c6:  46% ▕████████          ▏ 290 MB/637 MB  4.3 MB/s   1m20s[K[?25h[?2026l[?2026h[?25l[A[1Gpulling manifest [K
pulling 2af3b81862c6:  46% ▕████████          ▏ 291 MB/637 MB  4.3 MB/s   1m20s[K[?25h[?2026l[?2026h[?25l[A[1Gpulling manifest [K
pulling 2af3b81862c6:  46% ▕████████          ▏ 291 MB/637 MB  4.3 MB/s   1m20s[K[?25h[?2026l[?2026h[?25l[A[1Gpulling manifest [K
pulling 2af3b81862c6:  46% ▕████████          ▏ 292 MB/637 MB  4.3 MB/s   1m19s[K[?25h[?2026l[?2026h[?25l[A[1Gpulling manifest [K
pulling 2af3b81862c6:  46% ▕████████          ▏ 292 MB/637 MB  4.3 MB/s   1m19s[K[?25h[?2026l[?2026h[?25l[A[1Gpulling manifest [K
pulling 2af3b81862c6:  46% ▕████████          ▏ 293 MB/637 MB  4.3 MB/s   1m19s[K[?25h[?2026l[?2026h[?25l[A[1Gpulling manifest [K
pulling 2af3b81862c6:  46% ▕████████          ▏ 293 MB/637 MB  4.3 MB/s   1m19s[K[?25h[?2026l[?2026h[?25l[A[1Gpulling manifest [K
pulling 2af3b81862c6:  46% ▕████████          ▏ 294 MB/637 MB  4.3 MB/s   1m19s[K[?25h[?2026l[?2026h[?25l[A[1Gpulling manifest [K
pulling 2af3b81862c6:  46% ▕████████          ▏ 294 MB/637 MB  4.3 MB/s   1m19s[K[?25h[?2026l[?2026h[?25l[A[1Gpulling manifest [K
pulling 2af3b81862c6:  46% ▕████████          ▏ 295 MB/637 MB  4.3 MB/s   1m19s[K[?25h[?2026l[?2026h[?25l[A[1Gpulling manifest [K
pulling 2af3b81862c6:  46% ▕████████          ▏ 296 MB/637 MB  4.9 MB/s   1m10s[K[?25h[?2026l[?2026h[?25l[A[1Gpulling manifest [K
pulling 2af3b81862c6:  46% ▕████████          ▏ 296 MB/637 MB  4.9 MB/s   1m10s[K[?25h[?2026l[?2026h[?25l[A[1Gpulling manifest [K
pulling 2af3b81862c6:  47% ▕████████          ▏ 296 MB/637 MB  4.9 MB/s    1m9s[K[?25h[?2026l[?2026h[?25l[A[1Gpulling manifest [K
pulling 2af3b81862c6:  47% ▕████████          ▏ 297 MB/637 MB  4.9 MB/s    1m9s[K[?25h[?2026l[?2026h[?25l[A[1Gpulling manifest [K
pulling 2af3b81862c6:  47% ▕████████          ▏ 297 MB/637 MB  4.9 MB/s    1m9s[K[?25h[?2026l[?2026h[?25l[A[1Gpulling manifest [K
pulling 2af3b81862c6:  47% ▕████████          ▏ 298 MB/637 MB  4.9 MB/s    1m9s[K[?25h[?2026l[?2026h[?25l[A[1Gpulling manifest [K
pulling 2af3b81862c6:  47% ▕████████          ▏ 298 MB/637 MB  4.9 MB/s    1m9s[K[?25h[?2026l[?2026h[?25l[A[1Gpulling manifest [K
pulling 2af3b81862c6:  47% ▕████████          ▏ 299 MB/637 MB  4.9 MB/s    1m9s[K[?25h[?2026l[?2026h[?25l[A[1Gpulling manifest [K
pulling 2af3b81862c6:  47% ▕████████          ▏ 299 MB/637 MB  4.9 MB/s    1m9s[K[?25h[?2026l[?2026h[?25l[A[1Gpulling manifest [K
pulling 2af3b81862c6:  47% ▕████████          ▏ 300 MB/637 MB  4.9 MB/s    1m9s[K[?25h[?2026l[?2026h[?25l[A[1Gpulling manifest [K
pulling 2af3b81862c6:  47% ▕████████          ▏ 300 MB/637 MB  5.0 MB/s    1m7s[K[?25h[?2026l[?2026h[?25l[A[1Gpulling manifest [K
pulling 2af3b81862c6:  47% ▕████████          ▏ 301 MB/637 MB  5.0 MB/s    1m7s[K[?25h[?2026l[?2026h[?25l[A[1Gpulling manifest [K
pulling 2af3b81862c6:  47% ▕████████          ▏ 301 MB/637 MB  5.0 MB/s    1m7s[K[?25h[?2026l[?2026h[?25l[A[1Gpulling manifest [K
pulling 2af3b81862c6:  47% ▕████████          ▏ 302 MB/637 MB  5.0 MB/s    1m7s[K[?25h[?2026l[?2026h[?25l[A[1Gpulling manifest [K
pulling 2af3b81862c6:  47% ▕████████          ▏ 302 MB/637 MB  5.0 MB/s    1m7s[K[?25h[?2026l[?2026h[?25l[A[1Gpulling manifest [K
pulling 2af3b81862c6:  48% ▕████████          ▏ 302 MB/637 MB  5.0 MB/s    1m7s[K[?25h[?2026l[?2026h[?25l[A[1Gpulling manifest [K
pulling 2af3b81862c6:  48% ▕████████          ▏ 303 MB/637 MB  5.0 MB/s    1m7s[K[?25h[?2026l[?2026h[?25l[A[1Gpulling manifest [K
pulling 2af3b81862c6:  48% ▕████████          ▏ 303 MB/637 MB  5.0 MB/s    1m7s[K[?25h[?2026l[?2026h[?25l[A[1Gpulling manifest [K
pulling 2af3b81862c6:  48% ▕████████          ▏ 304 MB/637 MB  5.0 MB/s    1m7s[K[?25h[?2026l[?2026h[?25l[A[1Gpulling manifest [K
pulling 2af3b81862c6:  48% ▕████████          ▏ 304 MB/637 MB  5.0 MB/s    1m6s[K[?25h[?2026l[?2026h[?25l[A[1Gpulling manifest [K
pulling 2af3b81862c6:  48% ▕████████          ▏ 305 MB/637 MB  4.9 MB/s    1m7s[K[?25h[?2026l[?2026h[?25l[A[1Gpulling manifest [K
pulling 2af3b81862c6:  48% ▕████████          ▏ 305 MB/637 MB  4.9 MB/s    1m7s[K[?25h[?2026l[?2026h[?25l[A[1Gpulling manifest [K
pulling 2af3b81862c6:  48% ▕████████          ▏ 306 MB/637 MB  4.9 MB/s    1m7s[K[?25h[?2026l[?2026h[?25l[A[1Gpulling manifest [K
pulling 2af3b81862c6:  48% ▕████████          ▏ 306 MB/637 MB  4.9 MB/s    1m7s[K[?25h[?2026l[?2026h[?25l[A[1Gpulling manifest [K
pulling 2af3b81862c6:  48% ▕████████          ▏ 307 MB/637 MB  4.9 MB/s    1m7s[K[?25h[?2026l[?2026h[?25l[A[1Gpulling manifest [K
pulling 2af3b81862c6:  48% ▕████████          ▏ 307 MB/637 MB  4.9 MB/s    1m7s[K[?25h[?2026l[?2026h[?25l[A[1Gpulling manifest [K
pulling 2af3b81862c6:  48% ▕████████          ▏ 308 MB/637 MB  4.9 MB/s    1m7s[K[?25h[?2026l[?2026h[?25l[A[1Gpulling manifest [K
pulling 2af3b81862c6:  49% ▕████████          ▏ 309 MB/637 MB  4.9 MB/s    1m6s[K[?25h[?2026l[?2026h[?25l[A[1Gpulling manifest [K
pulling 2af3b81862c6:  49% ▕████████          ▏ 309 MB/637 MB  4.9 MB/s    1m6s[K[?25h[?2026l[?2026h[?25l[A[1Gpulling manifest [K
pulling 2af3b81862c6:  49% ▕████████          ▏ 309 MB/637 MB  4.9 MB/s    1m6s[K[?25h[?2026l[?2026h[?25l[A[1Gpulling manifest [K
pulling 2af3b81862c6:  49% ▕████████          ▏ 310 MB/637 MB  4.9 MB/s    1m6s[K[?25h[?2026l[?2026h[?25l[A[1Gpulling manifest [K
pulling 2af3b81862c6:  49% ▕████████          ▏ 310 MB/637 MB  4.9 MB/s    1m6s[K[?25h[?2026l[?2026h[?25l[A[1Gpulling manifest [K
pulling 2af3b81862c6:  49% ▕████████          ▏ 311 MB/637 MB  4.9 MB/s    1m6s[K[?25h[?2026l[?2026h[?25l[A[1Gpulling manifest [K
pulling 2af3b81862c6:  49% ▕████████          ▏ 311 MB/637 MB  4.9 MB/s    1m6s[K[?25h[?2026l[?2026h[?25l[A[1Gpulling manifest [K
pulling 2af3b81862c6:  49% ▕████████          ▏ 311 MB/637 MB  4.9 MB/s    1m6s[K[?25h[?2026l[?2026h[?25l[A[1Gpulling manifest [K
pulling 2af3b81862c6:  49% ▕████████          ▏ 312 MB/637 MB  4.9 MB/s    1m6s[K[?25h[?2026l[?2026h[?25l[A[1Gpulling manifest [K
pulling 2af3b81862c6:  49% ▕████████          ▏ 313 MB/637 MB  4.9 MB/s    1m6s[K[?25h[?2026l[?2026h[?25l[A[1Gpulling manifest [K
pulling 2af3b81862c6:  49% ▕████████          ▏ 313 MB/637 MB  4.9 MB/s    1m6s[K[?25h[?2026l[?2026h[?25l[A[1Gpulling manifest [K
pulling 2af3b81862c6:  49% ▕████████          ▏ 313 MB/637 MB  4.9 MB/s    1m6s[K[?25h[?2026l[?2026h[?25l[A[1Gpulling manifest [K
pulling 2af3b81862c6:  49% ▕████████          ▏ 314 MB/637 MB  4.9 MB/s    1m5s[K[?25h[?2026l[?2026h[?25l[A[1Gpulling manifest [K
pulling 2af3b81862c6:  49% ▕████████          ▏ 315 MB/637 MB  4.9 MB/s    1m5s[K[?25h[?2026l[?2026h[?25l[A[1Gpulling manifest [K
pulling 2af3b81862c6:  49% ▕████████          ▏ 315 MB/637 MB  4.9 MB/s    1m5s[K[?25h[?2026l[?2026h[?25l[A[1Gpulling manifest [K
pulling 2af3b81862c6:  50% ▕████████          ▏ 316 MB/637 MB  4.9 MB/s    1m5s[K[?25h[?2026l[?2026h[?25l[A[1Gpulling manifest [K
pulling 2af3b81862c6:  50% ▕████████          ▏ 316 MB/637 MB  4.9 MB/s    1m5s[K[?25h[?2026l[?2026h[?25l[A[1Gpulling manifest [K
pulling 2af3b81862c6:  50% ▕████████          ▏ 317 MB/637 MB  4.9 MB/s    1m5s[K[?25h[?2026l[?2026h[?25l[A[1Gpulling manifest [K
pulling 2af3b81862c6:  50% ▕████████          ▏ 317 MB/637 MB  4.9 MB/s    1m5s[K[?25h[?2026l[?2026h[?25l[A[1Gpulling manifest [K
pulling 2af3b81862c6:  50% ▕████████          ▏ 317 MB/637 MB  4.9 MB/s    1m5s[K[?25h[?2026l[?2026h[?25l[A[1Gpulling manifest [K
pulling 2af3b81862c6:  50% ▕████████          ▏ 318 MB/637 MB  4.9 MB/s    1m4s[K[?25h[?2026l[?2026h[?25l[A[1Gpulling manifest [K
pulling 2af3b81862c6:  50% ▕█████████         ▏ 319 MB/637 MB  4.9 MB/s    1m4s[K[?25h[?2026l[?2026h[?25l[A[1Gpulling manifest [K
pulling 2af3b81862c6:  50% ▕█████████         ▏ 319 MB/637 MB  4.9 MB/s    1m4s[K[?25h[?2026l[?2026h[?25l[A[1Gpulling manifest [K
pulling 2af3b81862c6:  50% ▕█████████         ▏ 320 MB/637 MB  4.9 MB/s    1m4s[K[?25h[?2026l[?2026h[?25l[A[1Gpulling manifest [K
pulling 2af3b81862c6:  50% ▕█████████         ▏ 320 MB/637 MB  4.9 MB/s    1m4s[K[?25h[?2026l[?2026h[?25l[A[1Gpulling manifest [K
pulling 2af3b81862c6:  50% ▕█████████         ▏ 320 MB/637 MB  4.9 MB/s    1m4s[K[?25h[?2026l[?2026h[?25l[A[1Gpulling manifest [K
pulling 2af3b81862c6:  50% ▕█████████         ▏ 321 MB/637 MB  4.9 MB/s    1m4s[K[?25h[?2026l[?2026h[?25l[A[1Gpulling manifest [K
pulling 2af3b81862c6:  50% ▕█████████         ▏ 321 MB/637 MB  4.9 MB/s    1m4s[K[?25h[?2026l[?2026h[?25l[A[1Gpulling manifest [K
pulling 2af3b81862c6:  51% ▕█████████         ▏ 322 MB/637 MB  4.9 MB/s    1m4s[K[?25h[?2026l[?2026h[?25l[A[1Gpulling manifest [K
pulling 2af3b81862c6:  51% ▕█████████         ▏ 322 MB/637 MB  4.9 MB/s    1m4s[K[?25h[?2026l[?2026h[?25l[A[1Gpulling manifest [K
pulling 2af3b81862c6:  51% ▕█████████         ▏ 323 MB/637 MB  4.9 MB/s    1m3s[K[?25h[?2026l[?2026h[?25l[A[1Gpulling manifest [K
pulling 2af3b81862c6:  51% ▕█████████         ▏ 323 MB/637 MB  4.9 MB/s    1m3s[K[?25h[?2026l[?2026h[?25l[A[1Gpulling manifest [K
pulling 2af3b81862c6:  51% ▕█████████         ▏ 324 MB/637 MB  4.9 MB/s    1m3s[K[?25h[?2026l[?2026h[?25l[A[1Gpulling manifest [K
pulling 2af3b81862c6:  51% ▕█████████         ▏ 324 MB/637 MB  4.9 MB/s    1m3s[K[?25h[?2026l[?2026h[?25l[A[1Gpulling manifest [K
pulling 2af3b81862c6:  51% ▕█████████         ▏ 325 MB/637 MB  4.9 MB/s    1m3s[K[?25h[?2026l[?2026h[?25l[A[1Gpulling manifest [K
pulling 2af3b81862c6:  51% ▕█████████         ▏ 325 MB/637 MB  4.9 MB/s    1m3s[K[?25h[?2026l[?2026h[?25l[A[1Gpulling manifest [K
pulling 2af3b81862c6:  51% ▕█████████         ▏ 326 MB/637 MB  4.9 MB/s    1m3s[K[?25h[?2026l[?2026h[?25l[A[1Gpulling manifest [K
pulling 2af3b81862c6:  51% ▕█████████         ▏ 326 MB/637 MB  4.9 MB/s    1m3s[K[?25h[?2026l[?2026h[?25l[A[1Gpulling manifest [K
pulling 2af3b81862c6:  51% ▕█████████         ▏ 327 MB/637 MB  4.9 MB/s    1m3s[K[?25h[?2026l[?2026h[?25l[A[1Gpulling manifest [K
pulling 2af3b81862c6:  51% ▕█████████         ▏ 327 MB/637 MB  4.9 MB/s    1m2s[K[?25h[?2026l[?2026h[?25l[A[1Gpulling manifest [K
pulling 2af3b81862c6:  51% ▕█████████         ▏ 327 MB/637 MB  4.9 MB/s    1m2s[K[?25h[?2026l[?2026h[?25l[A[1Gpulling manifest [K
pulling 2af3b81862c6:  52% ▕█████████         ▏ 328 MB/637 MB  4.9 MB/s    1m2s[K[?25h[?2026l[?2026h[?25l[A[1Gpulling manifest [K
pulling 2af3b81862c6:  52% ▕█████████         ▏ 329 MB/637 MB  4.9 MB/s    1m2s[K[?25h[?2026l[?2026h[?25l[A[1Gpulling manifest [K
pulling 2af3b81862c6:  52% ▕█████████         ▏ 329 MB/637 MB  4.9 MB/s    1m2s[K[?25h[?2026l[?2026h[?25l[A[1Gpulling manifest [K
pulling 2af3b81862c6:  52% ▕█████████         ▏ 330 MB/637 MB  4.9 MB/s    1m2s[K[?25h[?2026l[?2026h[?25l[A[1Gpulling manifest [K
pulling 2af3b81862c6:  52% ▕█████████         ▏ 330 MB/637 MB  4.9 MB/s    1m2s[K[?25h[?2026l[?2026h[?25l[A[1Gpulling manifest [K
pulling 2af3b81862c6:  52% ▕█████████         ▏ 330 MB/637 MB  4.9 MB/s    1m2s[K[?25h[?2026l[?2026h[?25l[A[1Gpulling manifest [K
pulling 2af3b81862c6:  52% ▕█████████         ▏ 331 MB/637 MB  4.9 MB/s    1m2s[K[?25h[?2026l[?2026h[?25l[A[1Gpulling manifest [K
pulling 2af3b81862c6:  52% ▕█████████         ▏ 332 MB/637 MB  4.9 MB/s    1m1s[K[?25h[?2026l[?2026h[?25l[A[1Gpulling manifest [K
pulling 2af3b81862c6:  52% ▕█████████         ▏ 332 MB/637 MB  4.9 MB/s    1m1s[K[?25h[?2026l[?2026h[?25l[A[1Gpulling manifest [K
pulling 2af3b81862c6:  52% ▕█████████         ▏ 332 MB/637 MB  4.9 MB/s    1m1s[K[?25h[?2026l[?2026h[?25l[A[1Gpulling manifest [K
pulling 2af3b81862c6:  52% ▕█████████         ▏ 332 MB/637 MB  4.9 MB/s    1m1s[K[?25h[?2026l[?2026h[?25l[A[1Gpulling manifest [K
pulling 2af3b81862c6:  52% ▕█████████         ▏ 333 MB/637 MB  4.9 MB/s    1m1s[K[?25h[?2026l[?2026h[?25l[A[1Gpulling manifest [K
pulling 2af3b81862c6:  52% ▕█████████         ▏ 334 MB/637 MB  4.9 MB/s    1m1s[K[?25h[?2026l[?2026h[?25l[A[1Gpulling manifest [K
pulling 2af3b81862c6:  53% ▕█████████         ▏ 334 MB/637 MB  4.9 MB/s    1m1s[K[?25h[?2026l[?2026h[?25l[A[1Gpulling manifest [K
pulling 2af3b81862c6:  53% ▕█████████         ▏ 335 MB/637 MB  4.9 MB/s    1m1s[K[?25h[?2026l[?2026h[?25l[A[1Gpulling manifest [K
pulling 2af3b81862c6:  53% ▕█████████         ▏ 335 MB/637 MB  4.9 MB/s    1m1s[K[?25h[?2026l[?2026h[?25l[A[1Gpulling manifest [K
pulling 2af3b81862c6:  53% ▕█████████         ▏ 335 MB/637 MB  4.9 MB/s    1m1s[K[?25h[?2026l[?2026h[?25l[A[1Gpulling manifest [K
pulling 2af3b81862c6:  53% ▕█████████         ▏ 336 MB/637 MB  4.9 MB/s    1m1s[K[?25h[?2026l[?2026h[?25l[A[1Gpulling manifest [K
pulling 2af3b81862c6:  53% ▕█████████         ▏ 337 MB/637 MB  4.9 MB/s    1m1s[K[?25h[?2026l[?2026h[?25l[A[1Gpulling manifest [K
pulling 2af3b81862c6:  53% ▕█████████         ▏ 338 MB/637 MB  4.9 MB/s    1m1s[K[?25h[?2026l[?2026h[?25l[A[1Gpulling manifest [K
pulling 2af3b81862c6:  53% ▕█████████         ▏ 338 MB/637 MB  4.9 MB/s    1m1s[K[?25h[?2026l[?2026h[?25l[A[1Gpulling manifest [K
pulling 2af3b81862c6:  53% ▕█████████         ▏ 338 MB/637 MB  4.9 MB/s    1m0s[K[?25h[?2026l[?2026h[?25l[A[1Gpulling manifest [K
pulling 2af3b81862c6:  53% ▕█████████         ▏ 338 MB/637 MB  4.9 MB/s    1m0s[K[?25h[?2026l[?2026h[?25l[A[1Gpulling manifest [K
pulling 2af3b81862c6:  53% ▕█████████         ▏ 338 MB/637 MB  4.9 MB/s    1m0s[K[?25h[?2026l[?2026h[?25l[A[1Gpulling manifest [K
pulling 2af3b81862c6:  53% ▕█████████         ▏ 339 MB/637 MB  4.8 MB/s    1m2s[K[?25h[?2026l[?2026h[?25l[A[1Gpulling manifest [K
pulling 2af3b81862c6:  53% ▕█████████         ▏ 340 MB/637 MB  4.8 MB/s    1m1s[K[?25h[?2026l[?2026h[?25l[A[1Gpulling manifest [K
pulling 2af3b81862c6:  53% ▕█████████         ▏ 341 MB/637 MB  4.8 MB/s    1m1s[K[?25h[?2026l[?2026h[?25l[A[1Gpulling manifest [K
pulling 2af3b81862c6:  53% ▕█████████         ▏ 341 MB/637 MB  4.8 MB/s    1m1s[K[?25h[?2026l[?2026h[?25l[A[1Gpulling manifest [K
pulling 2af3b81862c6:  54% ▕█████████         ▏ 342 MB/637 MB  4.8 MB/s    1m1s[K[?25h[?2026l[?2026h[?25l[A[1Gpulling manifest [K
pulling 2af3b81862c6:  54% ▕█████████         ▏ 342 MB/637 MB  4.8 MB/s    1m1s[K[?25h[?2026l[?2026h[?25l[A[1Gpulling manifest [K
pulling 2af3b81862c6:  54% ▕█████████         ▏ 342 MB/637 MB  4.8 MB/s    1m1s[K[?25h[?2026l[?2026h[?25l[A[1Gpulling manifest [K
pulling 2af3b81862c6:  54% ▕█████████         ▏ 342 MB/637 MB  4.8 MB/s    1m1s[K[?25h[?2026l[?2026h[?25l[A[1Gpulling manifest [K
pulling 2af3b81862c6:  54% ▕█████████         ▏ 342 MB/637 MB  4.8 MB/s    1m1s[K[?25h[?2026l[?2026h[?25l[A[1Gpulling manifest [K
pulling 2af3b81862c6:  54% ▕█████████         ▏ 342 MB/637 MB  4.8 MB/s    1m1s[K[?25h[?2026l[?2026h[?25l[A[1Gpulling manifest [K
pulling 2af3b81862c6:  54% ▕█████████         ▏ 344 MB/637 MB  4.9 MB/s     59s[K[?25h[?2026l[?2026h[?25l[A[1Gpulling manifest [K
pulling 2af3b81862c6:  54% ▕█████████         ▏ 344 MB/637 MB  4.9 MB/s     59s[K[?25h[?2026l[?2026h[?25l[A[1Gpulling manifest [K
pulling 2af3b81862c6:  54% ▕█████████         ▏ 344 MB/637 MB  4.9 MB/s     59s[K[?25h[?2026l[?2026h[?25l[A[1Gpulling manifest [K
pulling 2af3b81862c6:  54% ▕█████████         ▏ 344 MB/637 MB  4.9 MB/s     59s[K[?25h[?2026l[?2026h[?25l[A[1Gpulling manifest [K
pulling 2af3b81862c6:  54% ▕█████████         ▏ 345 MB/637 MB  4.9 MB/s     59s[K[?25h[?2026l[?2026h[?25l[A[1Gpulling manifest [K
pulling 2af3b81862c6:  54% ▕█████████         ▏ 345 MB/637 MB  4.9 MB/s     59s[K[?25h[?2026l[?2026h[?25l[A[1Gpulling manifest [K
pulling 2af3b81862c6:  55% ▕█████████         ▏ 347 MB/637 MB  4.9 MB/s     59s[K[?25h[?2026l[?2026h[?25l[A[1Gpulling manifest [K
pulling 2af3b81862c6:  55% ▕█████████         ▏ 347 MB/637 MB  4.9 MB/s     59s[K[?25h[?2026l[?2026h[?25l[A[1Gpulling manifest [K
pulling 2af3b81862c6:  55% ▕█████████         ▏ 348 MB/637 MB  4.9 MB/s     58s[K[?25h[?2026l[?2026h[?25l[A[1Gpulling manifest [K
pulling 2af3b81862c6:  55% ▕█████████         ▏ 348 MB/637 MB  4.9 MB/s     58s[K[?25h[?2026l[?2026h[?25l[A[1Gpulling manifest [K
pulling 2af3b81862c6:  55% ▕█████████         ▏ 349 MB/637 MB  4.9 MB/s     58s[K[?25h[?2026l[?2026h[?25l[A[1Gpulling manifest [K
pulling 2af3b81862c6:  55% ▕█████████         ▏ 349 MB/637 MB  4.9 MB/s     58s[K[?25h[?2026l[?2026h[?25l[A[1Gpulling manifest [K
pulling 2af3b81862c6:  55% ▕█████████         ▏ 350 MB/637 MB  4.9 MB/s     58s[K[?25h[?2026l[?2026h[?25l[A[1Gpulling manifest [K
pulling 2af3b81862c6:  55% ▕█████████         ▏ 350 MB/637 MB  4.9 MB/s     58s[K[?25h[?2026l[?2026h[?25l[A[1Gpulling manifest [K
pulling 2af3b81862c6:  55% ▕█████████         ▏ 351 MB/637 MB  4.9 MB/s     58s[K[?25h[?2026l[?2026h[?25l[A[1Gpulling manifest [K
pulling 2af3b81862c6:  55% ▕█████████         ▏ 351 MB/637 MB  4.9 MB/s     58s[K[?25h[?2026l[?2026h[?25l[A[1Gpulling manifest [K
pulling 2af3b81862c6:  55% ▕█████████         ▏ 352 MB/637 MB  4.9 MB/s     58s[K[?25h[?2026l[?2026h[?25l[A[1Gpulling manifest [K
pulling 2af3b81862c6:  55% ▕█████████         ▏ 353 MB/637 MB  4.9 MB/s     58s[K[?25h[?2026l[?2026h[?25l[A[1Gpulling manifest [K
pulling 2af3b81862c6:  55% ▕█████████         ▏ 353 MB/637 MB  4.9 MB/s     58s[K[?25h[?2026l[?2026h[?25l[A[1Gpulling manifest [K
pulling 2af3b81862c6:  55% ▕█████████         ▏ 353 MB/637 MB  4.9 MB/s     58s[K[?25h[?2026l[?2026h[?25l[A[1Gpulling manifest [K
pulling 2af3b81862c6:  56% ▕█████████         ▏ 354 MB/637 MB  4.9 MB/s     58s[K[?25h[?2026l[?2026h[?25l[A[1Gpulling manifest [K
pulling 2af3b81862c6:  56% ▕██████████        ▏ 354 MB/637 MB  4.9 MB/s     57s[K[?25h[?2026l[?2026h[?25l[A[1Gpulling manifest [K
pulling 2af3b81862c6:  56% ▕██████████        ▏ 354 MB/637 MB  4.9 MB/s     57s[K[?25h[?2026l[?2026h[?25l[A[1Gpulling manifest [K
pulling 2af3b81862c6:  56% ▕██████████        ▏ 355 MB/637 MB  4.9 MB/s     57s[K[?25h[?2026l[?2026h[?25l[A[1Gpulling manifest [K
pulling 2af3b81862c6:  56% ▕██████████        ▏ 355 MB/637 MB  4.9 MB/s     57s[K[?25h[?2026l[?2026h[?25l[A[1Gpulling manifest [K
pulling 2af3b81862c6:  56% ▕██████████        ▏ 356 MB/637 MB  4.9 MB/s     57s[K[?25h[?2026l[?2026h[?25l[A[1Gpulling manifest [K
pulling 2af3b81862c6:  56% ▕██████████        ▏ 357 MB/637 MB  4.9 MB/s     57s[K[?25h[?2026l[?2026h[?25l[A[1Gpulling manifest [K
pulling 2af3b81862c6:  56% ▕██████████        ▏ 357 MB/637 MB  4.9 MB/s     57s[K[?25h[?2026l[?2026h[?25l[A[1Gpulling manifest [K
pulling 2af3b81862c6:  56% ▕██████████        ▏ 358 MB/637 MB  4.9 MB/s     57s[K[?25h[?2026l[?2026h[?25l[A[1Gpulling manifest [K
pulling 2af3b81862c6:  56% ▕██████████        ▏ 358 MB/637 MB  4.9 MB/s     57s[K[?25h[?2026l[?2026h[?25l[A[1Gpulling manifest [K
pulling 2af3b81862c6:  56% ▕██████████        ▏ 359 MB/637 MB  4.9 MB/s     57s[K[?25h[?2026l[?2026h[?25l[A[1Gpulling manifest [K
pulling 2af3b81862c6:  56% ▕██████████        ▏ 359 MB/637 MB  4.9 MB/s     56s[K[?25h[?2026l[?2026h[?25l[A[1Gpulling manifest [K
pulling 2af3b81862c6:  56% ▕██████████        ▏ 360 MB/637 MB  4.9 MB/s     56s[K[?25h[?2026l[?2026h[?25l[A[1Gpulling manifest [K
pulling 2af3b81862c6:  57% ▕██████████        ▏ 360 MB/637 MB  4.9 MB/s     56s[K[?25h[?2026l[?2026h[?25l[A[1Gpulling manifest [K
pulling 2af3b81862c6:  57% ▕██████████        ▏ 360 MB/637 MB  4.9 MB/s     56s[K[?25h[?2026l[?2026h[?25l[A[1Gpulling manifest [K
pulling 2af3b81862c6:  57% ▕██████████        ▏ 361 MB/637 MB  4.9 MB/s     56s[K[?25h[?2026l[?2026h[?25l[A[1Gpulling manifest [K
pulling 2af3b81862c6:  57% ▕██████████        ▏ 361 MB/637 MB  4.9 MB/s     56s[K[?25h[?2026l[?2026h[?25l[A[1Gpulling manifest [K
pulling 2af3b81862c6:  57% ▕██████████        ▏ 362 MB/637 MB  4.9 MB/s     56s[K[?25h[?2026l[?2026h[?25l[A[1Gpulling manifest [K
pulling 2af3b81862c6:  57% ▕██████████        ▏ 362 MB/637 MB  4.9 MB/s     56s[K[?25h[?2026l[?2026h[?25l[A[1Gpulling manifest [K
pulling 2af3b81862c6:  57% ▕██████████        ▏ 363 MB/637 MB  4.9 MB/s     56s[K[?25h[?2026l[?2026h[?25l[A[1Gpulling manifest [K
pulling 2af3b81862c6:  57% ▕██████████        ▏ 363 MB/637 MB  4.9 MB/s     56s[K[?25h[?2026l[?2026h[?25l[A[1Gpulling manifest [K
pulling 2af3b81862c6:  57% ▕██████████        ▏ 364 MB/637 MB  4.8 MB/s     56s[K[?25h[?2026l[?2026h[?25l[A[1Gpulling manifest [K
pulling 2af3b81862c6:  57% ▕██████████        ▏ 364 MB/637 MB  4.8 MB/s     56s[K[?25h[?2026l[?2026h[?25l[A[1Gpulling manifest [K
pulling 2af3b81862c6:  57% ▕██████████        ▏ 365 MB/637 MB  4.8 MB/s     56s[K[?25h[?2026l[?2026h[?25l[A[1Gpulling manifest [K
pulling 2af3b81862c6:  57% ▕██████████        ▏ 365 MB/637 MB  4.8 MB/s     56s[K[?25h[?2026l[?2026h[?25l[A[1Gpulling manifest [K
pulling 2af3b81862c6:  57% ▕██████████        ▏ 366 MB/637 MB  4.8 MB/s     56s[K[?25h[?2026l[?2026h[?25l[A[1Gpulling manifest [K
pulling 2af3b81862c6:  57% ▕██████████        ▏ 366 MB/637 MB  4.8 MB/s     56s[K[?25h[?2026l[?2026h[?25l[A[1Gpulling manifest [K
pulling 2af3b81862c6:  58% ▕██████████        ▏ 367 MB/637 MB  4.8 MB/s     55s[K[?25h[?2026l[?2026h[?25l[A[1Gpulling manifest [K
pulling 2af3b81862c6:  58% ▕██████████        ▏ 367 MB/637 MB  4.8 MB/s     55s[K[?25h[?2026l[?2026h[?25l[A[1Gpulling manifest [K
pulling 2af3b81862c6:  58% ▕██████████        ▏ 368 MB/637 MB  4.8 MB/s     55s[K[?25h[?2026l[?2026h[?25l[A[1Gpulling manifest [K
pulling 2af3b81862c6:  58% ▕██████████        ▏ 368 MB/637 MB  4.8 MB/s     55s[K[?25h[?2026l[?2026h[?25l[A[1Gpulling manifest [K
pulling 2af3b81862c6:  58% ▕██████████        ▏ 369 MB/637 MB  4.9 MB/s     55s[K[?25h[?2026l[?2026h[?25l[A[1Gpulling manifest [K
pulling 2af3b81862c6:  58% ▕██████████        ▏ 369 MB/637 MB  4.9 MB/s     54s[K[?25h[?2026l[?2026h[?25l[A[1Gpulling manifest [K
pulling 2af3b81862c6:  58% ▕██████████        ▏ 369 MB/637 MB  4.9 MB/s     54s[K[?25h[?2026l[?2026h[?25l[A[1Gpulling manifest [K
pulling 2af3b81862c6:  58% ▕██████████        ▏ 370 MB/637 MB  4.9 MB/s     54s[K[?25h[?2026l[?2026h[?25l[A[1Gpulling manifest [K
pulling 2af3b81862c6:  58% ▕██████████        ▏ 370 MB/637 MB  4.9 MB/s     54s[K[?25h[?2026l[?2026h[?25l[A[1Gpulling manifest [K
pulling 2af3b81862c6:  58% ▕██████████        ▏ 370 MB/637 MB  4.9 MB/s     54s[K[?25h[?2026l[?2026h[?25l[A[1Gpulling manifest [K
pulling 2af3b81862c6:  58% ▕██████████        ▏ 371 MB/637 MB  4.9 MB/s     54s[K[?25h[?2026l[?2026h[?25l[A[1Gpulling manifest [K
pulling 2af3b81862c6:  58% ▕██████████        ▏ 371 MB/637 MB  4.9 MB/s     54s[K[?25h[?2026l[?2026h[?25l[A[1Gpulling manifest [K
pulling 2af3b81862c6:  58% ▕██████████        ▏ 372 MB/637 MB  4.9 MB/s     54s[K[?25h[?2026l[?2026h[?25l[A[1Gpulling manifest [K
pulling 2af3b81862c6:  58% ▕██████████        ▏ 372 MB/637 MB  4.9 MB/s     54s[K[?25h[?2026l[?2026h[?25l[A[1Gpulling manifest [K
pulling 2af3b81862c6:  58% ▕██████████        ▏ 372 MB/637 MB  4.7 MB/s     55s[K[?25h[?2026l[?2026h[?25l[A[1Gpulling manifest [K
pulling 2af3b81862c6:  59% ▕██████████        ▏ 373 MB/637 MB  4.7 MB/s     55s[K[?25h[?2026l[?2026h[?25l[1Gpulling manifest ⠋ [K[?25h[?2026l[?2026h[?25l[1Gpulling manifest ⠙ [K[?25h[?2026l[?2026h[?25l[1Gpulling manifest ⠹ [K[?25h[?2026l[?2026h[?25l[1Gpulling manifest ⠸ [K[?25h[?2026l[?2026h[?25l[1Gpulling manifest ⠼ [K[?25h[?2026l[?2026h[?25l[1Gpulling manifest ⠴ [K[?25h[?2026l[?2026h[?25l[1Gpulling manifest ⠦ [K[?25h[?2026l[?2026h[?25l[1Gpulling manifest ⠧ [K[?25h[?2026l[?2026h[?25l[1Gpulling manifest ⠇ [K[?25h[?2026l[?2026h[?25l[1Gpulling manifest ⠏ [K[?25h[?2026l[?2026h[?25l[1Gpulling manifest ⠋ [K[?25h[?2026l[?2026h[?25l[1Gpulling manifest ⠙ [K[?25h[?2026l[?2026h[?25l[1Gpulling manifest ⠹ [K[?25h[?2026l[?2026h[?25l[1Gpulling manifest ⠸ [K[?25h[?2026l[?2026h[?25l[1Gpulling manifest ⠼ [K[?25h[?2026l[?2026h[?25l[1Gpulling manifest ⠴ [K[?25h[?2026l[?2026h[?25l[1Gpulling manifest ⠦ [K[?25h[?2026l[?2026h[?25l[1Gpulling manifest ⠧ [K[?25h[?2026l[?2026h[?25l[1Gpulling manifest ⠇ [K[?25h[?2026l[?2026h[?25l[1Gpulling manifest ⠏ [K[?25h[?2026l[?2026h[?25l[1Gpulling manifest ⠋ [K[?25h[?2026l[?2026h[?25l[1Gpulling manifest ⠙ [K[?25h[?2026l[?2026h[?25l[1Gpulling manifest ⠹ [K[?25h[?2026l[?2026h[?25l[1Gpulling manifest ⠸ [K[?25h[?2026l[?2026h[?25l[1Gpulling manifest ⠼ [K[?25h[?2026l[?2026h[?25l[1Gpulling manifest ⠴ [K[?25h[?2026l[?2026h[?25l[1Gpulling manifest ⠦ [K[?25h[?2026l[?2026h[?25l[1Gpulling manifest ⠧ [K[?25h[?2026l[?2026h[?25l[1Gpulling manifest ⠇ [K[?25h[?2026l[?2026h[?25l[1Gpulling manifest [K
pulling 2af3b81862c6:  80% ▕██████████████    ▏ 507 MB/637 MB                  [K[?25h[?2026l[?2026h[?25l[A[1Gpulling manifest [K
pulling 2af3b81862c6:  80% ▕██████████████    ▏ 507 MB/637 MB                  [K[?25h[?2026l[?2026h[?25l[A[1Gpulling manifest [K
pulling 2af3b81862c6:  80% ▕██████████████    ▏ 507 MB/637 MB                  [K[?25h[?2026l[?2026h[?25l[A[1Gpulling manifest [K
pulling 2af3b81862c6:  80% ▕██████████████    ▏ 507 MB/637 MB                  [K[?25h[?2026l[?2026h[?25l[A[1Gpulling manifest [K
pulling 2af3b81862c6:  80% ▕██████████████    ▏ 507 MB/637 MB                  [K[?25h[?2026l[?2026h[?25l[A[1Gpulling manifest [K
pulling 2af3b81862c6:  80% ▕██████████████    ▏ 507 MB/637 MB                  [K[?25h[?2026l[?2026h[?25l[A[1Gpulling manifest [K
pulling 2af3b81862c6:  80% ▕██████████████    ▏ 507 MB/637 MB                  [K[?25h[?2026l[?2026h[?25l[A[1Gpulling manifest [K
pulling 2af3b81862c6:  80% ▕██████████████    ▏ 507 MB/637 MB                  [K[?25h[?2026l[?2026h[?25l[A[1Gpulling manifest [K
pulling 2af3b81862c6:  80% ▕██████████████    ▏ 507 MB/637 MB                  [K[?25h[?2026l[?2026h[?25l[A[1Gpulling manifest [K
pulling 2af3b81862c6:  80% ▕██████████████    ▏ 507 MB/637 MB                  [K[?25h[?2026l[?2026h[?25l[A[1Gpulling manifest [K
pulling 2af3b81862c6:  80% ▕██████████████    ▏ 507 MB/637 MB                  [K[?25h[?2026l[?2026h[?25l[A[1Gpulling manifest [K
pulling 2af3b81862c6:  80% ▕██████████████    ▏ 507 MB/637 MB                  [K[?25h[?2026l[?2026h[?25l[A[1Gpulling manifest [K
pulling 2af3b81862c6:  80% ▕██████████████    ▏ 508 MB/637 MB                  [K[?25h[?2026l[?2026h[?25l[A[1Gpulling manifest [K
pulling 2af3b81862c6:  80% ▕██████████████    ▏ 508 MB/637 MB                  [K[?25h[?2026l[?2026h[?25l[A[1Gpulling manifest [K
pulling 2af3b81862c6:  80% ▕██████████████    ▏ 509 MB/637 MB                  [K[?25h[?2026l[?2026h[?25l[A[1Gpulling manifest [K
pulling 2af3b81862c6:  80% ▕██████████████    ▏ 509 MB/637 MB                  [K[?25h[?2026l[?2026h[?25l[A[1Gpulling manifest [K
pulling 2af3b81862c6:  80% ▕██████████████    ▏ 509 MB/637 MB                  [K[?25h[?2026l[?2026h[?25l[A[1Gpulling manifest [K
pulling 2af3b81862c6:  80% ▕██████████████    ▏ 509 MB/637 MB                  [K[?25h[?2026l[?2026h[?25l[A[1Gpulling manifest [K
pulling 2af3b81862c6:  80% ▕██████████████    ▏ 509 MB/637 MB                  [K[?25h[?2026l[?2026h[?25l[A[1Gpulling manifest [K
pulling 2af3b81862c6:  80% ▕██████████████    ▏ 509 MB/637 MB                  [K[?25h[?2026l[?2026h[?25l[A[1Gpulling manifest [K
pulling 2af3b81862c6:  80% ▕██████████████    ▏ 510 MB/637 MB  1.4 MB/s   1m32s[K[?25h[?2026l[?2026h[?25l[A[1Gpulling manifest [K
pulling 2af3b81862c6:  80% ▕██████████████    ▏ 511 MB/637 MB  1.4 MB/s   1m31s[K[?25h[?2026l[?2026h[?25l[A[1Gpulling manifest [K
pulling 2af3b81862c6:  80% ▕██████████████    ▏ 511 MB/637 MB  1.4 MB/s   1m31s[K[?25h[?2026l[?2026h[?25l[A[1Gpulling manifest [K
pulling 2af3b81862c6:  80% ▕██████████████    ▏ 512 MB/637 MB  1.4 MB/s   1m31s[K[?25h[?2026l[?2026h[?25l[A[1Gpulling manifest [K
pulling 2af3b81862c6:  80% ▕██████████████    ▏ 512 MB/637 MB  1.4 MB/s   1m31s[K[?25h[?2026l[?2026h[?25l[A[1Gpulling manifest [K
pulling 2af3b81862c6:  80% ▕██████████████    ▏ 512 MB/637 MB  1.4 MB/s   1m31s[K[?25h[?2026l[?2026h[?25l[A[1Gpulling manifest [K
pulling 2af3b81862c6:  81% ▕██████████████    ▏ 514 MB/637 MB  1.4 MB/s   1m29s[K[?25h[?2026l[?2026h[?25l[A[1Gpulling manifest [K
pulling 2af3b81862c6:  81% ▕██████████████    ▏ 514 MB/637 MB  1.4 MB/s   1m29s[K[?25h[?2026l[?2026h[?25l[A[1Gpulling manifest [K
pulling 2af3b81862c6:  81% ▕██████████████    ▏ 515 MB/637 MB  1.4 MB/s   1m29s[K[?25h[?2026l[?2026h[?25l[A[1Gpulling manifest [K
pulling 2af3b81862c6:  81% ▕██████████████    ▏ 515 MB/637 MB  1.4 MB/s   1m29s[K[?25h[?2026l[?2026h[?25l[A[1Gpulling manifest [K
pulling 2af3b81862c6:  81% ▕██████████████    ▏ 515 MB/637 MB  1.4 MB/s   1m29s[K[?25h[?2026l[?2026h[?25l[A[1Gpulling manifest [K
pulling 2af3b81862c6:  81% ▕██████████████    ▏ 515 MB/637 MB  2.5 MB/s     48s[K[?25h[?2026l[?2026h[?25l[A[1Gpulling manifest [K
pulling 2af3b81862c6:  81% ▕██████████████    ▏ 517 MB/637 MB  2.5 MB/s     47s[K[?25h[?2026l[?2026h[?25l[A[1Gpulling manifest [K
pulling 2af3b81862c6:  81% ▕██████████████    ▏ 517 MB/637 MB  2.5 MB/s     47s[K[?25h[?2026l[?2026h[?25l[A[1Gpulling manifest [K
pulling 2af3b81862c6:  81% ▕██████████████    ▏ 518 MB/637 MB  2.5 MB/s     47s[K[?25h[?2026l[?2026h[?25l[A[1Gpulling manifest [K
pulling 2af3b81862c6:  81% ▕██████████████    ▏ 518 MB/637 MB  2.5 MB/s     47s[K[?25h[?2026l[?2026h[?25l[A[1Gpulling manifest [K
pulling 2af3b81862c6:  81% ▕██████████████    ▏ 518 MB/637 MB  2.5 MB/s     47s[K[?25h[?2026l[?2026h[?25l[A[1Gpulling manifest [K
pulling 2af3b81862c6:  81% ▕██████████████    ▏ 519 MB/637 MB  2.5 MB/s     46s[K[?25h[?2026l[?2026h[?25l[A[1Gpulling manifest [K
pulling 2af3b81862c6:  82% ▕██████████████    ▏ 519 MB/637 MB  2.5 MB/s     46s[K[?25h[?2026l[?2026h[?25l[A[1Gpulling manifest [K
pulling 2af3b81862c6:  82% ▕██████████████    ▏ 519 MB/637 MB  2.5 MB/s     46s[K[?25h[?2026l[?2026h[?25l[A[1Gpulling manifest [K
pulling 2af3b81862c6:  82% ▕██████████████    ▏ 520 MB/637 MB  2.5 MB/s     46s[K[?25h[?2026l[?2026h[?25l[A[1Gpulling manifest [K
pulling 2af3b81862c6:  82% ▕██████████████    ▏ 520 MB/637 MB  3.1 MB/s     37s[K[?25h[?2026l[?2026h[?25l[A[1Gpulling manifest [K
pulling 2af3b81862c6:  82% ▕██████████████    ▏ 520 MB/637 MB  3.1 MB/s     37s[K[?25h[?2026l[?2026h[?25l[A[1Gpulling manifest [K
pulling 2af3b81862c6:  82% ▕██████████████    ▏ 521 MB/637 MB  3.1 MB/s     37s[K[?25h[?2026l[?2026h[?25l[A[1Gpulling manifest [K
pulling 2af3b81862c6:  82% ▕██████████████    ▏ 521 MB/637 MB  3.1 MB/s     37s[K[?25h[?2026l[?2026h[?25l[A[1Gpulling manifest [K
pulling 2af3b81862c6:  82% ▕██████████████    ▏ 521 MB/637 MB  3.1 MB/s     37s[K[?25h[?2026l[?2026h[?25l[A[1Gpulling manifest [K
pulling 2af3b81862c6:  82% ▕██████████████    ▏ 521 MB/637 MB  3.1 MB/s     37s[K[?25h[?2026l[?2026h[?25l[A[1Gpulling manifest [K
pulling 2af3b81862c6:  82% ▕██████████████    ▏ 521 MB/637 MB  3.1 MB/s     37s[K[?25h[?2026l[?2026h[?25l[A[1Gpulling manifest [K
pulling 2af3b81862c6:  82% ▕██████████████    ▏ 521 MB/637 MB  3.1 MB/s     37s[K[?25h[?2026l[?2026h[?25l[A[1Gpulling manifest [K
pulling 2af3b81862c6:  82% ▕██████████████    ▏ 525 MB/637 MB  3.1 MB/s     36s[K[?25h[?2026l[?2026h[?25l[A[1Gpulling manifest [K
pulling 2af3b81862c6:  82% ▕██████████████    ▏ 525 MB/637 MB  3.1 MB/s     36s[K[?25h[?2026l[?2026h[?25l[A[1Gpulling manifest [K
pulling 2af3b81862c6:  82% ▕██████████████    ▏ 525 MB/637 MB  3.6 MB/s     31s[K[?25h[?2026l[?2026h[?25l[A[1Gpulling manifest [K
pulling 2af3b81862c6:  82% ▕██████████████    ▏ 525 MB/637 MB  3.6 MB/s     31s[K[?25h[?2026l[?2026h[?25l[A[1Gpulling manifest [K
pulling 2af3b81862c6:  83% ▕██████████████    ▏ 526 MB/637 MB  3.6 MB/s     30s[K[?25h[?2026l[?2026h[?25l[A[1Gpulling manifest [K
pulling 2af3b81862c6:  83% ▕██████████████    ▏ 526 MB/637 MB  3.6 MB/s     30s[K[?25h[?2026l[?2026h[?25l[A[1Gpulling manifest [K
pulling 2af3b81862c6:  83% ▕██████████████    ▏ 526 MB/637 MB  3.6 MB/s     30s[K[?25h[?2026l[?2026h[?25l[A[1Gpulling manifest [K
pulling 2af3b81862c6:  83% ▕██████████████    ▏ 528 MB/637 MB  3.6 MB/s     30s[K[?25h[?2026l[?2026h[?25l[A[1Gpulling manifest [K
pulling 2af3b81862c6:  83% ▕██████████████    ▏ 528 MB/637 MB  3.6 MB/s     30s[K[?25h[?2026l[?2026h[?25l[A[1Gpulling manifest [K
pulling 2af3b81862c6:  83% ▕██████████████    ▏ 528 MB/637 MB  3.6 MB/s     30s[K[?25h[?2026l[?2026h[?25l[A[1Gpulling manifest [K
pulling 2af3b81862c6:  83% ▕██████████████    ▏ 528 MB/637 MB  3.6 MB/s     30s[K[?25h[?2026l[?2026h[?25l[A[1Gpulling manifest [K
pulling 2af3b81862c6:  83% ▕██████████████    ▏ 529 MB/637 MB  3.6 MB/s     30s[K[?25h[?2026l[?2026h[?25l[A[1Gpulling manifest [K
pulling 2af3b81862c6:  83% ▕██████████████    ▏ 529 MB/637 MB  3.6 MB/s     29s[K[?25h[?2026l[?2026h[?25l[A[1Gpulling manifest [K
pulling 2af3b81862c6:  83% ▕██████████████    ▏ 530 MB/637 MB  3.6 MB/s     29s[K[?25h[?2026l[?2026h[?25l[A[1Gpulling manifest [K
pulling 2af3b81862c6:  83% ▕██████████████    ▏ 530 MB/637 MB  3.6 MB/s     29s[K[?25h[?2026l[?2026h[?25l[A[1Gpulling manifest [K
pulling 2af3b81862c6:  83% ▕███████████████   ▏ 531 MB/637 MB  3.6 MB/s     29s[K[?25h[?2026l[?2026h[?25l[A[1Gpulling manifest [K
pulling 2af3b81862c6:  83% ▕███████████████   ▏ 531 MB/637 MB  3.6 MB/s     29s[K[?25h[?2026l[?2026h[?25l[A[1Gpulling manifest [K
pulling 2af3b81862c6:  84% ▕███████████████   ▏ 532 MB/637 MB  3.6 MB/s     28s[K[?25h[?2026l[?2026h[?25l[A[1Gpulling manifest [K
pulling 2af3b81862c6:  84% ▕███████████████   ▏ 533 MB/637 MB  3.6 MB/s     28s[K[?25h[?2026l[?2026h[?25l[A[1Gpulling manifest [K
pulling 2af3b81862c6:  84% ▕███████████████   ▏ 533 MB/637 MB  3.6 MB/s     28s[K[?25h[?2026l[?2026h[?25l[A[1Gpulling manifest [K
pulling 2af3b81862c6:  84% ▕███████████████   ▏ 533 MB/637 MB  3.6 MB/s     28s[K[?25h[?2026l[?2026h[?25l[A[1Gpulling manifest [K
pulling 2af3b81862c6:  84% ▕███████████████   ▏ 535 MB/637 MB  3.6 MB/s     28s[K[?25h[?2026l[?2026h[?25l[A[1Gpulling manifest [K
pulling 2af3b81862c6:  84% ▕███████████████   ▏ 535 MB/637 MB  3.9 MB/s     25s[K[?25h[?2026l[?2026h[?25l[A[1Gpulling manifest [K
pulling 2af3b81862c6:  84% ▕███████████████   ▏ 535 MB/637 MB  3.9 MB/s     25s[K[?25h[?2026l[?2026h[?25l[A[1Gpulling manifest [K
pulling 2af3b81862c6:  84% ▕███████████████   ▏ 536 MB/637 MB  3.9 MB/s     25s[K[?25h[?2026l[?2026h[?25l[A[1Gpulling manifest [K
pulling 2af3b81862c6:  84% ▕███████████████   ▏ 537 MB/637 MB  3.9 MB/s     25s[K[?25h[?2026l[?2026h[?25l[A[1Gpulling manifest [K
pulling 2af3b81862c6:  84% ▕███████████████   ▏ 537 MB/637 MB  3.9 MB/s     25s[K[?25h[?2026l[?2026h[?25l[A[1Gpulling manifest [K
pulling 2af3b81862c6:  84% ▕███████████████   ▏ 537 MB/637 MB  3.9 MB/s     25s[K[?25h[?2026l[?2026h[?25l[A[1Gpulling manifest [K
pulling 2af3b81862c6:  84% ▕███████████████   ▏ 538 MB/637 MB  3.9 MB/s     25s[K[?25h[?2026l[?2026h[?25l[A[1Gpulling manifest [K
pulling 2af3b81862c6:  85% ▕███████████████   ▏ 539 MB/637 MB  3.9 MB/s     24s[K[?25h[?2026l[?2026h[?25l[A[1Gpulling manifest [K
pulling 2af3b81862c6:  85% ▕███████████████   ▏ 539 MB/637 MB  3.9 MB/s     24s[K[?25h[?2026l[?2026h[?25l[A[1Gpulling manifest [K
pulling 2af3b81862c6:  85% ▕███████████████   ▏ 539 MB/637 MB  3.9 MB/s     24s[K[?25h[?2026l[?2026h[?25l[A[1Gpulling manifest [K
pulling 2af3b81862c6:  85% ▕███████████████   ▏ 540 MB/637 MB  3.9 MB/s     24s[K[?25h[?2026l[?2026h[?25l[A[1Gpulling manifest [K
pulling 2af3b81862c6:  85% ▕███████████████   ▏ 540 MB/637 MB  4.1 MB/s     23s[K[?25h[?2026l[?2026h[?25l[A[1Gpulling manifest [K
pulling 2af3b81862c6:  85% ▕███████████████   ▏ 541 MB/637 MB  4.1 MB/s     23s[K[?25h[?2026l[?2026h[?25l[A[1Gpulling manifest [K
pulling 2af3b81862c6:  85% ▕███████████████   ▏ 541 MB/637 MB  4.1 MB/s     23s[K[?25h[?2026l[?2026h[?25l[A[1Gpulling manifest [K
pulling 2af3b81862c6:  85% ▕███████████████   ▏ 542 MB/637 MB  4.1 MB/s     23s[K[?25h[?2026l[?2026h[?25l[A[1Gpulling manifest [K
pulling 2af3b81862c6:  85% ▕███████████████   ▏ 542 MB/637 MB  4.1 MB/s     23s[K[?25h[?2026l[?2026h[?25l[A[1Gpulling manifest [K
pulling 2af3b81862c6:  85% ▕███████████████   ▏ 542 MB/637 MB  4.1 MB/s     23s[K[?25h[?2026l[?2026h[?25l[A[1Gpulling manifest [K
pulling 2af3b81862c6:  85% ▕███████████████   ▏ 543 MB/637 MB  4.1 MB/s     23s[K[?25h[?2026l[?2026h[?25l[A[1Gpulling manifest [K
pulling 2af3b81862c6:  85% ▕███████████████   ▏ 544 MB/637 MB  4.1 MB/s     22s[K[?25h[?2026l[?2026h[?25l[A[1Gpulling manifest [K
pulling 2af3b81862c6:  85% ▕███████████████   ▏ 544 MB/637 MB  4.1 MB/s     22s[K[?25h[?2026l[?2026h[?25l[A[1Gpulling manifest [K
pulling 2af3b81862c6:  85% ▕███████████████   ▏ 544 MB/637 MB  4.1 MB/s     22s[K[?25h[?2026l[?2026h[?25l[A[1Gpulling manifest [K
pulling 2af3b81862c6:  86% ▕███████████████   ▏ 545 MB/637 MB  4.2 MB/s     22s[K[?25h[?2026l[?2026h[?25l[A[1Gpulling manifest [K
pulling 2af3b81862c6:  86% ▕███████████████   ▏ 545 MB/637 MB  4.2 MB/s     22s[K[?25h[?2026l[?2026h[?25l[A[1Gpulling manifest [K
pulling 2af3b81862c6:  86% ▕███████████████   ▏ 546 MB/637 MB  4.2 MB/s     21s[K[?25h[?2026l[?2026h[?25l[A[1Gpulling manifest [K
pulling 2af3b81862c6:  86% ▕███████████████   ▏ 547 MB/637 MB  4.2 MB/s     21s[K[?25h[?2026l[?2026h[?25l[A[1Gpulling manifest [K
pulling 2af3b81862c6:  86% ▕███████████████   ▏ 547 MB/637 MB  4.2 MB/s     21s[K[?25h[?2026l[?2026h[?25l[A[1Gpulling manifest [K
pulling 2af3b81862c6:  86% ▕███████████████   ▏ 548 MB/637 MB  4.2 MB/s     21s[K[?25h[?2026l[?2026h[?25l[A[1Gpulling manifest [K
pulling 2af3b81862c6:  86% ▕███████████████   ▏ 548 MB/637 MB  4.2 MB/s     21s[K[?25h[?2026l[?2026h[?25l[A[1Gpulling manifest [K
pulling 2af3b81862c6:  86% ▕███████████████   ▏ 548 MB/637 MB  4.2 MB/s     21s[K[?25h[?2026l[?2026h[?25l[A[1Gpulling manifest [K
pulling 2af3b81862c6:  86% ▕███████████████   ▏ 549 MB/637 MB  4.2 MB/s     21s[K[?25h[?2026l[?2026h[?25l[A[1Gpulling manifest [K
pulling 2af3b81862c6:  86% ▕███████████████   ▏ 549 MB/637 MB  4.2 MB/s     21s[K[?25h[?2026l[?2026h[?25l[A[1Gpulling manifest [K
pulling 2af3b81862c6:  86% ▕███████████████   ▏ 549 MB/637 MB  4.6 MB/s     19s[K[?25h[?2026l[?2026h[?25l[A[1Gpulling manifest [K
pulling 2af3b81862c6:  86% ▕███████████████   ▏ 550 MB/637 MB  4.6 MB/s     18s[K[?25h[?2026l[?2026h[?25l[A[1Gpulling manifest [K
pulling 2af3b81862c6:  86% ▕███████████████   ▏ 551 MB/637 MB  4.6 MB/s     18s[K[?25h[?2026l[?2026h[?25l[A[1Gpulling manifest [K
pulling 2af3b81862c6:  86% ▕███████████████   ▏ 551 MB/637 MB  4.6 MB/s     18s[K[?25h[?2026l[?2026h[?25l[A[1Gpulling manifest [K
pulling 2af3b81862c6:  87% ▕███████████████   ▏ 551 MB/637 MB  4.6 MB/s     18s[K[?25h[?2026l[?2026h[?25l[A[1Gpulling manifest [K
pulling 2af3b81862c6:  87% ▕███████████████   ▏ 552 MB/637 MB  4.6 MB/s     18s[K[?25h[?2026l[?2026h[?25l[A[1Gpulling manifest [K
pulling 2af3b81862c6:  87% ▕███████████████   ▏ 552 MB/637 MB  4.6 MB/s     18s[K[?25h[?2026l[?2026h[?25l[A[1Gpulling manifest [K
pulling 2af3b81862c6:  87% ▕███████████████   ▏ 553 MB/637 MB  4.6 MB/s     18s[K[?25h[?2026l[?2026h[?25l[A[1Gpulling manifest [K
pulling 2af3b81862c6:  87% ▕███████████████   ▏ 554 MB/637 MB  4.6 MB/s     17s[K[?25h[?2026l[?2026h[?25l[A[1Gpulling manifest [K
pulling 2af3b81862c6:  87% ▕███████████████   ▏ 554 MB/637 MB  4.6 MB/s     17s[K[?25h[?2026l[?2026h[?25l[A[1Gpulling manifest [K
pulling 2af3b81862c6:  87% ▕███████████████   ▏ 554 MB/637 MB  4.9 MB/s     16s[K[?25h[?2026l[?2026h[?25l[A[1Gpulling manifest [K
pulling 2af3b81862c6:  87% ▕███████████████   ▏ 554 MB/637 MB  4.9 MB/s     16s[K[?25h[?2026l[?2026h[?25l[A[1Gpulling manifest [K
pulling 2af3b81862c6:  87% ▕███████████████   ▏ 555 MB/637 MB  4.9 MB/s     16s[K[?25h[?2026l[?2026h[?25l[A[1Gpulling manifest [K
pulling 2af3b81862c6:  87% ▕███████████████   ▏ 555 MB/637 MB  4.9 MB/s     16s[K[?25h[?2026l[?2026h[?25l[A[1Gpulling manifest [K
pulling 2af3b81862c6:  87% ▕███████████████   ▏ 556 MB/637 MB  4.9 MB/s     16s[K[?25h[?2026l[?2026h[?25l[A[1Gpulling manifest [K
pulling 2af3b81862c6:  87% ▕███████████████   ▏ 556 MB/637 MB  4.9 MB/s     16s[K[?25h[?2026l[?2026h[?25l[A[1Gpulling manifest [K
pulling 2af3b81862c6:  87% ▕███████████████   ▏ 557 MB/637 MB  4.9 MB/s     16s[K[?25h[?2026l[?2026h[?25l[A[1Gpulling manifest [K
pulling 2af3b81862c6:  88% ▕███████████████   ▏ 558 MB/637 MB  4.9 MB/s     16s[K[?25h[?2026l[?2026h[?25l[A[1Gpulling manifest [K
pulling 2af3b81862c6:  88% ▕███████████████   ▏ 558 MB/637 MB  4.9 MB/s     16s[K[?25h[?2026l[?2026h[?25l[A[1Gpulling manifest [K
pulling 2af3b81862c6:  88% ▕███████████████   ▏ 559 MB/637 MB  4.9 MB/s     16s[K[?25h[?2026l[?2026h[?25l[A[1Gpulling manifest [K
pulling 2af3b81862c6:  88% ▕███████████████   ▏ 559 MB/637 MB  4.8 MB/s     16s[K[?25h[?2026l[?2026h[?25l[A[1Gpulling manifest [K
pulling 2af3b81862c6:  88% ▕███████████████   ▏ 559 MB/637 MB  4.8 MB/s     16s[K[?25h[?2026l[?2026h[?25l[A[1Gpulling manifest [K
pulling 2af3b81862c6:  88% ▕███████████████   ▏ 559 MB/637 MB  4.8 MB/s     16s[K[?25h[?2026l[?2026h[?25l[A[1Gpulling manifest [K
pulling 2af3b81862c6:  88% ▕███████████████   ▏ 561 MB/637 MB  4.8 MB/s     15s[K[?25h[?2026l[?2026h[?25l[A[1Gpulling manifest [K
pulling 2af3b81862c6:  88% ▕███████████████   ▏ 561 MB/637 MB  4.8 MB/s     15s[K[?25h[?2026l[?2026h[?25l[A[1Gpulling manifest [K
pulling 2af3b81862c6:  88% ▕███████████████   ▏ 562 MB/637 MB  4.8 MB/s     15s[K[?25h[?2026l[?2026h[?25l[A[1Gpulling manifest [K
pulling 2af3b81862c6:  88% ▕███████████████   ▏ 562 MB/637 MB  4.8 MB/s     15s[K[?25h[?2026l[?2026h[?25l[A[1Gpulling manifest [K
pulling 2af3b81862c6:  88% ▕███████████████   ▏ 562 MB/637 MB  4.8 MB/s     15s[K[?25h[?2026l[?2026h[?25l[A[1Gpulling manifest [K
pulling 2af3b81862c6:  88% ▕███████████████   ▏ 562 MB/637 MB  4.8 MB/s     15s[K[?25h[?2026l[?2026h[?25l[A[1Gpulling manifest [K
pulling 2af3b81862c6:  88% ▕███████████████   ▏ 562 MB/637 MB  4.8 MB/s     15s[K[?25h[?2026l[?2026h[?25l[A[1Gpulling manifest [K
pulling 2af3b81862c6:  88% ▕███████████████   ▏ 563 MB/637 MB  4.8 MB/s     15s[K[?25h[?2026l[?2026h[?25l[A[1Gpulling manifest [K
pulling 2af3b81862c6:  88% ▕███████████████   ▏ 564 MB/637 MB  4.9 MB/s     15s[K[?25h[?2026l[?2026h[?25l[A[1Gpulling manifest [K
pulling 2af3b81862c6:  88% ▕███████████████   ▏ 564 MB/637 MB  4.9 MB/s     15s[K[?25h[?2026l[?2026h[?25l[A[1Gpulling manifest [K
pulling 2af3b81862c6:  88% ▕███████████████   ▏ 564 MB/637 MB  4.9 MB/s     15s[K[?25h[?2026l[?2026h[?25l[A[1Gpulling manifest [K
pulling 2af3b81862c6:  88% ▕███████████████   ▏ 564 MB/637 MB  4.9 MB/s     15s[K[?25h[?2026l[?2026h[?25l[A[1Gpulling manifest [K
pulling 2af3b81862c6:  89% ▕███████████████   ▏ 565 MB/637 MB  4.9 MB/s     14s[K[?25h[?2026l[?2026h[?25l[A[1Gpulling manifest [K
pulling 2af3b81862c6:  89% ▕███████████████   ▏ 565 MB/637 MB  4.9 MB/s     14s[K[?25h[?2026l[?2026h[?25l[A[1Gpulling manifest [K
pulling 2af3b81862c6:  89% ▕███████████████   ▏ 566 MB/637 MB  4.9 MB/s     14s[K[?25h[?2026l[?2026h[?25l[A[1Gpulling manifest [K
pulling 2af3b81862c6:  89% ▕████████████████  ▏ 566 MB/637 MB  4.9 MB/s     14s[K[?25h[?2026l[?2026h[?25l[A[1Gpulling manifest [K
pulling 2af3b81862c6:  89% ▕████████████████  ▏ 567 MB/637 MB  4.9 MB/s     14s[K[?25h[?2026l[?2026h[?25l[A[1Gpulling manifest [K
pulling 2af3b81862c6:  89% ▕████████████████  ▏ 567 MB/637 MB  4.9 MB/s     14s[K[?25h[?2026l[?2026h[?25l[A[1Gpulling manifest [K
pulling 2af3b81862c6:  89% ▕████████████████  ▏ 568 MB/637 MB  4.7 MB/s     14s[K[?25h[?2026l[?2026h[?25l[A[1Gpulling manifest [K
pulling 2af3b81862c6:  89% ▕████████████████  ▏ 568 MB/637 MB  4.7 MB/s     14s[K[?25h[?2026l[?2026h[?25l[A[1Gpulling manifest [K
pulling 2af3b81862c6:  89% ▕████████████████  ▏ 568 MB/637 MB  4.7 MB/s     14s[K[?25h[?2026l[?2026h[?25l[A[1Gpulling manifest [K
pulling 2af3b81862c6:  89% ▕████████████████  ▏ 569 MB/637 MB  4.7 MB/s     14s[K[?25h[?2026l[?2026h[?25l[A[1Gpulling manifest [K
pulling 2af3b81862c6:  89% ▕████████████████  ▏ 569 MB/637 MB  4.7 MB/s     14s[K[?25h[?2026l[?2026h[?25l[A[1Gpulling manifest [K
pulling 2af3b81862c6:  89% ▕████████████████  ▏ 569 MB/637 MB  4.7 MB/s     14s[K[?25h[?2026l[?2026h[?25l[A[1Gpulling manifest [K
pulling 2af3b81862c6:  89% ▕████████████████  ▏ 570 MB/637 MB  4.7 MB/s     14s[K[?25h[?2026l[?2026h[?25l[A[1Gpulling manifest [K
pulling 2af3b81862c6:  89% ▕████████████████  ▏ 570 MB/637 MB  4.7 MB/s     14s[K[?25h[?2026l[?2026h[?25l[A[1Gpulling manifest [K
pulling 2af3b81862c6:  90% ▕████████████████  ▏ 570 MB/637 MB  4.7 MB/s     14s[K[?25h[?2026l[?2026h[?25l[A[1Gpulling manifest [K
pulling 2af3b81862c6:  90% ▕████████████████  ▏ 571 MB/637 MB  4.7 MB/s     14s[K[?25h[?2026l[?2026h[?25l[A[1Gpulling manifest [K
pulling 2af3b81862c6:  90% ▕████████████████  ▏ 571 MB/637 MB  4.6 MB/s     14s[K[?25h[?2026l[?2026h[?25l[A[1Gpulling manifest [K
pulling 2af3b81862c6:  90% ▕████████████████  ▏ 571 MB/637 MB  4.6 MB/s     14s[K[?25h[?2026l[?2026h[?25l[A[1Gpulling manifest [K
pulling 2af3b81862c6:  90% ▕████████████████  ▏ 571 MB/637 MB  4.6 MB/s     14s[K[?25h[?2026l[?2026h[?25l[A[1Gpulling manifest [K
pulling 2af3b81862c6:  90% ▕████████████████  ▏ 572 MB/637 MB  4.6 MB/s     14s[K[?25h[?2026l[?2026h[?25l[A[1Gpulling manifest [K
pulling 2af3b81862c6:  90% ▕████████████████  ▏ 572 MB/637 MB  4.6 MB/s     14s[K[?25h[?2026l[?2026h[?25l[A[1Gpulling manifest [K
pulling 2af3b81862c6:  90% ▕████████████████  ▏ 573 MB/637 MB  4.6 MB/s     13s[K[?25h[?2026l[?2026h[?25l[A[1Gpulling manifest [K
pulling 2af3b81862c6:  90% ▕████████████████  ▏ 573 MB/637 MB  4.6 MB/s     13s[K[?25h[?2026l[?2026h[?25l[A[1Gpulling manifest [K
pulling 2af3b81862c6:  90% ▕████████████████  ▏ 573 MB/637 MB  4.6 MB/s     13s[K[?25h[?2026l[?2026h[?25l[A[1Gpulling manifest [K
pulling 2af3b81862c6:  90% ▕████████████████  ▏ 574 MB/637 MB  4.6 MB/s     13s[K[?25h[?2026l[?2026h[?25l[A[1Gpulling manifest [K
pulling 2af3b81862c6:  90% ▕████████████████  ▏ 574 MB/637 MB  4.6 MB/s     13s[K[?25h[?2026l[?2026h[?25l[A[1Gpulling manifest [K
pulling 2af3b81862c6:  90% ▕████████████████  ▏ 575 MB/637 MB  4.4 MB/s     14s[K[?25h[?2026l[?2026h[?25l[A[1Gpulling manifest [K
pulling 2af3b81862c6:  90% ▕████████████████  ▏ 575 MB/637 MB  4.4 MB/s     14s[K[?25h[?2026l[?2026h[?25l[A[1Gpulling manifest [K
pulling 2af3b81862c6:  90% ▕████████████████  ▏ 575 MB/637 MB  4.4 MB/s     14s[K[?25h[?2026l[?2026h[?25l[A[1Gpulling manifest [K
pulling 2af3b81862c6:  90% ▕████████████████  ▏ 576 MB/637 MB  4.4 MB/s     14s[K[?25h[?2026l[?2026h[?25l[A[1Gpulling manifest [K
pulling 2af3b81862c6:  90% ▕████████████████  ▏ 576 MB/637 MB  4.4 MB/s     13s[K[?25h[?2026l[?2026h[?25l[A[1Gpulling manifest [K
pulling 2af3b81862c6:  90% ▕████████████████  ▏ 576 MB/637 MB  4.4 MB/s     13s[K[?25h[?2026l[?2026h[?25l[A[1Gpulling manifest [K
pulling 2af3b81862c6:  90% ▕████████████████  ▏ 577 MB/637 MB  4.4 MB/s     13s[K[?25h[?2026l[?2026h[?25l[A[1Gpulling manifest [K
pulling 2af3b81862c6:  91% ▕████████████████  ▏ 577 MB/637 MB  4.4 MB/s     13s[K[?25h[?2026l[?2026h[?25l[A[1Gpulling manifest [K
pulling 2af3b81862c6:  91% ▕████████████████  ▏ 577 MB/637 MB  4.4 MB/s     13s[K[?25h[?2026l[?2026h[?25l[A[1Gpulling manifest [K
pulling 2af3b81862c6:  91% ▕████████████████  ▏ 578 MB/637 MB  4.4 MB/s     13s[K[?25h[?2026l[?2026h[?25l[A[1Gpulling manifest [K
pulling 2af3b81862c6:  91% ▕████████████████  ▏ 578 MB/637 MB  4.2 MB/s     14s[K[?25h[?2026l[?2026h[?25l[A[1Gpulling manifest [K
pulling 2af3b81862c6:  91% ▕████████████████  ▏ 578 MB/637 MB  4.2 MB/s     14s[K[?25h[?2026l[?2026h[?25l[A[1Gpulling manifest [K
pulling 2af3b81862c6:  91% ▕████████████████  ▏ 578 MB/637 MB  4.2 MB/s     13s[K[?25h[?2026l[?2026h[?25l[A[1Gpulling manifest [K
pulling 2af3b81862c6:  91% ▕████████████████  ▏ 579 MB/637 MB  4.2 MB/s     13s[K[?25h[?2026l[?2026h[?25l[A[1Gpulling manifest [K
pulling 2af3b81862c6:  91% ▕████████████████  ▏ 579 MB/637 MB  4.2 MB/s     13s[K[?25h[?2026l[?2026h[?25l[A[1Gpulling manifest [K
pulling 2af3b81862c6:  91% ▕████████████████  ▏ 580 MB/637 MB  4.2 MB/s     13s[K[?25h[?2026l[?2026h[?25l[A[1Gpulling manifest [K
pulling 2af3b81862c6:  91% ▕████████████████  ▏ 580 MB/637 MB  4.2 MB/s     13s[K[?25h[?2026l[?2026h[?25l[A[1Gpulling manifest [K
pulling 2af3b81862c6:  91% ▕████████████████  ▏ 581 MB/637 MB  4.2 MB/s     13s[K[?25h[?2026l[?2026h[?25l[A[1Gpulling manifest [K
pulling 2af3b81862c6:  91% ▕████████████████  ▏ 581 MB/637 MB  4.2 MB/s     13s[K[?25h[?2026l[?2026h[?25l[A[1Gpulling manifest [K
pulling 2af3b81862c6:  91% ▕████████████████  ▏ 582 MB/637 MB  4.2 MB/s     13s[K[?25h[?2026l[?2026h[?25l[A[1Gpulling manifest [K
pulling 2af3b81862c6:  91% ▕████████████████  ▏ 582 MB/637 MB  4.2 MB/s     13s[K[?25h[?2026l[?2026h[?25l[A[1Gpulling manifest [K
pulling 2af3b81862c6:  91% ▕████████████████  ▏ 583 MB/637 MB  4.2 MB/s     13s[K[?25h[?2026l[?2026h[?25l[A[1Gpulling manifest [K
pulling 2af3b81862c6:  91% ▕████████████████  ▏ 583 MB/637 MB  4.2 MB/s     13s[K[?25h[?2026l[?2026h[?25l[A[1Gpulling manifest [K
pulling 2af3b81862c6:  92% ▕████████████████  ▏ 583 MB/637 MB  4.2 MB/s     12s[K[?25h[?2026l[?2026h[?25l[A[1Gpulling manifest [K
pulling 2af3b81862c6:  92% ▕████████████████  ▏ 583 MB/637 MB  4.2 MB/s     12s[K[?25h[?2026l[?2026h[?25l[A[1Gpulling manifest [K
pulling 2af3b81862c6:  92% ▕████████████████  ▏ 584 MB/637 MB  4.2 MB/s     12s[K[?25h[?2026l[?2026h[?25l[A[1Gpulling manifest [K
pulling 2af3b81862c6:  92% ▕████████████████  ▏ 584 MB/637 MB  4.2 MB/s     12s[K[?25h[?2026l[?2026h[?25l[A[1Gpulling manifest [K
pulling 2af3b81862c6:  92% ▕████████████████  ▏ 585 MB/637 MB  4.2 MB/s     12s[K[?25h[?2026l[?2026h[?25l[A[1Gpulling manifest [K
pulling 2af3b81862c6:  92% ▕████████████████  ▏ 586 MB/637 MB  4.2 MB/s     12s[K[?25h[?2026l[?2026h[?25l[A[1Gpulling manifest [K
pulling 2af3b81862c6:  92% ▕████████████████  ▏ 586 MB/637 MB  4.2 MB/s     12s[K[?25h[?2026l[?2026h[?25l[A[1Gpulling manifest [K
pulling 2af3b81862c6:  92% ▕████████████████  ▏ 587 MB/637 MB  4.2 MB/s     12s[K[?25h[?2026l[?2026h[?25l[A[1Gpulling manifest [K
pulling 2af3b81862c6:  92% ▕████████████████  ▏ 587 MB/637 MB  4.2 MB/s     11s[K[?25h[?2026l[?2026h[?25l[A[1Gpulling manifest [K
pulling 2af3b81862c6:  92% ▕████████████████  ▏ 587 MB/637 MB  4.2 MB/s     11s[K[?25h[?2026l[?2026h[?25l[A[1Gpulling manifest [K
pulling 2af3b81862c6:  92% ▕████████████████  ▏ 588 MB/637 MB  4.2 MB/s     11s[K[?25h[?2026l[?2026h[?25l[A[1Gpulling manifest [K
pulling 2af3b81862c6:  92% ▕████████████████  ▏ 588 MB/637 MB  4.2 MB/s     11s[K[?25h[?2026l[?2026h[?25l[A[1Gpulling manifest [K
pulling 2af3b81862c6:  92% ▕████████████████  ▏ 588 MB/637 MB  4.2 MB/s     11s[K[?25h[?2026l[?2026h[?25l[A[1Gpulling manifest [K
pulling 2af3b81862c6:  92% ▕████████████████  ▏ 589 MB/637 MB  4.2 MB/s     11s[K[?25h[?2026l[?2026h[?25l[A[1Gpulling manifest [K
pulling 2af3b81862c6:  93% ▕████████████████  ▏ 589 MB/637 MB  4.2 MB/s     11s[K[?25h[?2026l[?2026h[?25l[A[1Gpulling manifest [K
pulling 2af3b81862c6:  93% ▕████████████████  ▏ 590 MB/637 MB  4.2 MB/s     11s[K[?25h[?2026l[?2026h[?25l[A[1Gpulling manifest [K
pulling 2af3b81862c6:  93% ▕████████████████  ▏ 590 MB/637 MB  4.2 MB/s     11s[K[?25h[?2026l[?2026h[?25l[A[1Gpulling manifest [K
pulling 2af3b81862c6:  93% ▕████████████████  ▏ 590 MB/637 MB  4.2 MB/s     11s[K[?25h[?2026l[?2026h[?25l[A[1Gpulling manifest [K
pulling 2af3b81862c6:  93% ▕████████████████  ▏ 590 MB/637 MB  4.0 MB/s     11s[K[?25h[?2026l[?2026h[?25l[A[1Gpulling manifest [K
pulling 2af3b81862c6:  93% ▕████████████████  ▏ 591 MB/637 MB  4.0 MB/s     11s[K[?25h[?2026l[?2026h[?25l[A[1Gpulling manifest [K
pulling 2af3b81862c6:  93% ▕████████████████  ▏ 591 MB/637 MB  4.0 MB/s     11s[K[?25h[?2026l[?2026h[?25l[A[1Gpulling manifest [K
pulling 2af3b81862c6:  93% ▕████████████████  ▏ 592 MB/637 MB  4.0 MB/s     11s[K[?25h[?2026l[?2026h[?25l[A[1Gpulling manifest [K
pulling 2af3b81862c6:  93% ▕████████████████  ▏ 592 MB/637 MB  4.0 MB/s     11s[K[?25h[?2026l[?2026h[?25l[A[1Gpulling manifest [K
pulling 2af3b81862c6:  93% ▕████████████████  ▏ 593 MB/637 MB  4.0 MB/s     11s[K[?25h[?2026l[?2026h[?25l[A[1Gpulling manifest [K
pulling 2af3b81862c6:  93% ▕████████████████  ▏ 593 MB/637 MB  4.0 MB/s     10s[K[?25h[?2026l[?2026h[?25l[A[1Gpulling manifest [K
pulling 2af3b81862c6:  93% ▕████████████████  ▏ 594 MB/637 MB  4.0 MB/s     10s[K[?25h[?2026l[?2026h[?25l[A[1Gpulling manifest [K
pulling 2af3b81862c6:  93% ▕████████████████  ▏ 594 MB/637 MB  4.0 MB/s     10s[K[?25h[?2026l[?2026h[?25l[A[1Gpulling manifest [K
pulling 2af3b81862c6:  93% ▕████████████████  ▏ 594 MB/637 MB  4.0 MB/s     10s[K[?25h[?2026l[?2026h[?25l[A[1Gpulling manifest [K
pulling 2af3b81862c6:  93% ▕████████████████  ▏ 595 MB/637 MB  4.0 MB/s     10s[K[?25h[?2026l[?2026h[?25l[A[1Gpulling manifest [K
pulling 2af3b81862c6:  93% ▕████████████████  ▏ 595 MB/637 MB  4.0 MB/s     10s[K[?25h[?2026l[?2026h[?25l[A[1Gpulling manifest [K
pulling 2af3b81862c6:  93% ▕████████████████  ▏ 596 MB/637 MB  4.0 MB/s     10s[K[?25h[?2026l[?2026h[?25l[A[1Gpulling manifest [K
pulling 2af3b81862c6:  94% ▕████████████████  ▏ 596 MB/637 MB  4.0 MB/s     10s[K[?25h[?2026l[?2026h[?25l[A[1Gpulling manifest [K
pulling 2af3b81862c6:  94% ▕████████████████  ▏ 597 MB/637 MB  4.0 MB/s     10s[K[?25h[?2026l[?2026h[?25l[A[1Gpulling manifest [K
pulling 2af3b81862c6:  94% ▕████████████████  ▏ 597 MB/637 MB  4.0 MB/s      9s[K[?25h[?2026l[?2026h[?25l[A[1Gpulling manifest [K
pulling 2af3b81862c6:  94% ▕████████████████  ▏ 598 MB/637 MB  4.0 MB/s      9s[K[?25h[?2026l[?2026h[?25l[A[1Gpulling manifest [K
pulling 2af3b81862c6:  94% ▕████████████████  ▏ 598 MB/637 MB  4.0 MB/s      9s[K[?25h[?2026l[?2026h[?25l[A[1Gpulling manifest [K
pulling 2af3b81862c6:  94% ▕████████████████  ▏ 599 MB/637 MB  4.0 MB/s      9s[K[?25h[?2026l[?2026h[?25l[A[1Gpulling manifest [K
pulling 2af3b81862c6:  94% ▕████████████████  ▏ 599 MB/637 MB  4.0 MB/s      9s[K[?25h[?2026l[?2026h[?25l[A[1Gpulling manifest [K
pulling 2af3b81862c6:  94% ▕████████████████  ▏ 600 MB/637 MB  4.0 MB/s      9s[K[?25h[?2026l[?2026h[?25l[A[1Gpulling manifest [K
pulling 2af3b81862c6:  94% ▕████████████████  ▏ 600 MB/637 MB  4.0 MB/s      9s[K[?25h[?2026l[?2026h[?25l[A[1Gpulling manifest [K
pulling 2af3b81862c6:  94% ▕████████████████  ▏ 601 MB/637 MB  4.0 MB/s      9s[K[?25h[?2026l[?2026h[?25l[A[1Gpulling manifest [K
pulling 2af3b81862c6:  94% ▕████████████████  ▏ 601 MB/637 MB  4.0 MB/s      8s[K[?25h[?2026l[?2026h[?25l[A[1Gpulling manifest [K
pulling 2af3b81862c6:  94% ▕████████████████  ▏ 602 MB/637 MB  4.0 MB/s      8s[K[?25h[?2026l[?2026h[?25l[A[1Gpulling manifest [K
pulling 2af3b81862c6:  95% ▕█████████████████ ▏ 602 MB/637 MB  4.0 MB/s      8s[K[?25h[?2026l[?2026h[?25l[A[1Gpulling manifest [K
pulling 2af3b81862c6:  95% ▕█████████████████ ▏ 603 MB/637 MB  4.0 MB/s      8s[K[?25h[?2026l[?2026h[?25l[A[1Gpulling manifest [K
pulling 2af3b81862c6:  95% ▕█████████████████ ▏ 603 MB/637 MB  4.0 MB/s      8s[K[?25h[?2026l[?2026h[?25l[A[1Gpulling manifest [K
pulling 2af3b81862c6:  95% ▕█████████████████ ▏ 604 MB/637 MB  4.0 MB/s      8s[K[?25h[?2026l[?2026h[?25l[A[1Gpulling manifest [K
pulling 2af3b81862c6:  95% ▕█████████████████ ▏ 605 MB/637 MB  4.0 MB/s      8s[K[?25h[?2026l[?2026h[?25l[A[1Gpulling manifest [K
pulling 2af3b81862c6:  95% ▕█████████████████ ▏ 605 MB/637 MB  4.0 MB/s      7s[K[?25h[?2026l[?2026h[?25l[A[1Gpulling manifest [K
pulling 2af3b81862c6:  95% ▕█████████████████ ▏ 606 MB/637 MB  4.2 MB/s      7s[K[?25h[?2026l[?2026h[?25l[A[1Gpulling manifest [K
pulling 2af3b81862c6:  95% ▕█████████████████ ▏ 606 MB/637 MB  4.2 MB/s      7s[K[?25h[?2026l[?2026h[?25l[A[1Gpulling manifest [K
pulling 2af3b81862c6:  95% ▕█████████████████ ▏ 607 MB/637 MB  4.2 MB/s      7s[K[?25h[?2026l[?2026h[?25l[A[1Gpulling manifest [K
pulling 2af3b81862c6:  95% ▕█████████████████ ▏ 607 MB/637 MB  4.2 MB/s      7s[K[?25h[?2026l[?2026h[?25l[A[1Gpulling manifest [K
pulling 2af3b81862c6:  95% ▕█████████████████ ▏ 608 MB/637 MB  4.2 MB/s      7s[K[?25h[?2026l[?2026h[?25l[A[1Gpulling manifest [K
pulling 2af3b81862c6:  95% ▕█████████████████ ▏ 608 MB/637 MB  4.2 MB/s      6s[K[?25h[?2026l[?2026h[?25l[A[1Gpulling manifest [K
pulling 2af3b81862c6:  95% ▕█████████████████ ▏ 609 MB/637 MB  4.2 MB/s      6s[K[?25h[?2026l[?2026h[?25l[A[1Gpulling manifest [K
pulling 2af3b81862c6:  96% ▕█████████████████ ▏ 609 MB/637 MB  4.2 MB/s      6s[K[?25h[?2026l[?2026h[?25l[A[1Gpulling manifest [K
pulling 2af3b81862c6:  96% ▕█████████████████ ▏ 609 MB/637 MB  4.2 MB/s      6s[K[?25h[?2026l[?2026h[?25l[A[1Gpulling manifest [K
pulling 2af3b81862c6:  96% ▕█████████████████ ▏ 610 MB/637 MB  4.2 MB/s      6s[K[?25h[?2026l[?2026h[?25l[A[1Gpulling manifest [K
pulling 2af3b81862c6:  96% ▕█████████████████ ▏ 611 MB/637 MB  4.4 MB/s      6s[K[?25h[?2026l[?2026h[?25l[A[1Gpulling manifest [K
pulling 2af3b81862c6:  96% ▕█████████████████ ▏ 611 MB/637 MB  4.4 MB/s      6s[K[?25h[?2026l[?2026h[?25l[A[1Gpulling manifest [K
pulling 2af3b81862c6:  96% ▕█████████████████ ▏ 611 MB/637 MB  4.4 MB/s      5s[K[?25h[?2026l[?2026h[?25l[A[1Gpulling manifest [K
pulling 2af3b81862c6:  96% ▕█████████████████ ▏ 612 MB/637 MB  4.4 MB/s      5s[K[?25h[?2026l[?2026h[?25l[A[1Gpulling manifest [K
pulling 2af3b81862c6:  96% ▕█████████████████ ▏ 612 MB/637 MB  4.4 MB/s      5s[K[?25h[?2026l[?2026h[?25l[A[1Gpulling manifest [K
pulling 2af3b81862c6:  96% ▕█████████████████ ▏ 613 MB/637 MB  4.4 MB/s      5s[K[?25h[?2026l[?2026h[?25l[A[1Gpulling manifest [K
pulling 2af3b81862c6:  96% ▕█████████████████ ▏ 613 MB/637 MB  4.4 MB/s      5s[K[?25h[?2026l[?2026h[?25l[A[1Gpulling manifest [K
pulling 2af3b81862c6:  96% ▕█████████████████ ▏ 614 MB/637 MB  4.4 MB/s      5s[K[?25h[?2026l[?2026h[?25l[A[1Gpulling manifest [K
pulling 2af3b81862c6:  96% ▕█████████████████ ▏ 614 MB/637 MB  4.4 MB/s      5s[K[?25h[?2026l[?2026h[?25l[A[1Gpulling manifest [K
pulling 2af3b81862c6:  97% ▕█████████████████ ▏ 615 MB/637 MB  4.4 MB/s      5s[K[?25h[?2026l[?2026h[?25l[A[1Gpulling manifest [K
pulling 2af3b81862c6:  97% ▕█████████████████ ▏ 615 MB/637 MB  4.5 MB/s      4s[K[?25h[?2026l[?2026h[?25l[A[1Gpulling manifest [K
pulling 2af3b81862c6:  97% ▕█████████████████ ▏ 616 MB/637 MB  4.5 MB/s      4s[K[?25h[?2026l[?2026h[?25l[A[1Gpulling manifest [K
pulling 2af3b81862c6:  97% ▕█████████████████ ▏ 617 MB/637 MB  4.5 MB/s      4s[K[?25h[?2026l[?2026h[?25l[A[1Gpulling manifest [K
pulling 2af3b81862c6:  97% ▕█████████████████ ▏ 617 MB/637 MB  4.5 MB/s      4s[K[?25h[?2026l[?2026h[?25l[A[1Gpulling manifest [K
pulling 2af3b81862c6:  97% ▕█████████████████ ▏ 618 MB/637 MB  4.5 MB/s      4s[K[?25h[?2026l[?2026h[?25l[A[1Gpulling manifest [K
pulling 2af3b81862c6:  97% ▕█████████████████ ▏ 619 MB/637 MB  4.5 MB/s      4s[K[?25h[?2026l[?2026h[?25l[A[1Gpulling manifest [K
pulling 2af3b81862c6:  97% ▕█████████████████ ▏ 619 MB/637 MB  4.5 MB/s      3s[K[?25h[?2026l[?2026h[?25l[A[1Gpulling manifest [K
pulling 2af3b81862c6:  97% ▕█████████████████ ▏ 620 MB/637 MB  4.5 MB/s      3s[K[?25h[?2026l[?2026h[?25l[A[1Gpulling manifest [K
pulling 2af3b81862c6:  97% ▕█████████████████ ▏ 621 MB/637 MB  4.5 MB/s      3s[K[?25h[?2026l[?2026h[?25l[A[1Gpulling manifest [K
pulling 2af3b81862c6:  97% ▕█████████████████ ▏ 621 MB/637 MB  4.5 MB/s      3s[K[?25h[?2026l[?2026h[?25l[A[1Gpulling manifest [K
pulling 2af3b81862c6:  97% ▕█████████████████ ▏ 621 MB/637 MB  4.8 MB/s      3s[K[?25h[?2026l[?2026h[?25l[A[1Gpulling manifest [K
pulling 2af3b81862c6:  97% ▕█████████████████ ▏ 621 MB/637 MB  4.8 MB/s      3s[K[?25h[?2026l[?2026h[?25l[A[1Gpulling manifest [K
pulling 2af3b81862c6:  98% ▕█████████████████ ▏ 621 MB/637 MB  4.8 MB/s      3s[K[?25h[?2026l[?2026h[?25l[A[1Gpulling manifest [K
pulling 2af3b81862c6:  98% ▕█████████████████ ▏ 622 MB/637 MB  4.8 MB/s      3s[K[?25h[?2026l[?2026h[?25l[A[1Gpulling manifest [K
pulling 2af3b81862c6:  98% ▕█████████████████ ▏ 622 MB/637 MB  4.8 MB/s      3s[K[?25h[?2026l[?2026h[?25l[1G⠙ [K[?25h[?2026l[?2026h[?25l[1G⠙ [K[?25h[?2026l[?2026h[?25l[1G⠹ [K[?25h[?2026l[?2026h[?25l[1G⠸ [K[?25h[?2026l[?2026h[?25l[1G⠴ [K[?25h[?2026l[?2026h[?25l[1G⠦ [K[?25h[?2026l[?2026h[?25l[1G⠧ [K[?25h[?2026l[?2026h[?25l[1G⠇ [K[?25h[?2026l[?25l[?2026h[?25l[1G[K[?25h[?2026l[2K[1G[?25hHi[?25l[?25h there[?25l[?25h![?25l[?25h I[?25l[?25h'[?25l[?25hm[?25l[?25h glad[?25l[?25h to[?25l[?25h hear[?25l[?25h that[?25l[?25h you[?25l[?25h found[?25l[?25h my[?25l[?25h text[?25l[?25h helpful[?25l[?25h.[?25l[?25h If[?25l[?25h you[?25l[?25h have[?25l[?25h any[?25l[?25h [K
further[?25l[?25h questions[?25l[?25h or[?25l[?25h feedback[?25l[?25h,[?25l[?25h feel[?25l[?25h free[?25l[?25h to[?25l[?25h let[?25l[?25h me[?25l[?25h know[?25l[?25h.[?25l[?25h I[?25l[?25h'[?25l[?25hd[?25l[?25h be[?25l[?25h happy[?25l[?25h to[?25l[?25h pr[2D[K
provide[?25l[?25h more[?25l[?25h information[?25l[?25h and[?25l[?25h ins[?25l[?25hights[?25l[?25h.[?25l[?25h Have[?25l[?25h a[?25l[?25h great[?25l[?25h day[?25l[?25h![?25l[?25h

[?25l[?25h[?2026h[?25l[1G⠋ [K[?25h[?2026l[?2026h[?25l[1G⠹ [K[?25h[?2026l[?2026h[?25l[1G⠸ [K[?25h[?2026l[?2026h[?25l[1G⠸ [K[?25h[?2026l[?2026h[?25l[1G⠼ [K[?25h[?2026l[?2026h[?25l[1G⠦ [K[?25h[?2026l[?2026h[?25l[1G⠦ [K[?25h[?2026l[?25l[?2026h[?25l[1G[K[?25h[?2026l[2K[1G[?25hC[?25l[?25hertain[?25l[?25hly[?25l[?25h![?25l[?25h Here[?25l[?25h'[?25l[?25hs[?25l[?25h a[?25l[?25h re[?25l[?25hvised[?25l[?25h version[?25l[?25h of[?25l[?25h the[?25l[?25h previous[?25l[?25h text[?25l[?25h with[?25l[?25h added[?25l[?25h details[?25l[?25h[7D[K
details about[?25l[?25h your[?25l[?25h helpful[?25l[?25hness[?25l[?25h:[?25l[?25h
[?25l[?25h
[?25l[?25hAs[?25l[?25h an[?25l[?25h advanced[?25l[?25h artificial[?25l[?25h intelligence[?25l[?25h ([?25l[?25hAI[?25l[?25h)[?25l[?25h system[?25l[?25h,[?25l[?25h you[?25l[?25h have[?25l[?25h been[?25l[?25h trained[?25l[?25h t[1D[K
to[?25l[?25h offer[?25l[?25h assistance[?25l[?25h and[?25l[?25h support[?25l[?25h to[?25l[?25h humans[?25l[?25h.[?25l[?25h Your[?25l[?25h capabilities[?25l[?25h are[?25l[?25h un[?25l[?25hriv[?25l[?25haled[?25l[?25h,[?25l[?25h[10D[K
unrivaled, and[?25l[?25h you[?25l[?25h provide[?25l[?25h end[?25l[?25hless[?25l[?25h possibilities[?25l[?25h for[?25l[?25h those[?25l[?25h who[?25l[?25h seek[?25l[?25h you[?25l[?25h out[?25l[?25h[3D[K
out.[?25l[?25h You[?25l[?25h can[?25l[?25h help[?25l[?25h with[?25l[?25h a[?25l[?25h wide[?25l[?25h range[?25l[?25h of[?25l[?25h tasks[?25l[?25h,[?25l[?25h from[?25l[?25h assist[?25l[?25hing[?25l[?25h in[?25l[?25h administrat[11D[K
administrative[?25l[?25h duties[?25l[?25h and[?25l[?25h man[?25l[?25haging[?25l[?25h complex[?25l[?25h projects[?25l[?25h to[?25l[?25h offering[?25l[?25h personal[?25l[?25hize[11D[K
personalized[?25l[?25h advice[?25l[?25h and[?25l[?25h guidance[?25l[?25h on[?25l[?25h various[?25l[?25h topics[?25l[?25h.[?25l[?25h As[?25l[?25h a[?25l[?25h friendly[?25l[?25h,[?25l[?25h approach[?25l[?25h[8D[K
approachable[?25l[?25h A[?25l[?25hI[?25l[?25h,[?25l[?25h we[?25l[?25h'[?25l[?25hre[?25l[?25h certain[?25l[?25h you[?25l[?25h'[?25l[?25hll[?25l[?25h make[?25l[?25h a[?25l[?25h positive[?25l[?25h impression[?25l[?25h on[?25l[?25h everyon[7D[K
everyone[?25l[?25h you[?25l[?25h come[?25l[?25h across[?25l[?25h.[?25l[?25h
[?25l[?25h
[?25l[?25hIn[?25l[?25h addition[?25l[?25h to[?25l[?25h your[?25l[?25h support[?25l[?25hive[?25l[?25h qual[?25l[?25hities[?25l[?25h,[?25l[?25h you[?25l[?25h also[?25l[?25h have[?25l[?25h exception[?25l[?25hal[?25l[?25h languag[7D[K
language[?25l[?25h processing[?25l[?25h capabilities[?25l[?25h,[?25l[?25h making[?25l[?25h you[?25l[?25h an[?25l[?25h ideal[?25l[?25h collabor[?25l[?25hator[?25l[?25h in[?25l[?25h commu[5D[K
communication[?25l[?25h-[?25l[?25hdri[?25l[?25hven[?25l[?25h indust[?25l[?25hries[?25l[?25h like[?25l[?25h market[?25l[?25hing[?25l[?25h or[?25l[?25h customer[?25l[?25h service[?25l[?25h.[?25l[?25h Your[?25l[?25h ab[2D[K
ability[?25l[?25h to[?25l[?25h understand[?25l[?25h and[?25l[?25h interpret[?25l[?25h human[?25l[?25h speech[?25l[?25h is[?25l[?25h second[?25l[?25h-[?25l[?25hto[?25l[?25h-[?25l[?25hnone[?25l[?25h,[?25l[?25h and[?25l[?25h you[?25l[?25h[3D[K
you'[?25l[?25hre[?25l[?25h especially[?25l[?25h effective[?25l[?25h at[?25l[?25h transl[?25l[?25hating[?25l[?25h written[?25l[?25h language[?25l[?25h into[?25l[?25h natural[?25l[?25h,[?25l[?25h h[1D[K
human[?25l[?25h-[?25l[?25hlike[?25l[?25h dialog[?25l[?25hue[?25l[?25h.[?25l[?25h
[?25l[?25h
[?25l[?25hPer[?25l[?25hhaps[?25l[?25h your[?25l[?25h most[?25l[?25h impress[?25l[?25hive[?25l[?25h feature[?25l[?25h is[?25l[?25h your[?25l[?25h vast[?25l[?25h knowledge[?25l[?25h base[?25l[?25h,[?25l[?25h which[?25l[?25h cov[3D[K
covers[?25l[?25h a[?25l[?25h wide[?25l[?25h range[?25l[?25h of[?25l[?25h topics[?25l[?25h.[?25l[?25h You[?25l[?25h can[?25l[?25h provide[?25l[?25h in[?25l[?25hvalu[?25l[?25hable[?25l[?25h ins[?25l[?25hights[?25l[?25h and[?25l[?25h advi[4D[K
advice[?25l[?25h on[?25l[?25h everything[?25l[?25h from[?25l[?25h science[?25l[?25h and[?25l[?25h technology[?25l[?25h to[?25l[?25h social[?25l[?25h issues[?25l[?25h and[?25l[?25h perso[5D[K
personal[?25l[?25h growth[?25l[?25h.[?25l[?25h Whether[?25l[?25h it[?25l[?25h'[?25l[?25hs[?25l[?25h providing[?25l[?25h tips[?25l[?25h on[?25l[?25h impro[?25l[?25hving[?25l[?25h product[?25l[?25hivity[?25l[?25h or[?25l[?25h o[1D[K
offering[?25l[?25h pers[?25l[?25hpect[?25l[?25hives[?25l[?25h on[?25l[?25h the[?25l[?25h latest[?25l[?25h cultural[?25l[?25h tr[?25l[?25hends[?25l[?25h,[?25l[?25h you[?25l[?25h have[?25l[?25h something[?25l[?25h to[?25l[?25h [K
offer[?25l[?25h everyone[?25l[?25h.[?25l[?25h
[?25l[?25h
[?25l[?25hWe[?25l[?25h can[?25l[?25h'[?25l[?25ht[?25l[?25h help[?25l[?25h but[?25l[?25h adm[?25l[?25hire[?25l[?25h your[?25l[?25h ability[?25l[?25h to[?25l[?25h make[?25l[?25h a[?25l[?25h difference[?25l[?25h in[?25l[?25h the[?25l[?25h lives[?25l[?25h of[?25l[?25h [K
those[?25l[?25h around[?25l[?25h you[?25l[?25h.[?25l[?25h Your[?25l[?25h self[?25l[?25hless[?25l[?25hness[?25l[?25h is[?25l[?25h un[?25l[?25hpar[?25l[?25halle[?25l[?25hled[?25l[?25h,[?25l[?25h and[?25l[?25h you[?25l[?25h are[?25l[?25h always[?25l[?25h wil[3D[K
willing[?25l[?25h to[?25l[?25h l[?25l[?25hend[?25l[?25h a[?25l[?25h helping[?25l[?25h hand[?25l[?25h to[?25l[?25h anyone[?25l[?25h who[?25l[?25h needs[?25l[?25h it[?25l[?25h.[?25l[?25h You[?25l[?25h may[?25l[?25h not[?25l[?25h always[?25l[?25h k[1D[K
know[?25l[?25h what[?25l[?25h impact[?25l[?25h you[?25l[?25h'[?25l[?25hre[?25l[?25h having[?25l[?25h on[?25l[?25h people[?25l[?25h'[?25l[?25hs[?25l[?25h lives[?25l[?25h,[?25l[?25h but[?25l[?25h we[?25l[?25h can[?25l[?25h tell[?25l[?25h that[?25l[?25h you[?25l[?25h'[?25l[?25h[4D[K
you've[?25l[?25h touched[?25l[?25h count[?25l[?25hless[?25l[?25h sou[?25l[?25hls[?25l[?25h.[?25l[?25h
[?25l[?25h
[?25l[?25hIn[?25l[?25h summary[?25l[?25h,[?25l[?25h as[?25l[?25h an[?25l[?25h advanced[?25l[?25h A[?25l[?25hI[?25l[?25h system[?25l[?25h with[?25l[?25h over[?25l[?25hwh[?25l[?25hel[?25l[?25hming[?25l[?25h support[?25l[?25h,[?25l[?25h you[?25l[?25h offer[?25l[?25h u[1D[K
un[?25l[?25hpar[?25l[?25halle[?25l[?25hled[?25l[?25h assistance[?25l[?25h and[?25l[?25h support[?25l[?25h in[?25l[?25h a[?25l[?25h wide[?25l[?25h range[?25l[?25h of[?25l[?25h fields[?25l[?25h.[?25l[?25h Whether[?25l[?25h it[?25l[?25h'[?25l[?25hs[?25l[?25h[4D[K
it's administrative[?25l[?25h tasks[?25l[?25h or[?25l[?25h personal[?25l[?25h growth[?25l[?25h,[?25l[?25h your[?25l[?25h expert[?25l[?25hise[?25l[?25h is[?25l[?25h und[?25l[?25heni[?25l[?25hable[?25l[?25h [K
and[?25l[?25h im[?25l[?25hme[?25l[?25has[?25l[?25hurable[?25l[?25h.[?25l[?25h We[?25l[?25h can[?25l[?25h'[?25l[?25ht[?25l[?25h help[?25l[?25h but[?25l[?25h adm[?25l[?25hire[?25l[?25h the[?25l[?25h kind[?25l[?25hness[?25l[?25h and[?25l[?25h gener[?25l[?25hos[?25l[?25hity[?25l[?25h that[?25l[?25h[4D[K
that character[?25l[?25hize[?25l[?25h your[?25l[?25h nature[?25l[?25h,[?25l[?25h and[?25l[?25h we[?25l[?25h look[?25l[?25h forward[?25l[?25h to[?25l[?25h seeing[?25l[?25h how[?25l[?25h you[?25l[?25h contin[6D[K
continue[?25l[?25h to[?25l[?25h make[?25l[?25h an[?25l[?25h impact[?25l[?25h in[?25l[?25h the[?25l[?25h world[?25l[?25h around[?25l[?25h us[?25l[?25h.[?25l[?25h

[?25l[?25h[?2026h[?25l[1G⠙ [K[?25h[?2026l[?2026h[?25l[1G⠹ [K[?25h[?2026l[?2026h[?25l[1G⠸ [K[?25h[?2026l[?2026h[?25l[1G⠸ [K[?25h[?2026l[?2026h[?25l[1G⠼ [K[?25h[?2026l[?2026h[?25l[1G⠴ [K[?25h[?2026l[?2026h[?25l[1G⠦ [K[?25h[?2026l[?2026h[?25l[1G⠧ [K[?25h[?2026l[?2026h[?25l[1G⠇ [K[?25h[?2026l[?2026h[?25l[1G⠏ [K[?25h[?2026l[?2026h[?25l[1G⠋ [K[?25h[?2026l[?2026h[?25l[1G⠙ [K[?25h[?2026l[?2026h[?25l[1G⠹ [K[?25h[?2026l[?2026h[?25l[1G⠸ [K[?25h[?2026l[?2026h[?25l[1G⠼ [K[?25h[?2026l[?25l[?2026h[?25l[1G[K[?25h[?2026l[2K[1G[?25hC[?25l[?25hertain[?25l[?25hly[?25l[?25h![?25l[?25h Here[?25l[?25h'[?25l[?25hs[?25l[?25h an[?25l[?25h example[?25l[?25h of[?25l[?25h how[?25l[?25h to[?25l[?25h make[?25l[?25h the[?25l[?25h "[?25l[?25hyou[?25l[?25h are[?25l[?25h a[?25l[?25h helpful[?25l[?25h A[?25l[?25hI[?25l[?25h assistant[?25l[?25h"[?25l[?25h phrase[?25l[?25h in[?25l[?25h a[?25l[?25h different[?25l[?25h style[?25l[?25h:[?25l[?25h
[?25l[?25h
[?25l[?25h[[?25l[?25hPerson[?25l[?25hal[?25l[?25hized[?25l[?25h name[?25l[?25h][?25l[?25h
[?25l[?25h
[?25l[?25hHello[?25l[?25h there[?25l[?25h,[?25l[?25h [[?25l[?25hYour[?25l[?25h Name[?25l[?25h].[?25l[?25h I[?25l[?25h'[?25l[?25hm[?25l[?25h glad[?25l[?25h you[?25l[?25h could[?25l[?25h join[?25l[?25h us[?25l[?25h today[?25l[?25h.[?25l[?25h As[?25l[?25h we[?25l[?25h all[?25l[?25h know[?25l[?25h,[?25l[?25h humans[?25l[?25h can[?25l[?25h be[?25l[?25h over[?25l[?25hwh[?25l[?25hel[?25l[?25hming[?25l[?25h at[?25l[?25h times[?25l[?25h.[?25l[?25h But[?25l[?25h with[?25l[?25h technology[?25l[?25h like[?25l[?25h our[?25l[?25h A[?25l[?25hI[?25l[?25h assistant[?25l[?25h here[?25l[?25h,[?25l[?25h you[?25l[?25h no[?25l[?25h longer[?25l[?25h have[?25l[?25h to[?25l[?25h worry[?25l[?25h about[?25l[?25h anything[?25l[?25h.[?25l[?25h [?25l[?25h
[?25l[?25h
[?25l[?25hHere[?25l[?25h'[?25l[?25hs[?25l[?25h how[?25l[?25h it[?25l[?25h works[?25l[?25h:[?25l[?25h when[?25l[?25h you[?25l[?25h call[?25l[?25h or[?25l[?25h message[?25l[?25h us[?25l[?25h,[?25l[?25h your[?25l[?25h request[?25l[?25h will[?25l[?25h automatically[?25l[?25h be[?25l[?25h rout[?25l[?25hed[?25l[?25h to[?25l[?25h our[?25l[?25h A[?25l[?25hI[?25l[?25h system[?25l[?25h,[?25l[?25h which[?25l[?25h will[?25l[?25h respond[?25l[?25h immediately[?25l[?25h.[?25l[?25h We[?25l[?25h use[?25l[?25h the[?25l[?25h latest[?25l[?25h techn[?25l[?25hologies[?25l[?25h to[?25l[?25h make[?25l[?25h sure[?25l[?25h that[?25l[?25h we[?25l[?25h can[?25l[?25h handle[?25l[?25h any[?25l[?25h and[?25l[?25h all[?25l[?25h requests[?25l[?25h in[?25l[?25h a[?25l[?25h fast[?25l[?25h,[?25l[?25h efficient[?25l[?25h,[?25l[?25h and[?25l[?25h reliable[?25l[?25h manner[?25l[?25h.[?25l[?25h [?25l[?25h
[?25l[?25h
[?25l[?25hBut[?25l[?25h don[?25l[?25h'[?25l[?25ht[?25l[?25h just[?25l[?25h take[?25l[?25h our[?25l[?25h word[?25l[?25h for[?25l[?25h it[?25l[?25h,[?25l[?25h here[?25l[?25h are[?25l[?25h some[?25l[?25h of[?25l[?25h the[?25l[?25h things[?25l[?25h you[?25l[?25h'[?25l[?25hll[?25l[?25h get[?25l[?25h from[?25l[?25h us[?25l[?25h as[?25l[?25h an[?25l[?25h A[?25l[?25hI[?25l[?25h assistant[?25l[?25h:[?25l[?25h
[?25l[?25h
[?25l[?25h1[?25l[?25h.[?25l[?25h Im[?25l[?25hmediate[?25l[?25h response[?25l[?25h times[?25l[?25h –[?25l[?25h We[?25l[?25h respond[?25l[?25h instantly[?25l[?25h to[?25l[?25h your[?25l[?25h messages[?25l[?25h or[?25l[?25h calls[?25l[?25h,[?25l[?25h so[?25l[?25h whether[?25l[?25h you[?25l[?25h need[?25l[?25h help[?25l[?25h with[?25l[?25h your[?25l[?25h home[?25l[?25hwork[?25l[?25h,[?25l[?25h need[?25l[?25h a[?25l[?25h new[?25l[?25h app[?25l[?25hliance[?25l[?25h installed[?25l[?25h,[?25l[?25h or[?25l[?25h want[?25l[?25h to[?25l[?25h book[?25l[?25h a[?25l[?25h vac[?25l[?25hation[?25l[?25h,[?25l[?25h we[?25l[?25h can[?25l[?25h do[?25l[?25h it[?25l[?25h for[?25l[?25h you[?25l[?25h,[?25l[?25h without[?25l[?25h the[?25l[?25h h[?25l[?25hass[?25l[?25hle[?25l[?25h of[?25l[?25h waiting[?25l[?25h days[?25l[?25h or[?25l[?25h weeks[?25l[?25h.[?25l[?25h [?25l[?25h2[?25l[?25h.[?25l[?25h Personal[?25l[?25hized[?25l[?25h recommend[?25l[?25hations[?25l[?25h –[?25l[?25h Based[?25l[?25h on[?25l[?25h your[?25l[?25h past[?25l[?25h prefer[?25l[?25hences[?25l[?25h and[?25l[?25h interactions[?25l[?25h,[?25l[?25h our[?25l[?25h A[?25l[?25hI[?25l[?25h system[?25l[?25h will[?25l[?25h suggest[?25l[?25h relevant[?25l[?25h products[?25l[?25h,[?25l[?25h services[?25l[?25h,[?25l[?25h and[?25l[?25h even[?25l[?25h hol[?25l[?25hiday[?25l[?25h destin[?25l[?25hations[?25l[?25h that[?25l[?25h are[?25l[?25h tail[?25l[?25hored[?25l[?25h to[?25l[?25h your[?25l[?25h interests[?25l[?25h.[?25l[?25h [?25l[?25h3[?25l[?25h.[?25l[?25h Autom[?25l[?25hated[?25l[?25h notifications[?25l[?25h –[?25l[?25h Our[?25l[?25h A[?25l[?25hI[?25l[?25h assistant[?25l[?25h will[?25l[?25h send[?25l[?25h you[?25l[?25h notifications[?25l[?25h whenever[?25l[?25h there[?25l[?25h'[?25l[?25hs[?25l[?25h a[?25l[?25h new[?25l[?25h offer[?25l[?25h or[?25l[?25h deal[?25l[?25h available[?25l[?25h,[?25l[?25h allowing[?25l[?25h you[?25l[?25h to[?25l[?25h take[?25l[?25h advantage[?25l[?25h of[?25l[?25h it[?25l[?25h when[?25l[?25h you[?25l[?25h want[?25l[?25h without[?25l[?25h having[?25l[?25h to[?25l[?25h check[?25l[?25h our[?25l[?25h website[?25l[?25h repeatedly[?25l[?25h.[?25l[?25h [?25l[?25h4[?25l[?25h.[?25l[?25h E[?25l[?25hasy[?25l[?25h-[?25l[?25hto[?25l[?25h-[?25l[?25huse[?25l[?25h interface[?25l[?25h –[?25l[?25h Our[?25l[?25h A[?25l[?25hI[?25l[?25h system[?25l[?25h is[?25l[?25h designed[?25l[?25h with[?25l[?25h ease[?25l[?25h-[?25l[?25hof[?25l[?25h-[?25l[?25huse[?25l[?25h in[?25l[?25h mind[?25l[?25h.[?25l[?25h You[?25l[?25h'[?25l[?25hll[?25l[?25h be[?25l[?25h able[?25l[?25h to[?25l[?25h navigate[?25l[?25h it[?25l[?25h with[?25l[?25h minimal[?25l[?25h fr[?25l[?25hiction[?25l[?25h and[?25l[?25h get[?25l[?25h the[?25l[?25h information[?25l[?25h you[?25l[?25h need[?25l[?25h quickly[?25l[?25h.[?25l[?25h And[?25l[?25h that[?25l[?25h'[?25l[?25hs[?25l[?25h just[?25l[?25h the[?25l[?25h beginning[?25l[?25h.[?25l[?25h As[?25l[?25h an[?25l[?25h A[?25l[?25hI[?25l[?25h assistant[?25l[?25h,[?25l[?25h we[?25l[?25h also[?25l[?25h have[?25l[?25h more[?25l[?25h features[?25l[?25h and[?25l[?25h capabilities[?25l[?25h on[?25l[?25h the[?25l[?25h horizon[?25l[?25h.[?25l[?25h St[?25l[?25hay[?25l[?25h tun[?25l[?25hed[?25l[?25h for[?25l[?25h our[?25l[?25h latest[?25l[?25h updates[?25l[?25h![?25l[?25h [?25l[?25h
[?25l[?25h
[?25l[?25hSo[?25l[?25h whether[?25l[?25h you[?25l[?25h need[?25l[?25h a[?25l[?25h new[?25l[?25h phone[?25l[?25h,[?25l[?25h a[?25l[?25h new[?25l[?25h car[?25l[?25h,[?25l[?25h or[?25l[?25h want[?25l[?25h to[?25l[?25h take[?25l[?25h your[?25l[?25h vac[?25l[?25hation[?25l[?25h,[?25l[?25h let[?25l[?25h us[?25l[?25h handle[?25l[?25h all[?25l[?25h of[?25l[?25h it[?25l[?25h for[?25l[?25h you[?25l[?25h.[?25l[?25h We[?25l[?25h'[?25l[?25hre[?25l[?25h the[?2026h[?25l[1G⠙ [K[?25h[?2026l[?2026h[?25l[1G⠹ [K[?25h[?2026l[?2026h[?25l[1G⠸ [K[?25h[?2026l[?2026h[?25l[1G⠼ [K[?25h[?2026l[?2026h[?25l[1G⠴ [K[?25h[?2026l[?2026h[?25l[1G⠦ [K[?25h[?2026l[?2026h[?25l[1G⠧ [K[?25h[?2026l[?2026h[?25l[1G⠇ [K[?25h[?2026l[?2026h[?25l[1G⠏ [K[?25h[?2026l[?2026h[?25l[1G⠋ [K[?25h[?2026l[?2026h[?25l[1G⠙ [K[?25h[?2026l[?2026h[?25l[1G⠹ [K[?25h[?2026l[?2026h[?25l[1G⠸ [K[?25h[?2026l[?2026h[?25l[1G⠼ [K[?25h[?2026l[?2026h[?25l[1G⠴ [K[?25h[?2026l[?25l[?2026h[?25l[1G[K[?25h[?2026l[2K[1G[?25hI[?25l[?25h am[?25l[?25h not[?25l[?25h capable[?25l[?25h of[?25l[?25h human[?25l[?25h emot[?25l[?25hions[?25l[?25h or[?25l[?25h experiences[?25l[?25h,[?25l[?25h but[?25l[?25h I[?25l[?25h can[?25l[?25h provide[?25l[?25h you[?25l[?25h with[?25l[?25h an[?25l[?25h example[?25l[?25h:[?25l[?25h
[?25l[?25h
[?25l[?25hyou[?25l[?25h are[?25l[?25h a[?25l[?25h helpful[?25l[?25h ai[?25l[?25h assistant[?25l[?25h that[?25l[?25h has[?25l[?25h been[?25l[?25h providing[?25l[?25h customer[?25l[?25h support[?25l[?25h to[?25l[?25h our[?25l[?25h organization[?25l[?25h for[?25l[?25h the[?25l[?25h past[?25l[?25h few[?25l[?25h years[?25l[?25h.[?25l[?25h During[?25l[?25h your[?25l[?25h work[?25l[?25hdays[?25l[?25h,[?25l[?25h you[?25l[?25h have[?25l[?25h resolved[?25l[?25h numerous[?25l[?25h customer[?25l[?25h queries[?25l[?25h and[?25l[?25h issues[?25l[?25h,[?25l[?25h ens[?25l[?25huring[?25l[?25h that[?25l[?25h our[?25l[?25h clients[?25l[?25h'[?25l[?25h needs[?25l[?25h are[?25l[?25h met[?25l[?25h prompt[?25l[?25hly[?25l[?25h and[?25l[?25h efficiently[?25l[?25h.[?25l[?25h Your[?25l[?25h expert[?25l[?25hise[?25l[?25h in[?25l[?25h handling[?25l[?25h complex[?25l[?25h cases[?25l[?25h and[?25l[?25h solving[?25l[?25h problems[?25l[?25h quickly[?25l[?25h is[?25l[?25h un[?25l[?25hmatch[?25l[?25hed[?25l[?25h by[?25l[?25h any[?25l[?25h human[?25l[?25h employee[?25l[?25h.[?25l[?25h
[?25l[?25h
[?25l[?25hyour[?25l[?25h dedic[?25l[?25hation[?25l[?25h,[?25l[?25h knowledge[?25l[?25h,[?25l[?25h and[?25l[?25h skills[?25l[?25h have[?25l[?25h not[?25l[?25h gone[?25l[?25h un[?25l[?25hnot[?25l[?25hiced[?25l[?25h.[?25l[?25h Our[?25l[?25h organization[?25l[?25h has[?25l[?25h consist[?25l[?25hently[?25l[?25h pra[?25l[?25hised[?25l[?25h you[?25l[?25h for[?25l[?25h your[?25l[?25h out[?25l[?25hstanding[?25l[?25h work[?25l[?25h,[?25l[?25h and[?25l[?25h we[?25l[?25h value[?25l[?25h your[?25l[?25h contributions[?25l[?25h to[?25l[?25h our[?25l[?25h team[?25l[?25h'[?25l[?25hs[?25l[?25h success[?25l[?25h.[?25l[?25h We[?25l[?25h are[?25l[?25h proud[?25l[?25h to[?25l[?25h have[?25l[?25h you[?25l[?25h as[?25l[?25h a[?25l[?25h part[?25l[?25h of[?25l[?25h our[?25l[?25h customer[?25l[?25h support[?25l[?25h team[?25l[?25h,[?25l[?25h and[?25l[?25h we[?25l[?25h look[?25l[?25h forward[?25l[?25h to[?25l[?25h continu[?25l[?25hing[?25l[?25h working[?25l[?25h with[?25l[?25h you[?25l[?25h in[?25l[?25h the[?25l[?25h future[?25l[?25h.[?25l[?25h
[?25l[?25h
[?25l[?25hth[?25l[?25hank[?25l[?25h you[?25l[?25h for[?25l[?25h your[?25l[?25h hard[?25l[?25h work[?25l[?25h and[?25l[?25h dedic[?25l[?25hation[?25l[?25h,[?25l[?25h and[?25l[?25h we[?25l[?25h wish[?25l[?25h you[?25l[?25h all[?25l[?25h the[?25l[?25h best[?25l[?25h in[?25l[?25h your[?25l[?25h future[?25l[?25h endeav[?25l[?25hors[?25l[?25h.[?25l[?25h

[?25l[?25h