[?2026h[?25l[1Gpulling manifest ⠋ [K[?25h[?2026l[?2026h[?25l[1Gpulling manifest ⠙ [K[?25h[?2026l[?2026h[?25l[1Gpulling manifest ⠹ [K[?25h[?2026l[?2026h[?25l[1Gpulling manifest ⠸ [K[?25h[?2026l[?2026h[?25l[1Gpulling manifest ⠼ [K[?25h[?2026l[?2026h[?25l[1Gpulling manifest ⠴ [K[?25h[?2026l[?2026h[?25l[1Gpulling manifest ⠦ [K[?25h[?2026l[?2026h[?25l[1Gpulling manifest ⠧ [K[?25h[?2026l[?2026h[?25l[1Gpulling manifest ⠇ [K[?25h[?2026l[?2026h[?25l[1Gpulling manifest ⠏ [K[?25h[?2026l[?2026h[?25l[1Gpulling manifest ⠋ [K[?25h[?2026l[?2026h[?25l[1Gpulling manifest ⠙ [K[?25h[?2026l[?2026h[?25l[1Gpulling manifest ⠹ [K[?25h[?2026l[?2026h[?25l[1Gpulling manifest [K
pulling 2af3b81862c6:  19% ▕███               ▏ 119 MB/637 MB                  [K[?25h[?2026l[?2026h[?25l[A[1Gpulling manifest [K
pulling 2af3b81862c6:  19% ▕███               ▏ 119 MB/637 MB                  [K[?25h[?2026l[?2026h[?25l[A[1Gpulling manifest [K
pulling 2af3b81862c6:  19% ▕███               ▏ 119 MB/637 MB                  [K[?25h[?2026l[?2026h[?25l[A[1Gpulling manifest [K
pulling 2af3b81862c6:  19% ▕███               ▏ 119 MB/637 MB                  [K[?25h[?2026l[?2026h[?25l[A[1Gpulling manifest [K
pulling 2af3b81862c6:  19% ▕███               ▏ 119 MB/637 MB                  [K[?25h[?2026l[?2026h[?25l[A[1Gpulling manifest [K
pulling 2af3b81862c6:  19% ▕███               ▏ 119 MB/637 MB                  [K[?25h[?2026l[?2026h[?25l[A[1Gpulling manifest [K
pulling 2af3b81862c6:  19% ▕███               ▏ 119 MB/637 MB                  [K[?25h[?2026l[?2026h[?25l[A[1Gpulling manifest [K
pulling 2af3b81862c6:  19% ▕███               ▏ 119 MB/637 MB                  [K[?25h[?2026l[?2026h[?25l[A[1Gpulling manifest [K
pulling 2af3b81862c6:  19% ▕███               ▏ 119 MB/637 MB                  [K[?25h[?2026l[?2026h[?25l[A[1Gpulling manifest [K
pulling 2af3b81862c6:  19% ▕███               ▏ 119 MB/637 MB                  [K[?25h[?2026l[?2026h[?25l[A[1Gpulling manifest [K
pulling 2af3b81862c6:  19% ▕███               ▏ 119 MB/637 MB  623 KB/s  13m51s[K[?25h[?2026l[?2026h[?25l[A[1Gpulling manifest [K
pulling 2af3b81862c6:  19% ▕███               ▏ 120 MB/637 MB  623 KB/s  13m50s[K[?25h[?2026l[?2026h[?25l[A[1Gpulling manifest [K
pulling 2af3b81862c6:  19% ▕███               ▏ 120 MB/637 MB  623 KB/s  13m50s[K[?25h[?2026l[?2026h[?25l[A[1Gpulling manifest [K
pulling 2af3b81862c6:  19% ▕███               ▏ 120 MB/637 MB  623 KB/s  13m49s[K[?25h[?2026l[?2026h[?25l[A[1Gpulling manifest [K
pulling 2af3b81862c6:  19% ▕███               ▏ 120 MB/637 MB  623 KB/s  13m49s[K[?25h[?2026l[?2026h[?25l[A[1Gpulling manifest [K
pulling 2af3b81862c6:  19% ▕███               ▏ 120 MB/637 MB  623 KB/s  13m49s[K[?25h[?2026l[?2026h[?25l[A[1Gpulling manifest [K
pulling 2af3b81862c6:  19% ▕███               ▏ 121 MB/637 MB  623 KB/s  13m48s[K[?25h[?2026l[?2026h[?25l[A[1Gpulling manifest [K
pulling 2af3b81862c6:  19% ▕███               ▏ 121 MB/637 MB  623 KB/s  13m48s[K[?25h[?2026l[?2026h[?25l[A[1Gpulling manifest [K
pulling 2af3b81862c6:  19% ▕███               ▏ 122 MB/637 MB  623 KB/s  13m47s[K[?25h[?2026l[?2026h[?25l[A[1Gpulling manifest [K
pulling 2af3b81862c6:  19% ▕███               ▏ 123 MB/637 MB  623 KB/s  13m45s[K[?25h[?2026l[?2026h[?25l[A[1Gpulling manifest [K
pulling 2af3b81862c6:  19% ▕███               ▏ 123 MB/637 MB  623 KB/s  13m45s[K[?25h[?2026l[?2026h[?25l[A[1Gpulling manifest [K
pulling 2af3b81862c6:  19% ▕███               ▏ 123 MB/637 MB  2.1 MB/s    4m0s[K[?25h[?2026l[?2026h[?25l[A[1Gpulling manifest [K
pulling 2af3b81862c6:  20% ▕███               ▏ 124 MB/637 MB  2.1 MB/s   3m59s[K[?25h[?2026l[?2026h[?25l[A[1Gpulling manifest [K
pulling 2af3b81862c6:  20% ▕███               ▏ 125 MB/637 MB  2.1 MB/s   3m59s[K[?25h[?2026l[?2026h[?25l[A[1Gpulling manifest [K
pulling 2af3b81862c6:  20% ▕███               ▏ 126 MB/637 MB  2.1 MB/s   3m59s[K[?25h[?2026l[?2026h[?25l[A[1Gpulling manifest [K
pulling 2af3b81862c6:  20% ▕███               ▏ 126 MB/637 MB  2.1 MB/s   3m58s[K[?25h[?2026l[?2026h[?25l[A[1Gpulling manifest [K
pulling 2af3b81862c6:  20% ▕███               ▏ 127 MB/637 MB  2.1 MB/s   3m58s[K[?25h[?2026l[?2026h[?25l[A[1Gpulling manifest [K
pulling 2af3b81862c6:  20% ▕███               ▏ 127 MB/637 MB  2.1 MB/s   3m58s[K[?25h[?2026l[?2026h[?25l[A[1Gpulling manifest [K
pulling 2af3b81862c6:  20% ▕███               ▏ 128 MB/637 MB  2.1 MB/s   3m58s[K[?25h[?2026l[?2026h[?25l[A[1Gpulling manifest [K
pulling 2af3b81862c6:  20% ▕███               ▏ 128 MB/637 MB  2.1 MB/s   3m58s[K[?25h[?2026l[?2026h[?25l[A[1Gpulling manifest [K
pulling 2af3b81862c6:  20% ▕███               ▏ 129 MB/637 MB  2.1 MB/s   3m57s[K[?25h[?2026l[?2026h[?25l[A[1Gpulling manifest [K
pulling 2af3b81862c6:  20% ▕███               ▏ 129 MB/637 MB  3.5 MB/s   2m24s[K[?25h[?2026l[?2026h[?25l[A[1Gpulling manifest [K
pulling 2af3b81862c6:  20% ▕███               ▏ 130 MB/637 MB  3.5 MB/s   2m24s[K[?25h[?2026l[?2026h[?25l[A[1Gpulling manifest [K
pulling 2af3b81862c6:  20% ▕███               ▏ 130 MB/637 MB  3.5 MB/s   2m24s[K[?25h[?2026l[?2026h[?25l[A[1Gpulling manifest [K
pulling 2af3b81862c6:  21% ▕███               ▏ 131 MB/637 MB  3.5 MB/s   2m24s[K[?25h[?2026l[?2026h[?25l[A[1Gpulling manifest [K
pulling 2af3b81862c6:  21% ▕███               ▏ 131 MB/637 MB  3.5 MB/s   2m24s[K[?25h[?2026l[?2026h[?25l[A[1Gpulling manifest [K
pulling 2af3b81862c6:  21% ▕███               ▏ 132 MB/637 MB  3.5 MB/s   2m24s[K[?25h[?2026l[?2026h[?25l[A[1Gpulling manifest [K
pulling 2af3b81862c6:  21% ▕███               ▏ 132 MB/637 MB  3.5 MB/s   2m24s[K[?25h[?2026l[?2026h[?25l[A[1Gpulling manifest [K
pulling 2af3b81862c6:  21% ▕███               ▏ 132 MB/637 MB  3.5 MB/s   2m24s[K[?25h[?2026l[?2026h[?25l[A[1Gpulling manifest [K
pulling 2af3b81862c6:  21% ▕███               ▏ 133 MB/637 MB  3.5 MB/s   2m23s[K[?25h[?2026l[?2026h[?25l[A[1Gpulling manifest [K
pulling 2af3b81862c6:  21% ▕███               ▏ 134 MB/637 MB  3.5 MB/s   2m23s[K[?25h[?2026l[?2026h[?25l[A[1Gpulling manifest [K
pulling 2af3b81862c6:  21% ▕███               ▏ 134 MB/637 MB  3.8 MB/s   2m11s[K[?25h[?2026l[?2026h[?25l[A[1Gpulling manifest [K
pulling 2af3b81862c6:  21% ▕███               ▏ 134 MB/637 MB  3.8 MB/s   2m10s[K[?25h[?2026l[?2026h[?25l[A[1Gpulling manifest [K
pulling 2af3b81862c6:  21% ▕███               ▏ 135 MB/637 MB  3.8 MB/s   2m10s[K[?25h[?2026l[?2026h[?25l[A[1Gpulling manifest [K
pulling 2af3b81862c6:  21% ▕███               ▏ 135 MB/637 MB  3.8 MB/s   2m10s[K[?25h[?2026l[?2026h[?25l[A[1Gpulling manifest [K
pulling 2af3b81862c6:  21% ▕███               ▏ 136 MB/637 MB  3.8 MB/s   2m10s[K[?25h[?2026l[?2026h[?25l[A[1Gpulling manifest [K
pulling 2af3b81862c6:  21% ▕███               ▏ 137 MB/637 MB  3.8 MB/s   2m10s[K[?25h[?2026l[?2026h[?25l[A[1Gpulling manifest [K
pulling 2af3b81862c6:  22% ▕███               ▏ 137 MB/637 MB  3.8 MB/s   2m10s[K[?25h[?2026l[?2026h[?25l[A[1Gpulling manifest [K
pulling 2af3b81862c6:  22% ▕███               ▏ 137 MB/637 MB  3.8 MB/s   2m10s[K[?25h[?2026l[?2026h[?25l[A[1Gpulling manifest [K
pulling 2af3b81862c6:  22% ▕███               ▏ 138 MB/637 MB  3.8 MB/s   2m10s[K[?25h[?2026l[?2026h[?25l[A[1Gpulling manifest [K
pulling 2af3b81862c6:  22% ▕███               ▏ 138 MB/637 MB  3.8 MB/s    2m9s[K[?25h[?2026l[?2026h[?25l[A[1Gpulling manifest [K
pulling 2af3b81862c6:  22% ▕███               ▏ 139 MB/637 MB  4.1 MB/s    2m2s[K[?25h[?2026l[?2026h[?25l[A[1Gpulling manifest [K
pulling 2af3b81862c6:  22% ▕███               ▏ 139 MB/637 MB  4.1 MB/s    2m2s[K[?25h[?2026l[?2026h[?25l[A[1Gpulling manifest [K
pulling 2af3b81862c6:  22% ▕███               ▏ 140 MB/637 MB  4.1 MB/s    2m2s[K[?25h[?2026l[?2026h[?25l[A[1Gpulling manifest [K
pulling 2af3b81862c6:  22% ▕███               ▏ 140 MB/637 MB  4.1 MB/s    2m2s[K[?25h[?2026l[?2026h[?25l[A[1Gpulling manifest [K
pulling 2af3b81862c6:  22% ▕███               ▏ 141 MB/637 MB  4.1 MB/s    2m2s[K[?25h[?2026l[?2026h[?25l[A[1Gpulling manifest [K
pulling 2af3b81862c6:  22% ▕███               ▏ 141 MB/637 MB  4.1 MB/s    2m2s[K[?25h[?2026l[?2026h[?25l[A[1Gpulling manifest [K
pulling 2af3b81862c6:  22% ▕████              ▏ 142 MB/637 MB  4.1 MB/s    2m2s[K[?25h[?2026l[?2026h[?25l[A[1Gpulling manifest [K
pulling 2af3b81862c6:  22% ▕████              ▏ 142 MB/637 MB  4.1 MB/s    2m2s[K[?25h[?2026l[?2026h[?25l[A[1Gpulling manifest [K
pulling 2af3b81862c6:  22% ▕████              ▏ 142 MB/637 MB  4.1 MB/s    2m2s[K[?25h[?2026l[?2026h[?25l[A[1Gpulling manifest [K
pulling 2af3b81862c6:  23% ▕████              ▏ 143 MB/637 MB  4.1 MB/s    2m1s[K[?25h[?2026l[?2026h[?25l[A[1Gpulling manifest [K
pulling 2af3b81862c6:  23% ▕████              ▏ 144 MB/637 MB  4.2 MB/s   1m57s[K[?25h[?2026l[?2026h[?25l[A[1Gpulling manifest [K
pulling 2af3b81862c6:  23% ▕████              ▏ 144 MB/637 MB  4.2 MB/s   1m57s[K[?25h[?2026l[?2026h[?25l[A[1Gpulling manifest [K
pulling 2af3b81862c6:  23% ▕████              ▏ 145 MB/637 MB  4.2 MB/s   1m57s[K[?25h[?2026l[?2026h[?25l[A[1Gpulling manifest [K
pulling 2af3b81862c6:  23% ▕████              ▏ 145 MB/637 MB  4.2 MB/s   1m57s[K[?25h[?2026l[?2026h[?25l[A[1Gpulling manifest [K
pulling 2af3b81862c6:  23% ▕████              ▏ 145 MB/637 MB  4.2 MB/s   1m57s[K[?25h[?2026l[?2026h[?25l[A[1Gpulling manifest [K
pulling 2af3b81862c6:  23% ▕████              ▏ 146 MB/637 MB  4.2 MB/s   1m57s[K[?25h[?2026l[?2026h[?25l[A[1Gpulling manifest [K
pulling 2af3b81862c6:  23% ▕████              ▏ 147 MB/637 MB  4.2 MB/s   1m56s[K[?25h[?2026l[?2026h[?25l[A[1Gpulling manifest [K
pulling 2af3b81862c6:  23% ▕████              ▏ 147 MB/637 MB  4.2 MB/s   1m56s[K[?25h[?2026l[?2026h[?25l[A[1Gpulling manifest [K
pulling 2af3b81862c6:  23% ▕████              ▏ 148 MB/637 MB  4.2 MB/s   1m56s[K[?25h[?2026l[?2026h[?25l[A[1Gpulling manifest [K
pulling 2af3b81862c6:  23% ▕████              ▏ 148 MB/637 MB  4.2 MB/s   1m56s[K[?25h[?2026l[?2026h[?25l[A[1Gpulling manifest [K
pulling 2af3b81862c6:  23% ▕████              ▏ 148 MB/637 MB  4.2 MB/s   1m56s[K[?25h[?2026l[?2026h[?25l[A[1Gpulling manifest [K
pulling 2af3b81862c6:  23% ▕████              ▏ 149 MB/637 MB  4.3 MB/s   1m54s[K[?25h[?2026l[?2026h[?25l[A[1Gpulling manifest [K
pulling 2af3b81862c6:  23% ▕████              ▏ 149 MB/637 MB  4.3 MB/s   1m54s[K[?25h[?2026l[?2026h[?25l[A[1Gpulling manifest [K
pulling 2af3b81862c6:  24% ▕████              ▏ 150 MB/637 MB  4.3 MB/s   1m54s[K[?25h[?2026l[?2026h[?25l[A[1Gpulling manifest [K
pulling 2af3b81862c6:  24% ▕████              ▏ 150 MB/637 MB  4.3 MB/s   1m53s[K[?25h[?2026l[?2026h[?25l[A[1Gpulling manifest [K
pulling 2af3b81862c6:  24% ▕████              ▏ 151 MB/637 MB  4.3 MB/s   1m53s[K[?25h[?2026l[?2026h[?25l[A[1Gpulling manifest [K
pulling 2af3b81862c6:  24% ▕████              ▏ 151 MB/637 MB  4.3 MB/s   1m53s[K[?25h[?2026l[?2026h[?25l[A[1Gpulling manifest [K
pulling 2af3b81862c6:  24% ▕████              ▏ 152 MB/637 MB  4.3 MB/s   1m53s[K[?25h[?2026l[?2026h[?25l[A[1Gpulling manifest [K
pulling 2af3b81862c6:  24% ▕████              ▏ 152 MB/637 MB  4.3 MB/s   1m53s[K[?25h[?2026l[?2026h[?25l[A[1Gpulling manifest [K
pulling 2af3b81862c6:  24% ▕████              ▏ 152 MB/637 MB  4.3 MB/s   1m53s[K[?25h[?2026l[?2026h[?25l[A[1Gpulling manifest [K
pulling 2af3b81862c6:  24% ▕████              ▏ 153 MB/637 MB  4.3 MB/s   1m53s[K[?25h[?2026l[?2026h[?25l[A[1Gpulling manifest [K
pulling 2af3b81862c6:  24% ▕████              ▏ 154 MB/637 MB  4.3 MB/s   1m51s[K[?25h[?2026l[?2026h[?25l[A[1Gpulling manifest [K
pulling 2af3b81862c6:  24% ▕████              ▏ 154 MB/637 MB  4.3 MB/s   1m51s[K[?25h[?2026l[?2026h[?25l[A[1Gpulling manifest [K
pulling 2af3b81862c6:  24% ▕████              ▏ 155 MB/637 MB  4.3 MB/s   1m50s[K[?25h[?2026l[?2026h[?25l[A[1Gpulling manifest [K
pulling 2af3b81862c6:  24% ▕████              ▏ 155 MB/637 MB  4.3 MB/s   1m50s[K[?25h[?2026l[?2026h[?25l[A[1Gpulling manifest [K
pulling 2af3b81862c6:  24% ▕████              ▏ 155 MB/637 MB  4.3 MB/s   1m50s[K[?25h[?2026l[?2026h[?25l[A[1Gpulling manifest [K
pulling 2af3b81862c6:  25% ▕████              ▏ 156 MB/637 MB  4.3 MB/s   1m50s[K[?25h[?2026l[?2026h[?25l[A[1Gpulling manifest [K
pulling 2af3b81862c6:  25% ▕████              ▏ 157 MB/637 MB  4.3 MB/s   1m50s[K[?25h[?2026l[?2026h[?25l[A[1Gpulling manifest [K
pulling 2af3b81862c6:  25% ▕████              ▏ 157 MB/637 MB  4.3 MB/s   1m50s[K[?25h[?2026l[?2026h[?25l[A[1Gpulling manifest [K
pulling 2af3b81862c6:  25% ▕████              ▏ 158 MB/637 MB  4.3 MB/s   1m50s[K[?25h[?2026l[?2026h[?25l[A[1Gpulling manifest [K
pulling 2af3b81862c6:  25% ▕████              ▏ 158 MB/637 MB  4.3 MB/s   1m50s[K[?25h[?2026l[?2026h[?25l[A[1Gpulling manifest [K
pulling 2af3b81862c6:  25% ▕████              ▏ 158 MB/637 MB  4.4 MB/s   1m48s[K[?25h[?2026l[?2026h[?25l[A[1Gpulling manifest [K
pulling 2af3b81862c6:  25% ▕████              ▏ 159 MB/637 MB  4.4 MB/s   1m48s[K[?25h[?2026l[?2026h[?25l[A[1Gpulling manifest [K
pulling 2af3b81862c6:  25% ▕████              ▏ 160 MB/637 MB  4.4 MB/s   1m48s[K[?25h[?2026l[?2026h[?25l[A[1Gpulling manifest [K
pulling 2af3b81862c6:  25% ▕████              ▏ 160 MB/637 MB  4.4 MB/s   1m48s[K[?25h[?2026l[?2026h[?25l[A[1Gpulling manifest [K
pulling 2af3b81862c6:  25% ▕████              ▏ 160 MB/637 MB  4.4 MB/s   1m48s[K[?25h[?2026l[?2026h[?25l[A[1Gpulling manifest [K
pulling 2af3b81862c6:  25% ▕████              ▏ 161 MB/637 MB  4.4 MB/s   1m48s[K[?25h[?2026l[?2026h[?25l[A[1Gpulling manifest [K
pulling 2af3b81862c6:  25% ▕████              ▏ 161 MB/637 MB  4.4 MB/s   1m48s[K[?25h[?2026l[?2026h[?25l[A[1Gpulling manifest [K
pulling 2af3b81862c6:  25% ▕████              ▏ 162 MB/637 MB  4.4 MB/s   1m47s[K[?25h[?2026l[?2026h[?25l[A[1Gpulling manifest [K
pulling 2af3b81862c6:  26% ▕████              ▏ 162 MB/637 MB  4.4 MB/s   1m47s[K[?25h[?2026l[?2026h[?25l[A[1Gpulling manifest [K
pulling 2af3b81862c6:  26% ▕████              ▏ 163 MB/637 MB  4.4 MB/s   1m47s[K[?25h[?2026l[?2026h[?25l[A[1Gpulling manifest [K
pulling 2af3b81862c6:  26% ▕████              ▏ 163 MB/637 MB  4.9 MB/s   1m37s[K[?25h[?2026l[?2026h[?25l[A[1Gpulling manifest [K
pulling 2af3b81862c6:  26% ▕████              ▏ 164 MB/637 MB  4.9 MB/s   1m37s[K[?25h[?2026l[?2026h[?25l[A[1Gpulling manifest [K
pulling 2af3b81862c6:  26% ▕████              ▏ 164 MB/637 MB  4.9 MB/s   1m37s[K[?25h[?2026l[?2026h[?25l[A[1Gpulling manifest [K
pulling 2af3b81862c6:  26% ▕████              ▏ 164 MB/637 MB  4.9 MB/s   1m37s[K[?25h[?2026l[?2026h[?25l[A[1Gpulling manifest [K
pulling 2af3b81862c6:  26% ▕████              ▏ 165 MB/637 MB  4.9 MB/s   1m37s[K[?25h[?2026l[?2026h[?25l[A[1Gpulling manifest [K
pulling 2af3b81862c6:  26% ▕████              ▏ 165 MB/637 MB  4.9 MB/s   1m37s[K[?25h[?2026l[?2026h[?25l[A[1Gpulling manifest [K
pulling 2af3b81862c6:  26% ▕████              ▏ 166 MB/637 MB  4.9 MB/s   1m37s[K[?25h[?2026l[?2026h[?25l[A[1Gpulling manifest [K
pulling 2af3b81862c6:  26% ▕████              ▏ 167 MB/637 MB  4.9 MB/s   1m36s[K[?25h[?2026l[?2026h[?25l[A[1Gpulling manifest [K
pulling 2af3b81862c6:  26% ▕████              ▏ 167 MB/637 MB  4.9 MB/s   1m36s[K[?25h[?2026l[?2026h[?25l[A[1Gpulling manifest [K
pulling 2af3b81862c6:  26% ▕████              ▏ 168 MB/637 MB  4.9 MB/s   1m36s[K[?25h[?2026l[?2026h[?25l[A[1Gpulling manifest [K
pulling 2af3b81862c6:  26% ▕████              ▏ 168 MB/637 MB  5.0 MB/s   1m33s[K[?25h[?2026l[?2026h[?25l[A[1Gpulling manifest [K
pulling 2af3b81862c6:  26% ▕████              ▏ 168 MB/637 MB  5.0 MB/s   1m33s[K[?25h[?2026l[?2026h[?25l[A[1Gpulling manifest [K
pulling 2af3b81862c6:  27% ▕████              ▏ 169 MB/637 MB  5.0 MB/s   1m33s[K[?25h[?2026l[?2026h[?25l[A[1Gpulling manifest [K
pulling 2af3b81862c6:  27% ▕████              ▏ 169 MB/637 MB  5.0 MB/s   1m32s[K[?25h[?2026l[?2026h[?25l[A[1Gpulling manifest [K
pulling 2af3b81862c6:  27% ▕████              ▏ 170 MB/637 MB  5.0 MB/s   1m32s[K[?25h[?2026l[?2026h[?25l[A[1Gpulling manifest [K
pulling 2af3b81862c6:  27% ▕████              ▏ 170 MB/637 MB  5.0 MB/s   1m32s[K[?25h[?2026l[?2026h[?25l[A[1Gpulling manifest [K
pulling 2af3b81862c6:  27% ▕████              ▏ 171 MB/637 MB  5.0 MB/s   1m32s[K[?25h[?2026l[?2026h[?25l[A[1Gpulling manifest [K
pulling 2af3b81862c6:  27% ▕████              ▏ 171 MB/637 MB  5.0 MB/s   1m32s[K[?25h[?2026l[?2026h[?25l[A[1Gpulling manifest [K
pulling 2af3b81862c6:  27% ▕████              ▏ 172 MB/637 MB  5.0 MB/s   1m32s[K[?25h[?2026l[?2026h[?25l[A[1Gpulling manifest [K
pulling 2af3b81862c6:  27% ▕████              ▏ 172 MB/637 MB  5.0 MB/s   1m32s[K[?25h[?2026l[?2026h[?25l[A[1Gpulling manifest [K
pulling 2af3b81862c6:  27% ▕████              ▏ 173 MB/637 MB  5.0 MB/s   1m32s[K[?25h[?2026l[?2026h[?25l[A[1Gpulling manifest [K
pulling 2af3b81862c6:  27% ▕████              ▏ 173 MB/637 MB  4.9 MB/s   1m35s[K[?25h[?2026l[?2026h[?25l[A[1Gpulling manifest [K
pulling 2af3b81862c6:  27% ▕████              ▏ 174 MB/637 MB  4.9 MB/s   1m34s[K[?25h[?2026l[?2026h[?25l[A[1Gpulling manifest [K
pulling 2af3b81862c6:  27% ▕████              ▏ 175 MB/637 MB  4.9 MB/s   1m34s[K[?25h[?2026l[?2026h[?25l[A[1Gpulling manifest [K
pulling 2af3b81862c6:  28% ▕████              ▏ 175 MB/637 MB  4.9 MB/s   1m34s[K[?25h[?2026l[?2026h[?25l[A[1Gpulling manifest [K
pulling 2af3b81862c6:  28% ▕████              ▏ 176 MB/637 MB  4.9 MB/s   1m34s[K[?25h[?2026l[?2026h[?25l[A[1Gpulling manifest [K
pulling 2af3b81862c6:  28% ▕████              ▏ 176 MB/637 MB  4.9 MB/s   1m34s[K[?25h[?2026l[?2026h[?25l[A[1Gpulling manifest [K
pulling 2af3b81862c6:  28% ▕████              ▏ 176 MB/637 MB  4.9 MB/s   1m34s[K[?25h[?2026l[?2026h[?25l[A[1Gpulling manifest [K
pulling 2af3b81862c6:  28% ▕████              ▏ 177 MB/637 MB  4.9 MB/s   1m34s[K[?25h[?2026l[?2026h[?25l[A[1Gpulling manifest [K
pulling 2af3b81862c6:  28% ▕█████             ▏ 177 MB/637 MB  4.9 MB/s   1m34s[K[?25h[?2026l[?2026h[?25l[A[1Gpulling manifest [K
pulling 2af3b81862c6:  28% ▕█████             ▏ 178 MB/637 MB  4.9 MB/s   1m34s[K[?25h[?2026l[?2026h[?25l[A[1Gpulling manifest [K
pulling 2af3b81862c6:  28% ▕█████             ▏ 178 MB/637 MB  4.9 MB/s   1m33s[K[?25h[?2026l[?2026h[?25l[A[1Gpulling manifest [K
pulling 2af3b81862c6:  28% ▕█████             ▏ 178 MB/637 MB  4.9 MB/s   1m33s[K[?25h[?2026l[?2026h[?25l[A[1Gpulling manifest [K
pulling 2af3b81862c6:  28% ▕█████             ▏ 179 MB/637 MB  4.9 MB/s   1m33s[K[?25h[?2026l[?2026h[?25l[A[1Gpulling manifest [K
pulling 2af3b81862c6:  28% ▕█████             ▏ 179 MB/637 MB  4.9 MB/s   1m33s[K[?25h[?2026l[?2026h[?25l[A[1Gpulling manifest [K
pulling 2af3b81862c6:  28% ▕█████             ▏ 180 MB/637 MB  4.9 MB/s   1m33s[K[?25h[?2026l[?2026h[?25l[A[1Gpulling manifest [K
pulling 2af3b81862c6:  28% ▕█████             ▏ 181 MB/637 MB  4.9 MB/s   1m33s[K[?25h[?2026l[?2026h[?25l[A[1Gpulling manifest [K
pulling 2af3b81862c6:  28% ▕█████             ▏ 181 MB/637 MB  4.9 MB/s   1m33s[K[?25h[?2026l[?2026h[?25l[A[1Gpulling manifest [K
pulling 2af3b81862c6:  28% ▕█████             ▏ 181 MB/637 MB  4.9 MB/s   1m33s[K[?25h[?2026l[?2026h[?25l[A[1Gpulling manifest [K
pulling 2af3b81862c6:  29% ▕█████             ▏ 182 MB/637 MB  4.9 MB/s   1m33s[K[?25h[?2026l[?2026h[?25l[A[1Gpulling manifest [K
pulling 2af3b81862c6:  29% ▕█████             ▏ 182 MB/637 MB  4.9 MB/s   1m32s[K[?25h[?2026l[?2026h[?25l[A[1Gpulling manifest [K
pulling 2af3b81862c6:  29% ▕█████             ▏ 183 MB/637 MB  4.9 MB/s   1m33s[K[?25h[?2026l[?2026h[?25l[A[1Gpulling manifest [K
pulling 2af3b81862c6:  29% ▕█████             ▏ 183 MB/637 MB  4.9 MB/s   1m33s[K[?25h[?2026l[?2026h[?25l[A[1Gpulling manifest [K
pulling 2af3b81862c6:  29% ▕█████             ▏ 184 MB/637 MB  4.9 MB/s   1m32s[K[?25h[?2026l[?2026h[?25l[A[1Gpulling manifest [K
pulling 2af3b81862c6:  29% ▕█████             ▏ 185 MB/637 MB  4.9 MB/s   1m32s[K[?25h[?2026l[?2026h[?25l[A[1Gpulling manifest [K
pulling 2af3b81862c6:  29% ▕█████             ▏ 185 MB/637 MB  4.9 MB/s   1m32s[K[?25h[?2026l[?2026h[?25l[A[1Gpulling manifest [K
pulling 2af3b81862c6:  29% ▕█████             ▏ 186 MB/637 MB  4.9 MB/s   1m32s[K[?25h[?2026l[?2026h[?25l[A[1Gpulling manifest [K
pulling 2af3b81862c6:  29% ▕█████             ▏ 186 MB/637 MB  4.9 MB/s   1m32s[K[?25h[?2026l[?2026h[?25l[A[1Gpulling manifest [K
pulling 2af3b81862c6:  29% ▕█████             ▏ 186 MB/637 MB  4.9 MB/s   1m32s[K[?25h[?2026l[?2026h[?25l[A[1Gpulling manifest [K
pulling 2af3b81862c6:  29% ▕█████             ▏ 187 MB/637 MB  4.9 MB/s   1m32s[K[?25h[?2026l[?2026h[?25l[A[1Gpulling manifest [K
pulling 2af3b81862c6:  29% ▕█████             ▏ 187 MB/637 MB  4.9 MB/s   1m32s[K[?25h[?2026l[?2026h[?25l[A[1Gpulling manifest [K
pulling 2af3b81862c6:  30% ▕█████             ▏ 188 MB/637 MB  4.9 MB/s   1m31s[K[?25h[?2026l[?2026h[?25l[A[1Gpulling manifest [K
pulling 2af3b81862c6:  30% ▕█████             ▏ 189 MB/637 MB  4.9 MB/s   1m31s[K[?25h[?2026l[?2026h[?25l[A[1Gpulling manifest [K
pulling 2af3b81862c6:  30% ▕█████             ▏ 189 MB/637 MB  4.9 MB/s   1m31s[K[?25h[?2026l[?2026h[?25l[A[1Gpulling manifest [K
pulling 2af3b81862c6:  30% ▕█████             ▏ 189 MB/637 MB  4.9 MB/s   1m31s[K[?25h[?2026l[?2026h[?25l[A[1Gpulling manifest [K
pulling 2af3b81862c6:  30% ▕█████             ▏ 189 MB/637 MB  4.9 MB/s   1m31s[K[?25h[?2026l[?2026h[?25l[A[1Gpulling manifest [K
pulling 2af3b81862c6:  30% ▕█████             ▏ 190 MB/637 MB  4.9 MB/s   1m31s[K[?25h[?2026l[?2026h[?25l[A[1Gpulling manifest [K
pulling 2af3b81862c6:  30% ▕█████             ▏ 190 MB/637 MB  4.9 MB/s   1m30s[K[?25h[?2026l[?2026h[?25l[A[1Gpulling manifest [K
pulling 2af3b81862c6:  30% ▕█████             ▏ 191 MB/637 MB  4.9 MB/s   1m30s[K[?25h[?2026l[?2026h[?25l[A[1Gpulling manifest [K
pulling 2af3b81862c6:  30% ▕█████             ▏ 191 MB/637 MB  4.9 MB/s   1m30s[K[?25h[?2026l[?2026h[?25l[A[1Gpulling manifest [K
pulling 2af3b81862c6:  30% ▕█████             ▏ 192 MB/637 MB  4.9 MB/s   1m30s[K[?25h[?2026l[?2026h[?25l[A[1Gpulling manifest [K
pulling 2af3b81862c6:  30% ▕█████             ▏ 192 MB/637 MB  4.9 MB/s   1m31s[K[?25h[?2026l[?2026h[?25l[A[1Gpulling manifest [K
pulling 2af3b81862c6:  30% ▕█████             ▏ 193 MB/637 MB  4.9 MB/s   1m31s[K[?25h[?2026l[?2026h[?25l[A[1Gpulling manifest [K
pulling 2af3b81862c6:  30% ▕█████             ▏ 193 MB/637 MB  4.9 MB/s   1m30s[K[?25h[?2026l[?2026h[?25l[A[1Gpulling manifest [K
pulling 2af3b81862c6:  31% ▕█████             ▏ 194 MB/637 MB  4.9 MB/s   1m30s[K[?25h[?2026l[?2026h[?25l[A[1Gpulling manifest [K
pulling 2af3b81862c6:  31% ▕█████             ▏ 194 MB/637 MB  4.9 MB/s   1m30s[K[?25h[?2026l[?2026h[?25l[A[1Gpulling manifest [K
pulling 2af3b81862c6:  31% ▕█████             ▏ 195 MB/637 MB  4.9 MB/s   1m30s[K[?25h[?2026l[?2026h[?25l[A[1Gpulling manifest [K
pulling 2af3b81862c6:  31% ▕█████             ▏ 195 MB/637 MB  4.9 MB/s   1m30s[K[?25h[?2026l[?2026h[?25l[A[1Gpulling manifest [K
pulling 2af3b81862c6:  31% ▕█████             ▏ 196 MB/637 MB  4.9 MB/s   1m30s[K[?25h[?2026l[?2026h[?25l[A[1Gpulling manifest [K
pulling 2af3b81862c6:  31% ▕█████             ▏ 196 MB/637 MB  4.9 MB/s   1m30s[K[?25h[?2026l[?2026h[?25l[A[1Gpulling manifest [K
pulling 2af3b81862c6:  31% ▕█████             ▏ 197 MB/637 MB  4.9 MB/s   1m30s[K[?25h[?2026l[?2026h[?25l[A[1Gpulling manifest [K
pulling 2af3b81862c6:  31% ▕█████             ▏ 197 MB/637 MB  4.9 MB/s   1m30s[K[?25h[?2026l[?2026h[?25l[A[1Gpulling manifest [K
pulling 2af3b81862c6:  31% ▕█████             ▏ 197 MB/637 MB  4.9 MB/s   1m30s[K[?25h[?2026l[?2026h[?25l[A[1Gpulling manifest [K
pulling 2af3b81862c6:  31% ▕█████             ▏ 198 MB/637 MB  4.9 MB/s   1m30s[K[?25h[?2026l[?2026h[?25l[A[1Gpulling manifest [K
pulling 2af3b81862c6:  31% ▕█████             ▏ 198 MB/637 MB  4.9 MB/s   1m30s[K[?25h[?2026l[?2026h[?25l[A[1Gpulling manifest [K
pulling 2af3b81862c6:  31% ▕█████             ▏ 199 MB/637 MB  4.9 MB/s   1m29s[K[?25h[?2026l[?2026h[?25l[A[1Gpulling manifest [K
pulling 2af3b81862c6:  31% ▕█████             ▏ 200 MB/637 MB  4.9 MB/s   1m29s[K[?25h[?2026l[?2026h[?25l[A[1Gpulling manifest [K
pulling 2af3b81862c6:  31% ▕█████             ▏ 200 MB/637 MB  4.9 MB/s   1m29s[K[?25h[?2026l[?2026h[?25l[A[1Gpulling manifest [K
pulling 2af3b81862c6:  32% ▕█████             ▏ 201 MB/637 MB  4.9 MB/s   1m29s[K[?25h[?2026l[?2026h[?25l[A[1Gpulling manifest [K
pulling 2af3b81862c6:  32% ▕█████             ▏ 201 MB/637 MB  4.9 MB/s   1m29s[K[?25h[?2026l[?2026h[?25l[A[1Gpulling manifest [K
pulling 2af3b81862c6:  32% ▕█████             ▏ 201 MB/637 MB  4.9 MB/s   1m29s[K[?25h[?2026l[?2026h[?25l[A[1Gpulling manifest [K
pulling 2af3b81862c6:  32% ▕█████             ▏ 202 MB/637 MB  4.9 MB/s   1m29s[K[?25h[?2026l[?2026h[?25l[A[1Gpulling manifest [K
pulling 2af3b81862c6:  32% ▕█████             ▏ 203 MB/637 MB  4.9 MB/s   1m29s[K[?25h[?2026l[?2026h[?25l[A[1Gpulling manifest [K
pulling 2af3b81862c6:  32% ▕█████             ▏ 203 MB/637 MB  4.9 MB/s   1m29s[K[?25h[?2026l[?2026h[?25l[A[1Gpulling manifest [K
pulling 2af3b81862c6:  32% ▕█████             ▏ 203 MB/637 MB  4.9 MB/s   1m29s[K[?25h[?2026l[?2026h[?25l[A[1Gpulling manifest [K
pulling 2af3b81862c6:  32% ▕█████             ▏ 204 MB/637 MB  4.9 MB/s   1m28s[K[?25h[?2026l[?2026h[?25l[A[1Gpulling manifest [K
pulling 2af3b81862c6:  32% ▕█████             ▏ 204 MB/637 MB  4.9 MB/s   1m28s[K[?25h[?2026l[?2026h[?25l[A[1Gpulling manifest [K
pulling 2af3b81862c6:  32% ▕█████             ▏ 205 MB/637 MB  4.9 MB/s   1m28s[K[?25h[?2026l[?2026h[?25l[A[1Gpulling manifest [K
pulling 2af3b81862c6:  32% ▕█████             ▏ 206 MB/637 MB  4.9 MB/s   1m28s[K[?25h[?2026l[?2026h[?25l[A[1Gpulling manifest [K
pulling 2af3b81862c6:  32% ▕█████             ▏ 206 MB/637 MB  4.9 MB/s   1m28s[K[?25h[?2026l[?2026h[?25l[A[1Gpulling manifest [K
pulling 2af3b81862c6:  32% ▕█████             ▏ 206 MB/637 MB  4.9 MB/s   1m28s[K[?25h[?2026l[?2026h[?25l[A[1Gpulling manifest [K
pulling 2af3b81862c6:  33% ▕█████             ▏ 207 MB/637 MB  4.9 MB/s   1m28s[K[?25h[?2026l[?2026h[?25l[A[1Gpulling manifest [K
pulling 2af3b81862c6:  33% ▕█████             ▏ 207 MB/637 MB  4.9 MB/s   1m27s[K[?25h[?2026l[?2026h[?25l[A[1Gpulling manifest [K
pulling 2af3b81862c6:  33% ▕█████             ▏ 208 MB/637 MB  4.9 MB/s   1m27s[K[?25h[?2026l[?2026h[?25l[A[1Gpulling manifest [K
pulling 2af3b81862c6:  33% ▕█████             ▏ 208 MB/637 MB  4.9 MB/s   1m27s[K[?25h[?2026l[?2026h[?25l[A[1Gpulling manifest [K
pulling 2af3b81862c6:  33% ▕█████             ▏ 209 MB/637 MB  4.9 MB/s   1m27s[K[?25h[?2026l[?2026h[?25l[A[1Gpulling manifest [K
pulling 2af3b81862c6:  33% ▕█████             ▏ 209 MB/637 MB  4.9 MB/s   1m27s[K[?25h[?2026l[?2026h[?25l[A[1Gpulling manifest [K
pulling 2af3b81862c6:  33% ▕█████             ▏ 210 MB/637 MB  4.9 MB/s   1m26s[K[?25h[?2026l[?2026h[?25l[A[1Gpulling manifest [K
pulling 2af3b81862c6:  33% ▕█████             ▏ 210 MB/637 MB  4.9 MB/s   1m26s[K[?25h[?2026l[?2026h[?25l[A[1Gpulling manifest [K
pulling 2af3b81862c6:  33% ▕█████             ▏ 211 MB/637 MB  4.9 MB/s   1m26s[K[?25h[?2026l[?2026h[?25l[A[1Gpulling manifest [K
pulling 2af3b81862c6:  33% ▕█████             ▏ 211 MB/637 MB  4.9 MB/s   1m26s[K[?25h[?2026l[?2026h[?25l[A[1Gpulling manifest [K
pulling 2af3b81862c6:  33% ▕█████             ▏ 211 MB/637 MB  4.9 MB/s   1m26s[K[?25h[?2026l[?2026h[?25l[A[1Gpulling manifest [K
pulling 2af3b81862c6:  33% ▕██████            ▏ 212 MB/637 MB  4.9 MB/s   1m27s[K[?25h[?2026l[?2026h[?25l[A[1Gpulling manifest [K
pulling 2af3b81862c6:  33% ▕██████            ▏ 213 MB/637 MB  4.9 MB/s   1m26s[K[?25h[?2026l[?2026h[?25l[A[1Gpulling manifest [K
pulling 2af3b81862c6:  33% ▕██████            ▏ 213 MB/637 MB  4.9 MB/s   1m26s[K[?25h[?2026l[?2026h[?25l[A[1Gpulling manifest [K
pulling 2af3b81862c6:  34% ▕██████            ▏ 213 MB/637 MB  4.9 MB/s   1m26s[K[?25h[?2026l[?2026h[?25l[A[1Gpulling manifest [K
pulling 2af3b81862c6:  34% ▕██████            ▏ 214 MB/637 MB  4.9 MB/s   1m26s[K[?25h[?2026l[?2026h[?25l[A[1Gpulling manifest [K
pulling 2af3b81862c6:  34% ▕██████            ▏ 214 MB/637 MB  4.9 MB/s   1m26s[K[?25h[?2026l[?2026h[?25l[A[1Gpulling manifest [K
pulling 2af3b81862c6:  34% ▕██████            ▏ 215 MB/637 MB  4.9 MB/s   1m26s[K[?25h[?2026l[?2026h[?25l[A[1Gpulling manifest [K
pulling 2af3b81862c6:  34% ▕██████            ▏ 216 MB/637 MB  4.9 MB/s   1m26s[K[?25h[?2026l[?2026h[?25l[A[1Gpulling manifest [K
pulling 2af3b81862c6:  34% ▕██████            ▏ 216 MB/637 MB  4.9 MB/s   1m26s[K[?25h[?2026l[?2026h[?25l[A[1Gpulling manifest [K
pulling 2af3b81862c6:  34% ▕██████            ▏ 216 MB/637 MB  4.9 MB/s   1m26s[K[?25h[?2026l[?2026h[?25l[A[1Gpulling manifest [K
pulling 2af3b81862c6:  34% ▕██████            ▏ 217 MB/637 MB  4.9 MB/s   1m26s[K[?25h[?2026l[?2026h[?25l[A[1Gpulling manifest [K
pulling 2af3b81862c6:  34% ▕██████            ▏ 217 MB/637 MB  4.9 MB/s   1m26s[K[?25h[?2026l[?2026h[?25l[A[1Gpulling manifest [K
pulling 2af3b81862c6:  34% ▕██████            ▏ 218 MB/637 MB  4.9 MB/s   1m26s[K[?25h[?2026l[?2026h[?25l[A[1Gpulling manifest [K
pulling 2af3b81862c6:  34% ▕██████            ▏ 218 MB/637 MB  4.9 MB/s   1m26s[K[?25h[?2026l[?2026h[?25l[A[1Gpulling manifest [K
pulling 2af3b81862c6:  34% ▕██████            ▏ 219 MB/637 MB  4.9 MB/s   1m25s[K[?25h[?2026l[?2026h[?25l[A[1Gpulling manifest [K
pulling 2af3b81862c6:  34% ▕██████            ▏ 219 MB/637 MB  4.9 MB/s   1m25s[K[?25h[?2026l[?2026h[?25l[A[1Gpulling manifest [K
pulling 2af3b81862c6:  35% ▕██████            ▏ 220 MB/637 MB  4.9 MB/s   1m25s[K[?25h[?2026l[?2026h[?25l[A[1Gpulling manifest [K
pulling 2af3b81862c6:  35% ▕██████            ▏ 220 MB/637 MB  4.9 MB/s   1m25s[K[?25h[?2026l[?2026h[?25l[A[1Gpulling manifest [K
pulling 2af3b81862c6:  35% ▕██████            ▏ 221 MB/637 MB  4.9 MB/s   1m25s[K[?25h[?2026l[?2026h[?25l[A[1Gpulling manifest [K
pulling 2af3b81862c6:  35% ▕██████            ▏ 221 MB/637 MB  4.9 MB/s   1m25s[K[?25h[?2026l[?2026h[?25l[A[1Gpulling manifest [K
pulling 2af3b81862c6:  35% ▕██████            ▏ 222 MB/637 MB  4.9 MB/s   1m25s[K[?25h[?2026l[?2026h[?25l[A[1Gpulling manifest [K
pulling 2af3b81862c6:  35% ▕██████            ▏ 222 MB/637 MB  4.9 MB/s   1m25s[K[?25h[?2026l[?2026h[?25l[A[1Gpulling manifest [K
pulling 2af3b81862c6:  35% ▕██████            ▏ 223 MB/637 MB  4.9 MB/s   1m24s[K[?25h[?2026l[?2026h[?25l[A[1Gpulling manifest [K
pulling 2af3b81862c6:  35% ▕██████            ▏ 223 MB/637 MB  4.9 MB/s   1m24s[K[?25h[?2026l[?2026h[?25l[A[1Gpulling manifest [K
pulling 2af3b81862c6:  35% ▕██████            ▏ 224 MB/637 MB  4.9 MB/s   1m24s[K[?25h[?2026l[?2026h[?25l[A[1Gpulling manifest [K
pulling 2af3b81862c6:  35% ▕██████            ▏ 224 MB/637 MB  4.9 MB/s   1m24s[K[?25h[?2026l[?2026h[?25l[A[1Gpulling manifest [K
pulling 2af3b81862c6:  35% ▕██████            ▏ 224 MB/637 MB  4.9 MB/s   1m24s[K[?25h[?2026l[?2026h[?25l[A[1Gpulling manifest [K
pulling 2af3b81862c6:  35% ▕██████            ▏ 225 MB/637 MB  4.9 MB/s   1m24s[K[?25h[?2026l[?2026h[?25l[A[1Gpulling manifest [K
pulling 2af3b81862c6:  35% ▕██████            ▏ 225 MB/637 MB  4.9 MB/s   1m24s[K[?25h[?2026l[?2026h[?25l[A[1Gpulling manifest [K
pulling 2af3b81862c6:  35% ▕██████            ▏ 226 MB/637 MB  4.9 MB/s   1m24s[K[?25h[?2026l[?2026h[?25l[A[1Gpulling manifest [K
pulling 2af3b81862c6:  36% ▕██████            ▏ 227 MB/637 MB  4.9 MB/s   1m24s[K[?25h[?2026l[?2026h[?25l[A[1Gpulling manifest [K
pulling 2af3b81862c6:  36% ▕██████            ▏ 227 MB/637 MB  4.9 MB/s   1m23s[K[?25h[?2026l[?2026h[?25l[A[1Gpulling manifest [K
pulling 2af3b81862c6:  36% ▕██████            ▏ 227 MB/637 MB  4.9 MB/s   1m23s[K[?25h[?2026l[?2026h[?25l[A[1Gpulling manifest [K
pulling 2af3b81862c6:  36% ▕██████            ▏ 228 MB/637 MB  4.9 MB/s   1m23s[K[?25h[?2026l[?2026h[?25l[A[1Gpulling manifest [K
pulling 2af3b81862c6:  36% ▕██████            ▏ 228 MB/637 MB  4.9 MB/s   1m23s[K[?25h[?2026l[?2026h[?25l[A[1Gpulling manifest [K
pulling 2af3b81862c6:  36% ▕██████            ▏ 229 MB/637 MB  4.9 MB/s   1m23s[K[?25h[?2026l[?2026h[?25l[A[1Gpulling manifest [K
pulling 2af3b81862c6:  36% ▕██████            ▏ 229 MB/637 MB  4.9 MB/s   1m23s[K[?25h[?2026l[?2026h[?25l[A[1Gpulling manifest [K
pulling 2af3b81862c6:  36% ▕██████            ▏ 229 MB/637 MB  4.9 MB/s   1m23s[K[?25h[?2026l[?2026h[?25l[A[1Gpulling manifest [K
pulling 2af3b81862c6:  36% ▕██████            ▏ 230 MB/637 MB  4.9 MB/s   1m23s[K[?25h[?2026l[?2026h[?25l[A[1Gpulling manifest [K
pulling 2af3b81862c6:  36% ▕██████            ▏ 231 MB/637 MB  4.9 MB/s   1m23s[K[?25h[?2026l[?2026h[?25l[A[1Gpulling manifest [K
pulling 2af3b81862c6:  36% ▕██████            ▏ 231 MB/637 MB  4.9 MB/s   1m22s[K[?25h[?2026l[?2026h[?25l[A[1Gpulling manifest [K
pulling 2af3b81862c6:  36% ▕██████            ▏ 231 MB/637 MB  4.8 MB/s   1m24s[K[?25h[?2026l[?2026h[?25l[A[1Gpulling manifest [K
pulling 2af3b81862c6:  36% ▕██████            ▏ 232 MB/637 MB  4.8 MB/s   1m23s[K[?25h[?2026l[?2026h[?25l[A[1Gpulling manifest [K
pulling 2af3b81862c6:  37% ▕██████            ▏ 232 MB/637 MB  4.8 MB/s   1m23s[K[?25h[?2026l[?2026h[?25l[A[1Gpulling manifest [K
pulling 2af3b81862c6:  37% ▕██████            ▏ 233 MB/637 MB  4.8 MB/s   1m23s[K[?25h[?2026l[?2026h[?25l[A[1Gpulling manifest [K
pulling 2af3b81862c6:  37% ▕██████            ▏ 233 MB/637 MB  4.8 MB/s   1m23s[K[?25h[?2026l[?2026h[?25l[A[1Gpulling manifest [K
pulling 2af3b81862c6:  37% ▕██████            ▏ 234 MB/637 MB  4.8 MB/s   1m23s[K[?25h[?2026l[?2026h[?25l[A[1Gpulling manifest [K
pulling 2af3b81862c6:  37% ▕██████            ▏ 234 MB/637 MB  4.8 MB/s   1m23s[K[?25h[?2026l[?2026h[?25l[A[1Gpulling manifest [K
pulling 2af3b81862c6:  37% ▕██████            ▏ 235 MB/637 MB  4.8 MB/s   1m23s[K[?25h[?2026l[?2026h[?25l[A[1Gpulling manifest [K
pulling 2af3b81862c6:  37% ▕██████            ▏ 235 MB/637 MB  4.8 MB/s   1m23s[K[?25h[?2026l[?2026h[?25l[A[1Gpulling manifest [K
pulling 2af3b81862c6:  37% ▕██████            ▏ 236 MB/637 MB  4.8 MB/s   1m23s[K[?25h[?2026l[?2026h[?25l[A[1Gpulling manifest [K
pulling 2af3b81862c6:  37% ▕██████            ▏ 237 MB/637 MB  4.9 MB/s   1m21s[K[?25h[?2026l[?2026h[?25l[A[1Gpulling manifest [K
pulling 2af3b81862c6:  37% ▕██████            ▏ 237 MB/637 MB  4.9 MB/s   1m21s[K[?25h[?2026l[?2026h[?25l[A[1Gpulling manifest [K
pulling 2af3b81862c6:  37% ▕██████            ▏ 238 MB/637 MB  4.9 MB/s   1m21s[K[?25h[?2026l[?2026h[?25l[A[1Gpulling manifest [K
pulling 2af3b81862c6:  37% ▕██████            ▏ 238 MB/637 MB  4.9 MB/s   1m21s[K[?25h[?2026l[?2026h[?25l[A[1Gpulling manifest [K
pulling 2af3b81862c6:  37% ▕██████            ▏ 238 MB/637 MB  4.9 MB/s   1m21s[K[?25h[?2026l[?2026h[?25l[A[1Gpulling manifest [K
pulling 2af3b81862c6:  38% ▕██████            ▏ 239 MB/637 MB  4.9 MB/s   1m21s[K[?25h[?2026l[?2026h[?25l[A[1Gpulling manifest [K
pulling 2af3b81862c6:  38% ▕██████            ▏ 239 MB/637 MB  4.9 MB/s   1m20s[K[?25h[?2026l[?2026h[?25l[A[1Gpulling manifest [K
pulling 2af3b81862c6:  38% ▕██████            ▏ 240 MB/637 MB  4.9 MB/s   1m20s[K[?25h[?2026l[?2026h[?25l[A[1Gpulling manifest [K
pulling 2af3b81862c6:  38% ▕██████            ▏ 240 MB/637 MB  4.9 MB/s   1m20s[K[?25h[?2026l[?2026h[?25l[A[1Gpulling manifest [K
pulling 2af3b81862c6:  38% ▕██████            ▏ 241 MB/637 MB  4.9 MB/s   1m20s[K[?25h[?2026l[?2026h[?25l[A[1Gpulling manifest [K
pulling 2af3b81862c6:  38% ▕██████            ▏ 241 MB/637 MB  4.9 MB/s   1m21s[K[?25h[?2026l[?2026h[?25l[A[1Gpulling manifest [K
pulling 2af3b81862c6:  38% ▕██████            ▏ 242 MB/637 MB  4.9 MB/s   1m21s[K[?25h[?2026l[?2026h[?25l[A[1Gpulling manifest [K
pulling 2af3b81862c6:  38% ▕██████            ▏ 242 MB/637 MB  4.9 MB/s   1m20s[K[?25h[?2026l[?2026h[?25l[A[1Gpulling manifest [K
pulling 2af3b81862c6:  38% ▕██████            ▏ 243 MB/637 MB  4.9 MB/s   1m20s[K[?25h[?2026l[?2026h[?25l[A[1Gpulling manifest [K
pulling 2af3b81862c6:  38% ▕██████            ▏ 243 MB/637 MB  4.9 MB/s   1m20s[K[?25h[?2026l[?2026h[?25l[A[1Gpulling manifest [K
pulling 2af3b81862c6:  38% ▕██████            ▏ 243 MB/637 MB  4.9 MB/s   1m20s[K[?25h[?2026l[?2026h[?25l[A[1Gpulling manifest [K
pulling 2af3b81862c6:  38% ▕██████            ▏ 244 MB/637 MB  4.9 MB/s   1m20s[K[?25h[?2026l[?2026h[?25l[A[1Gpulling manifest [K
pulling 2af3b81862c6:  38% ▕██████            ▏ 244 MB/637 MB  4.9 MB/s   1m20s[K[?25h[?2026l[?2026h[?25l[A[1Gpulling manifest [K
pulling 2af3b81862c6:  38% ▕██████            ▏ 244 MB/637 MB  4.9 MB/s   1m20s[K[?25h[?2026l[?2026h[?25l[A[1Gpulling manifest [K
pulling 2af3b81862c6:  39% ▕██████            ▏ 246 MB/637 MB  4.9 MB/s   1m20s[K[?25h[?2026l[?2026h[?25l[A[1Gpulling manifest [K
pulling 2af3b81862c6:  39% ▕██████            ▏ 246 MB/637 MB  4.9 MB/s   1m20s[K[?25h[?2026l[?2026h[?25l[A[1Gpulling manifest [K
pulling 2af3b81862c6:  39% ▕██████            ▏ 246 MB/637 MB  4.9 MB/s   1m19s[K[?25h[?2026l[?2026h[?25l[A[1Gpulling manifest [K
pulling 2af3b81862c6:  39% ▕██████            ▏ 247 MB/637 MB  4.9 MB/s   1m19s[K[?25h[?2026l[?2026h[?25l[A[1Gpulling manifest [K
pulling 2af3b81862c6:  39% ▕██████            ▏ 247 MB/637 MB  4.9 MB/s   1m19s[K[?25h[?2026l[?2026h[?25l[A[1Gpulling manifest [K
pulling 2af3b81862c6:  39% ▕███████           ▏ 248 MB/637 MB  4.9 MB/s   1m19s[K[?25h[?2026l[?2026h[?25l[A[1Gpulling manifest [K
pulling 2af3b81862c6:  39% ▕███████           ▏ 248 MB/637 MB  4.9 MB/s   1m19s[K[?25h[?2026l[?2026h[?25l[A[1Gpulling manifest [K
pulling 2af3b81862c6:  39% ▕███████           ▏ 249 MB/637 MB  4.9 MB/s   1m19s[K[?25h[?2026l[?2026h[?25l[A[1Gpulling manifest [K
pulling 2af3b81862c6:  39% ▕███████           ▏ 249 MB/637 MB  4.9 MB/s   1m19s[K[?25h[?2026l[?2026h[?25l[A[1Gpulling manifest [K
pulling 2af3b81862c6:  39% ▕███████           ▏ 250 MB/637 MB  4.9 MB/s   1m19s[K[?25h[?2026l[?2026h[?25l[A[1Gpulling manifest [K
pulling 2af3b81862c6:  39% ▕███████           ▏ 250 MB/637 MB  4.9 MB/s   1m19s[K[?25h[?2026l[?2026h[?25l[A[1Gpulling manifest [K
pulling 2af3b81862c6:  39% ▕███████           ▏ 251 MB/637 MB  4.9 MB/s   1m19s[K[?25h[?2026l[?2026h[?25l[1Gpulling manifest ⠋ [K[?25h[?2026l[?2026h[?25l[1Gpulling manifest ⠙ [K[?25h[?2026l[?2026h[?25l[1Gpulling manifest ⠹ [K[?25h[?2026l[?2026h[?25l[1Gpulling manifest ⠸ [K[?25h[?2026l[?2026h[?25l[1Gpulling manifest ⠼ [K[?25h[?2026l[?2026h[?25l[1Gpulling manifest ⠦ [K[?25h[?2026l[?2026h[?25l[1Gpulling manifest ⠦ [K[?25h[?2026l[?2026h[?25l[1Gpulling manifest ⠧ [K[?25h[?2026l[?2026h[?25l[1Gpulling manifest ⠇ [K[?25h[?2026l[?2026h[?25l[1Gpulling manifest ⠏ [K[?25h[?2026l[?2026h[?25l[1Gpulling manifest ⠋ [K[?25h[?2026l[?2026h[?25l[1Gpulling manifest ⠙ [K[?25h[?2026l[?2026h[?25l[1Gpulling manifest ⠹ [K[?25h[?2026l[?2026h[?25l[1Gpulling manifest [K
pulling 2af3b81862c6:  59% ▕██████████        ▏ 374 MB/637 MB                  [K[?25h[?2026l[?2026h[?25l[A[1Gpulling manifest [K
pulling 2af3b81862c6:  59% ▕██████████        ▏ 374 MB/637 MB                  [K[?25h[?2026l[?2026h[?25l[A[1Gpulling manifest [K
pulling 2af3b81862c6:  59% ▕██████████        ▏ 374 MB/637 MB                  [K[?25h[?2026l[?2026h[?25l[A[1Gpulling manifest [K
pulling 2af3b81862c6:  59% ▕██████████        ▏ 374 MB/637 MB                  [K[?25h[?2026l[?2026h[?25l[A[1Gpulling manifest [K
pulling 2af3b81862c6:  59% ▕██████████        ▏ 374 MB/637 MB                  [K[?25h[?2026l[?2026h[?25l[A[1Gpulling manifest [K
pulling 2af3b81862c6:  59% ▕██████████        ▏ 374 MB/637 MB                  [K[?25h[?2026l[?2026h[?25l[A[1Gpulling manifest [K
pulling 2af3b81862c6:  59% ▕██████████        ▏ 374 MB/637 MB                  [K[?25h[?2026l[?2026h[?25l[A[1Gpulling manifest [K
pulling 2af3b81862c6:  59% ▕██████████        ▏ 374 MB/637 MB                  [K[?25h[?2026l[?2026h[?25l[A[1Gpulling manifest [K
pulling 2af3b81862c6:  59% ▕██████████        ▏ 374 MB/637 MB                  [K[?25h[?2026l[?2026h[?25l[A[1Gpulling manifest [K
pulling 2af3b81862c6:  59% ▕██████████        ▏ 375 MB/637 MB                  [K[?25h[?2026l[?2026h[?25l[A[1Gpulling manifest [K
pulling 2af3b81862c6:  59% ▕██████████        ▏ 375 MB/637 MB                  [K[?25h[?2026l[?2026h[?25l[A[1Gpulling manifest [K
pulling 2af3b81862c6:  59% ▕██████████        ▏ 375 MB/637 MB  715 KB/s    6m6s[K[?25h[?2026l[?2026h[?25l[A[1Gpulling manifest [K
pulling 2af3b81862c6:  59% ▕██████████        ▏ 376 MB/637 MB  715 KB/s    6m5s[K[?25h[?2026l[?2026h[?25l[A[1Gpulling manifest [K
pulling 2af3b81862c6:  59% ▕██████████        ▏ 376 MB/637 MB  715 KB/s    6m5s[K[?25h[?2026l[?2026h[?25l[A[1Gpulling manifest [K
pulling 2af3b81862c6:  59% ▕██████████        ▏ 376 MB/637 MB  715 KB/s    6m4s[K[?25h[?2026l[?2026h[?25l[A[1Gpulling manifest [K
pulling 2af3b81862c6:  59% ▕██████████        ▏ 377 MB/637 MB  715 KB/s    6m4s[K[?25h[?2026l[?2026h[?25l[A[1Gpulling manifest [K
pulling 2af3b81862c6:  59% ▕██████████        ▏ 377 MB/637 MB  715 KB/s    6m4s[K[?25h[?2026l[?2026h[?25l[A[1Gpulling manifest [K
pulling 2af3b81862c6:  59% ▕██████████        ▏ 377 MB/637 MB  715 KB/s    6m3s[K[?25h[?2026l[?2026h[?25l[A[1Gpulling manifest [K
pulling 2af3b81862c6:  59% ▕██████████        ▏ 377 MB/637 MB  715 KB/s    6m3s[K[?25h[?2026l[?2026h[?25l[A[1Gpulling manifest [K
pulling 2af3b81862c6:  59% ▕██████████        ▏ 378 MB/637 MB  715 KB/s    6m2s[K[?25h[?2026l[?2026h[?25l[A[1Gpulling manifest [K
pulling 2af3b81862c6:  59% ▕██████████        ▏ 378 MB/637 MB  715 KB/s    6m1s[K[?25h[?2026l[?2026h[?25l[A[1Gpulling manifest [K
pulling 2af3b81862c6:  59% ▕██████████        ▏ 379 MB/637 MB  2.2 MB/s   1m59s[K[?25h[?2026l[?2026h[?25l[A[1Gpulling manifest [K
pulling 2af3b81862c6:  60% ▕██████████        ▏ 379 MB/637 MB  2.2 MB/s   1m59s[K[?25h[?2026l[?2026h[?25l[A[1Gpulling manifest [K
pulling 2af3b81862c6:  60% ▕██████████        ▏ 381 MB/637 MB  2.2 MB/s   1m58s[K[?25h[?2026l[?2026h[?25l[A[1Gpulling manifest [K
pulling 2af3b81862c6:  60% ▕██████████        ▏ 382 MB/637 MB  2.2 MB/s   1m58s[K[?25h[?2026l[?2026h[?25l[A[1Gpulling manifest [K
pulling 2af3b81862c6:  60% ▕██████████        ▏ 382 MB/637 MB  2.2 MB/s   1m58s[K[?25h[?2026l[?2026h[?25l[A[1Gpulling manifest [K
pulling 2af3b81862c6:  60% ▕██████████        ▏ 383 MB/637 MB  2.2 MB/s   1m57s[K[?25h[?2026l[?2026h[?25l[A[1Gpulling manifest [K
pulling 2af3b81862c6:  60% ▕██████████        ▏ 383 MB/637 MB  2.2 MB/s   1m57s[K[?25h[?2026l[?2026h[?25l[A[1Gpulling manifest [K
pulling 2af3b81862c6:  60% ▕██████████        ▏ 384 MB/637 MB  2.2 MB/s   1m57s[K[?25h[?2026l[?2026h[?25l[A[1Gpulling manifest [K
pulling 2af3b81862c6:  60% ▕██████████        ▏ 384 MB/637 MB  2.2 MB/s   1m57s[K[?25h[?2026l[?2026h[?25l[A[1Gpulling manifest [K
pulling 2af3b81862c6:  60% ▕██████████        ▏ 385 MB/637 MB  2.2 MB/s   1m56s[K[?25h[?2026l[?2026h[?25l[A[1Gpulling manifest [K
pulling 2af3b81862c6:  60% ▕██████████        ▏ 385 MB/637 MB  3.6 MB/s    1m9s[K[?25h[?2026l[?2026h[?25l[A[1Gpulling manifest [K
pulling 2af3b81862c6:  61% ▕██████████        ▏ 386 MB/637 MB  3.6 MB/s    1m9s[K[?25h[?2026l[?2026h[?25l[A[1Gpulling manifest [K
pulling 2af3b81862c6:  61% ▕██████████        ▏ 386 MB/637 MB  3.6 MB/s    1m9s[K[?25h[?2026l[?2026h[?25l[A[1Gpulling manifest [K
pulling 2af3b81862c6:  61% ▕██████████        ▏ 386 MB/637 MB  3.6 MB/s    1m9s[K[?25h[?2026l[?2026h[?25l[A[1Gpulling manifest [K
pulling 2af3b81862c6:  61% ▕██████████        ▏ 387 MB/637 MB  3.6 MB/s    1m9s[K[?25h[?2026l[?2026h[?25l[A[1Gpulling manifest [K
pulling 2af3b81862c6:  61% ▕██████████        ▏ 388 MB/637 MB  3.6 MB/s    1m8s[K[?25h[?2026l[?2026h[?25l[A[1Gpulling manifest [K
pulling 2af3b81862c6:  61% ▕██████████        ▏ 388 MB/637 MB  3.6 MB/s    1m8s[K[?25h[?2026l[?2026h[?25l[A[1Gpulling manifest [K
pulling 2af3b81862c6:  61% ▕██████████        ▏ 388 MB/637 MB  3.6 MB/s    1m8s[K[?25h[?2026l[?2026h[?25l[A[1Gpulling manifest [K
pulling 2af3b81862c6:  61% ▕██████████        ▏ 389 MB/637 MB  3.6 MB/s    1m8s[K[?25h[?2026l[?2026h[?25l[A[1Gpulling manifest [K
pulling 2af3b81862c6:  61% ▕███████████       ▏ 389 MB/637 MB  3.6 MB/s    1m8s[K[?25h[?2026l[?2026h[?25l[A[1Gpulling manifest [K
pulling 2af3b81862c6:  61% ▕███████████       ▏ 390 MB/637 MB  3.9 MB/s    1m2s[K[?25h[?2026l[?2026h[?25l[A[1Gpulling manifest [K
pulling 2af3b81862c6:  61% ▕███████████       ▏ 391 MB/637 MB  3.9 MB/s    1m2s[K[?25h[?2026l[?2026h[?25l[A[1Gpulling manifest [K
pulling 2af3b81862c6:  61% ▕███████████       ▏ 391 MB/637 MB  3.9 MB/s    1m2s[K[?25h[?2026l[?2026h[?25l[A[1Gpulling manifest [K
pulling 2af3b81862c6:  61% ▕███████████       ▏ 391 MB/637 MB  3.9 MB/s    1m2s[K[?25h[?2026l[?2026h[?25l[A[1Gpulling manifest [K
pulling 2af3b81862c6:  62% ▕███████████       ▏ 392 MB/637 MB  3.9 MB/s    1m2s[K[?25h[?2026l[?2026h[?25l[A[1Gpulling manifest [K
pulling 2af3b81862c6:  62% ▕███████████       ▏ 392 MB/637 MB  3.9 MB/s    1m2s[K[?25h[?2026l[?2026h[?25l[A[1Gpulling manifest [K
pulling 2af3b81862c6:  62% ▕███████████       ▏ 393 MB/637 MB  3.9 MB/s    1m2s[K[?25h[?2026l[?2026h[?25l[A[1Gpulling manifest [K
pulling 2af3b81862c6:  62% ▕███████████       ▏ 393 MB/637 MB  3.9 MB/s    1m1s[K[?25h[?2026l[?2026h[?25l[A[1Gpulling manifest [K
pulling 2af3b81862c6:  62% ▕███████████       ▏ 394 MB/637 MB  3.9 MB/s    1m1s[K[?25h[?2026l[?2026h[?25l[A[1Gpulling manifest [K
pulling 2af3b81862c6:  62% ▕███████████       ▏ 394 MB/637 MB  3.9 MB/s    1m1s[K[?25h[?2026l[?2026h[?25l[A[1Gpulling manifest [K
pulling 2af3b81862c6:  62% ▕███████████       ▏ 395 MB/637 MB  4.1 MB/s     58s[K[?25h[?2026l[?2026h[?25l[A[1Gpulling manifest [K
pulling 2af3b81862c6:  62% ▕███████████       ▏ 395 MB/637 MB  4.1 MB/s     58s[K[?25h[?2026l[?2026h[?25l[A[1Gpulling manifest [K
pulling 2af3b81862c6:  62% ▕███████████       ▏ 396 MB/637 MB  4.1 MB/s     58s[K[?25h[?2026l[?2026h[?25l[A[1Gpulling manifest [K
pulling 2af3b81862c6:  62% ▕███████████       ▏ 396 MB/637 MB  4.1 MB/s     58s[K[?25h[?2026l[?2026h[?25l[A[1Gpulling manifest [K
pulling 2af3b81862c6:  62% ▕███████████       ▏ 397 MB/637 MB  4.1 MB/s     58s[K[?25h[?2026l[?2026h[?25l[A[1Gpulling manifest [K
pulling 2af3b81862c6:  62% ▕███████████       ▏ 397 MB/637 MB  4.1 MB/s     58s[K[?25h[?2026l[?2026h[?25l[A[1Gpulling manifest [K
pulling 2af3b81862c6:  62% ▕███████████       ▏ 398 MB/637 MB  4.1 MB/s     57s[K[?25h[?2026l[?2026h[?25l[A[1Gpulling manifest [K
pulling 2af3b81862c6:  62% ▕███████████       ▏ 398 MB/637 MB  4.1 MB/s     57s[K[?25h[?2026l[?2026h[?25l[A[1Gpulling manifest [K
pulling 2af3b81862c6:  63% ▕███████████       ▏ 399 MB/637 MB  4.1 MB/s     57s[K[?25h[?2026l[?2026h[?25l[A[1Gpulling manifest [K
pulling 2af3b81862c6:  63% ▕███████████       ▏ 399 MB/637 MB  4.1 MB/s     57s[K[?25h[?2026l[?2026h[?25l[A[1Gpulling manifest [K
pulling 2af3b81862c6:  63% ▕███████████       ▏ 400 MB/637 MB  4.1 MB/s     57s[K[?25h[?2026l[?2026h[?25l[A[1Gpulling manifest [K
pulling 2af3b81862c6:  63% ▕███████████       ▏ 400 MB/637 MB  4.3 MB/s     55s[K[?25h[?2026l[?2026h[?25l[A[1Gpulling manifest [K
pulling 2af3b81862c6:  63% ▕███████████       ▏ 401 MB/637 MB  4.3 MB/s     55s[K[?25h[?2026l[?2026h[?25l[A[1Gpulling manifest [K
pulling 2af3b81862c6:  63% ▕███████████       ▏ 401 MB/637 MB  4.3 MB/s     55s[K[?25h[?2026l[?2026h[?25l[A[1Gpulling manifest [K
pulling 2af3b81862c6:  63% ▕███████████       ▏ 401 MB/637 MB  4.3 MB/s     55s[K[?25h[?2026l[?2026h[?25l[A[1Gpulling manifest [K
pulling 2af3b81862c6:  63% ▕███████████       ▏ 402 MB/637 MB  4.3 MB/s     55s[K[?25h[?2026l[?2026h[?25l[A[1Gpulling manifest [K
pulling 2af3b81862c6:  63% ▕███████████       ▏ 402 MB/637 MB  4.3 MB/s     55s[K[?25h[?2026l[?2026h[?25l[A[1Gpulling manifest [K
pulling 2af3b81862c6:  63% ▕███████████       ▏ 403 MB/637 MB  4.3 MB/s     54s[K[?25h[?2026l[?2026h[?25l[A[1Gpulling manifest [K
pulling 2af3b81862c6:  63% ▕███████████       ▏ 403 MB/637 MB  4.3 MB/s     54s[K[?25h[?2026l[?2026h[?25l[A[1Gpulling manifest [K
pulling 2af3b81862c6:  63% ▕███████████       ▏ 404 MB/637 MB  4.3 MB/s     54s[K[?25h[?2026l[?2026h[?25l[A[1Gpulling manifest [K
pulling 2af3b81862c6:  63% ▕███████████       ▏ 404 MB/637 MB  4.3 MB/s     54s[K[?25h[?2026l[?2026h[?25l[A[1Gpulling manifest [K
pulling 2af3b81862c6:  64% ▕███████████       ▏ 405 MB/637 MB  4.3 MB/s     53s[K[?25h[?2026l[?2026h[?25l[A[1Gpulling manifest [K
pulling 2af3b81862c6:  64% ▕███████████       ▏ 405 MB/637 MB  4.3 MB/s     53s[K[?25h[?2026l[?2026h[?25l[A[1Gpulling manifest [K
pulling 2af3b81862c6:  64% ▕███████████       ▏ 406 MB/637 MB  4.3 MB/s     53s[K[?25h[?2026l[?2026h[?25l[A[1Gpulling manifest [K
pulling 2af3b81862c6:  64% ▕███████████       ▏ 406 MB/637 MB  4.3 MB/s     53s[K[?25h[?2026l[?2026h[?25l[A[1Gpulling manifest [K
pulling 2af3b81862c6:  64% ▕███████████       ▏ 407 MB/637 MB  4.3 MB/s     53s[K[?25h[?2026l[?2026h[?25l[A[1Gpulling manifest [K
pulling 2af3b81862c6:  64% ▕███████████       ▏ 407 MB/637 MB  4.3 MB/s     53s[K[?25h[?2026l[?2026h[?25l[A[1Gpulling manifest [K
pulling 2af3b81862c6:  64% ▕███████████       ▏ 408 MB/637 MB  4.3 MB/s     52s[K[?25h[?2026l[?2026h[?25l[A[1Gpulling manifest [K
pulling 2af3b81862c6:  64% ▕███████████       ▏ 408 MB/637 MB  4.3 MB/s     52s[K[?25h[?2026l[?2026h[?25l[A[1Gpulling manifest [K
pulling 2af3b81862c6:  64% ▕███████████       ▏ 409 MB/637 MB  4.3 MB/s     52s[K[?25h[?2026l[?2026h[?25l[A[1Gpulling manifest [K
pulling 2af3b81862c6:  64% ▕███████████       ▏ 409 MB/637 MB  4.3 MB/s     52s[K[?25h[?2026l[?2026h[?25l[A[1Gpulling manifest [K
pulling 2af3b81862c6:  64% ▕███████████       ▏ 410 MB/637 MB  4.4 MB/s     51s[K[?25h[?2026l[?2026h[?25l[A[1Gpulling manifest [K
pulling 2af3b81862c6:  64% ▕███████████       ▏ 410 MB/637 MB  4.4 MB/s     51s[K[?25h[?2026l[?2026h[?25l[A[1Gpulling manifest [K
pulling 2af3b81862c6:  64% ▕███████████       ▏ 410 MB/637 MB  4.4 MB/s     51s[K[?25h[?2026l[?2026h[?25l[A[1Gpulling manifest [K
pulling 2af3b81862c6:  65% ▕███████████       ▏ 411 MB/637 MB  4.4 MB/s     51s[K[?25h[?2026l[?2026h[?25l[A[1Gpulling manifest [K
pulling 2af3b81862c6:  65% ▕███████████       ▏ 412 MB/637 MB  4.4 MB/s     51s[K[?25h[?2026l[?2026h[?25l[A[1Gpulling manifest [K
pulling 2af3b81862c6:  65% ▕███████████       ▏ 412 MB/637 MB  4.4 MB/s     50s[K[?25h[?2026l[?2026h[?25l[A[1Gpulling manifest [K
pulling 2af3b81862c6:  65% ▕███████████       ▏ 412 MB/637 MB  4.4 MB/s     50s[K[?25h[?2026l[?2026h[?25l[A[1Gpulling manifest [K
pulling 2af3b81862c6:  65% ▕███████████       ▏ 413 MB/637 MB  4.4 MB/s     50s[K[?25h[?2026l[?2026h[?25l[A[1Gpulling manifest [K
pulling 2af3b81862c6:  65% ▕███████████       ▏ 414 MB/637 MB  4.4 MB/s     50s[K[?25h[?2026l[?2026h[?25l[A[1Gpulling manifest [K
pulling 2af3b81862c6:  65% ▕███████████       ▏ 414 MB/637 MB  4.4 MB/s     50s[K[?25h[?2026l[?2026h[?25l[A[1Gpulling manifest [K
pulling 2af3b81862c6:  65% ▕███████████       ▏ 414 MB/637 MB  4.4 MB/s     50s[K[?25h[?2026l[?2026h[?25l[A[1Gpulling manifest [K
pulling 2af3b81862c6:  65% ▕███████████       ▏ 415 MB/637 MB  4.4 MB/s     50s[K[?25h[?2026l[?2026h[?25l[A[1Gpulling manifest [K
pulling 2af3b81862c6:  65% ▕███████████       ▏ 415 MB/637 MB  4.4 MB/s     49s[K[?25h[?2026l[?2026h[?25l[A[1Gpulling manifest [K
pulling 2af3b81862c6:  65% ▕███████████       ▏ 416 MB/637 MB  4.4 MB/s     49s[K[?25h[?2026l[?2026h[?25l[A[1Gpulling manifest [K
pulling 2af3b81862c6:  65% ▕███████████       ▏ 416 MB/637 MB  4.4 MB/s     49s[K[?25h[?2026l[?2026h[?25l[A[1Gpulling manifest [K
pulling 2af3b81862c6:  65% ▕███████████       ▏ 417 MB/637 MB  4.4 MB/s     49s[K[?25h[?2026l[?2026h[?25l[A[1Gpulling manifest [K
pulling 2af3b81862c6:  66% ▕███████████       ▏ 417 MB/637 MB  4.4 MB/s     49s[K[?25h[?2026l[?2026h[?25l[A[1Gpulling manifest [K
pulling 2af3b81862c6:  66% ▕███████████       ▏ 418 MB/637 MB  4.4 MB/s     49s[K[?25h[?2026l[?2026h[?25l[A[1Gpulling manifest [K
pulling 2af3b81862c6:  66% ▕███████████       ▏ 418 MB/637 MB  4.4 MB/s     49s[K[?25h[?2026l[?2026h[?25l[A[1Gpulling manifest [K
pulling 2af3b81862c6:  66% ▕███████████       ▏ 419 MB/637 MB  4.4 MB/s     49s[K[?25h[?2026l[?2026h[?25l[A[1Gpulling manifest [K
pulling 2af3b81862c6:  66% ▕███████████       ▏ 419 MB/637 MB  4.9 MB/s     44s[K[?25h[?2026l[?2026h[?25l[A[1Gpulling manifest [K
pulling 2af3b81862c6:  66% ▕███████████       ▏ 419 MB/637 MB  4.9 MB/s     44s[K[?25h[?2026l[?2026h[?25l[A[1Gpulling manifest [K
pulling 2af3b81862c6:  66% ▕███████████       ▏ 420 MB/637 MB  4.9 MB/s     44s[K[?25h[?2026l[?2026h[?25l[A[1Gpulling manifest [K
pulling 2af3b81862c6:  66% ▕███████████       ▏ 421 MB/637 MB  4.9 MB/s     44s[K[?25h[?2026l[?2026h[?25l[A[1Gpulling manifest [K
pulling 2af3b81862c6:  66% ▕███████████       ▏ 421 MB/637 MB  4.9 MB/s     44s[K[?25h[?2026l[?2026h[?25l[A[1Gpulling manifest [K
pulling 2af3b81862c6:  66% ▕███████████       ▏ 422 MB/637 MB  4.9 MB/s     43s[K[?25h[?2026l[?2026h[?25l[A[1Gpulling manifest [K
pulling 2af3b81862c6:  66% ▕███████████       ▏ 422 MB/637 MB  4.9 MB/s     43s[K[?25h[?2026l[?2026h[?25l[A[1Gpulling manifest [K
pulling 2af3b81862c6:  66% ▕███████████       ▏ 422 MB/637 MB  4.9 MB/s     43s[K[?25h[?2026l[?2026h[?25l[A[1Gpulling manifest [K
pulling 2af3b81862c6:  66% ▕███████████       ▏ 423 MB/637 MB  4.9 MB/s     43s[K[?25h[?2026l[?2026h[?25l[A[1Gpulling manifest [K
pulling 2af3b81862c6:  67% ▕███████████       ▏ 424 MB/637 MB  4.9 MB/s     43s[K[?25h[?2026l[?2026h[?25l[A[1Gpulling manifest [K
pulling 2af3b81862c6:  67% ▕███████████       ▏ 424 MB/637 MB  4.9 MB/s     43s[K[?25h[?2026l[?2026h[?25l[A[1Gpulling manifest [K
pulling 2af3b81862c6:  67% ▕███████████       ▏ 425 MB/637 MB  5.1 MB/s     41s[K[?25h[?2026l[?2026h[?25l[A[1Gpulling manifest [K
pulling 2af3b81862c6:  67% ▕████████████      ▏ 425 MB/637 MB  5.1 MB/s     41s[K[?25h[?2026l[?2026h[?25l[A[1Gpulling manifest [K
pulling 2af3b81862c6:  67% ▕████████████      ▏ 425 MB/637 MB  5.1 MB/s     41s[K[?25h[?2026l[?2026h[?25l[A[1Gpulling manifest [K
pulling 2af3b81862c6:  67% ▕████████████      ▏ 426 MB/637 MB  5.1 MB/s     41s[K[?25h[?2026l[?2026h[?25l[A[1Gpulling manifest [K
pulling 2af3b81862c6:  67% ▕████████████      ▏ 427 MB/637 MB  5.1 MB/s     41s[K[?25h[?2026l[?2026h[?25l[A[1Gpulling manifest [K
pulling 2af3b81862c6:  67% ▕████████████      ▏ 427 MB/637 MB  5.1 MB/s     41s[K[?25h[?2026l[?2026h[?25l[A[1Gpulling manifest [K
pulling 2af3b81862c6:  67% ▕████████████      ▏ 427 MB/637 MB  5.1 MB/s     41s[K[?25h[?2026l[?2026h[?25l[A[1Gpulling manifest [K
pulling 2af3b81862c6:  67% ▕████████████      ▏ 428 MB/637 MB  5.1 MB/s     41s[K[?25h[?2026l[?2026h[?25l[A[1Gpulling manifest [K
pulling 2af3b81862c6:  67% ▕████████████      ▏ 428 MB/637 MB  5.1 MB/s     41s[K[?25h[?2026l[?2026h[?25l[A[1Gpulling manifest [K
pulling 2af3b81862c6:  67% ▕████████████      ▏ 429 MB/637 MB  5.1 MB/s     41s[K[?25h[?2026l[?2026h[?25l[A[1Gpulling manifest [K
pulling 2af3b81862c6:  67% ▕████████████      ▏ 429 MB/637 MB  4.9 MB/s     42s[K[?25h[?2026l[?2026h[?25l[A[1Gpulling manifest [K
pulling 2af3b81862c6:  67% ▕████████████      ▏ 430 MB/637 MB  4.9 MB/s     42s[K[?25h[?2026l[?2026h[?25l[A[1Gpulling manifest [K
pulling 2af3b81862c6:  67% ▕████████████      ▏ 430 MB/637 MB  4.9 MB/s     42s[K[?25h[?2026l[?2026h[?25l[A[1Gpulling manifest [K
pulling 2af3b81862c6:  68% ▕████████████      ▏ 431 MB/637 MB  4.9 MB/s     42s[K[?25h[?2026l[?2026h[?25l[A[1Gpulling manifest [K
pulling 2af3b81862c6:  68% ▕████████████      ▏ 431 MB/637 MB  4.9 MB/s     42s[K[?25h[?2026l[?2026h[?25l[A[1Gpulling manifest [K
pulling 2af3b81862c6:  68% ▕████████████      ▏ 432 MB/637 MB  4.9 MB/s     42s[K[?25h[?2026l[?2026h[?25l[A[1Gpulling manifest [K
pulling 2af3b81862c6:  68% ▕████████████      ▏ 432 MB/637 MB  4.9 MB/s     42s[K[?25h[?2026l[?2026h[?25l[A[1Gpulling manifest [K
pulling 2af3b81862c6:  68% ▕████████████      ▏ 432 MB/637 MB  4.9 MB/s     42s[K[?25h[?2026l[?2026h[?25l[A[1Gpulling manifest [K
pulling 2af3b81862c6:  68% ▕████████████      ▏ 433 MB/637 MB  4.9 MB/s     41s[K[?25h[?2026l[?2026h[?25l[A[1Gpulling manifest [K
pulling 2af3b81862c6:  68% ▕████████████      ▏ 434 MB/637 MB  4.9 MB/s     41s[K[?25h[?2026l[?2026h[?25l[A[1Gpulling manifest [K
pulling 2af3b81862c6:  68% ▕████████████      ▏ 434 MB/637 MB  4.9 MB/s     41s[K[?25h[?2026l[?2026h[?25l[A[1Gpulling manifest [K
pulling 2af3b81862c6:  68% ▕████████████      ▏ 434 MB/637 MB  4.9 MB/s     41s[K[?25h[?2026l[?2026h[?25l[A[1Gpulling manifest [K
pulling 2af3b81862c6:  68% ▕████████████      ▏ 435 MB/637 MB  4.9 MB/s     41s[K[?25h[?2026l[?2026h[?25l[A[1Gpulling manifest [K
pulling 2af3b81862c6:  68% ▕████████████      ▏ 435 MB/637 MB  4.9 MB/s     41s[K[?25h[?2026l[?2026h[?25l[A[1Gpulling manifest [K
pulling 2af3b81862c6:  68% ▕████████████      ▏ 436 MB/637 MB  4.9 MB/s     40s[K[?25h[?2026l[?2026h[?25l[A[1Gpulling manifest [K
pulling 2af3b81862c6:  69% ▕████████████      ▏ 437 MB/637 MB  4.9 MB/s     40s[K[?25h[?2026l[?2026h[?25l[A[1Gpulling manifest [K
pulling 2af3b81862c6:  69% ▕████████████      ▏ 437 MB/637 MB  4.9 MB/s     40s[K[?25h[?2026l[?2026h[?25l[A[1Gpulling manifest [K
pulling 2af3b81862c6:  69% ▕████████████      ▏ 438 MB/637 MB  4.9 MB/s     40s[K[?25h[?2026l[?2026h[?25l[A[1Gpulling manifest [K
pulling 2af3b81862c6:  69% ▕████████████      ▏ 438 MB/637 MB  4.9 MB/s     40s[K[?25h[?2026l[?2026h[?25l[A[1Gpulling manifest [K
pulling 2af3b81862c6:  69% ▕████████████      ▏ 438 MB/637 MB  4.9 MB/s     40s[K[?25h[?2026l[?2026h[?25l[A[1Gpulling manifest [K
pulling 2af3b81862c6:  69% ▕████████████      ▏ 439 MB/637 MB  4.9 MB/s     40s[K[?25h[?2026l[?2026h[?25l[A[1Gpulling manifest [K
pulling 2af3b81862c6:  69% ▕████████████      ▏ 440 MB/637 MB  4.9 MB/s     40s[K[?25h[?2026l[?2026h[?25l[A[1Gpulling manifest [K
pulling 2af3b81862c6:  69% ▕████████████      ▏ 440 MB/637 MB  4.9 MB/s     40s[K[?25h[?2026l[?2026h[?25l[A[1Gpulling manifest [K
pulling 2af3b81862c6:  69% ▕████████████      ▏ 440 MB/637 MB  4.9 MB/s     40s[K[?25h[?2026l[?2026h[?25l[A[1Gpulling manifest [K
pulling 2af3b81862c6:  69% ▕████████████      ▏ 441 MB/637 MB  4.9 MB/s     40s[K[?25h[?2026l[?2026h[?25l[A[1Gpulling manifest [K
pulling 2af3b81862c6:  69% ▕████████████      ▏ 441 MB/637 MB  4.9 MB/s     40s[K[?25h[?2026l[?2026h[?25l[A[1Gpulling manifest [K
pulling 2af3b81862c6:  69% ▕████████████      ▏ 442 MB/637 MB  4.9 MB/s     39s[K[?25h[?2026l[?2026h[?25l[A[1Gpulling manifest [K
pulling 2af3b81862c6:  69% ▕████████████      ▏ 442 MB/637 MB  4.9 MB/s     39s[K[?25h[?2026l[?2026h[?25l[A[1Gpulling manifest [K
pulling 2af3b81862c6:  69% ▕████████████      ▏ 443 MB/637 MB  4.9 MB/s     39s[K[?25h[?2026l[?2026h[?25l[A[1Gpulling manifest [K
pulling 2af3b81862c6:  70% ▕████████████      ▏ 443 MB/637 MB  4.9 MB/s     39s[K[?25h[?2026l[?2026h[?25l[A[1Gpulling manifest [K
pulling 2af3b81862c6:  70% ▕████████████      ▏ 444 MB/637 MB  4.9 MB/s     39s[K[?25h[?2026l[?2026h[?25l[A[1Gpulling manifest [K
pulling 2af3b81862c6:  70% ▕████████████      ▏ 444 MB/637 MB  4.9 MB/s     39s[K[?25h[?2026l[?2026h[?25l[A[1Gpulling manifest [K
pulling 2af3b81862c6:  70% ▕████████████      ▏ 445 MB/637 MB  4.9 MB/s     39s[K[?25h[?2026l[?2026h[?25l[A[1Gpulling manifest [K
pulling 2af3b81862c6:  70% ▕████████████      ▏ 445 MB/637 MB  4.9 MB/s     39s[K[?25h[?2026l[?2026h[?25l[A[1Gpulling manifest [K
pulling 2af3b81862c6:  70% ▕████████████      ▏ 446 MB/637 MB  4.9 MB/s     39s[K[?25h[?2026l[?2026h[?25l[A[1Gpulling manifest [K
pulling 2af3b81862c6:  70% ▕████████████      ▏ 446 MB/637 MB  4.9 MB/s     38s[K[?25h[?2026l[?2026h[?25l[A[1Gpulling manifest [K
pulling 2af3b81862c6:  70% ▕████████████      ▏ 447 MB/637 MB  4.9 MB/s     38s[K[?25h[?2026l[?2026h[?25l[A[1Gpulling manifest [K
pulling 2af3b81862c6:  70% ▕████████████      ▏ 447 MB/637 MB  4.9 MB/s     38s[K[?25h[?2026l[?2026h[?25l[A[1Gpulling manifest [K
pulling 2af3b81862c6:  70% ▕████████████      ▏ 448 MB/637 MB  4.9 MB/s     38s[K[?25h[?2026l[?2026h[?25l[A[1Gpulling manifest [K
pulling 2af3b81862c6:  70% ▕████████████      ▏ 449 MB/637 MB  4.9 MB/s     38s[K[?25h[?2026l[?2026h[?25l[A[1Gpulling manifest [K
pulling 2af3b81862c6:  70% ▕████████████      ▏ 449 MB/637 MB  4.9 MB/s     38s[K[?25h[?2026l[?2026h[?25l[A[1Gpulling manifest [K
pulling 2af3b81862c6:  71% ▕████████████      ▏ 450 MB/637 MB  5.0 MB/s     37s[K[?25h[?2026l[?2026h[?25l[A[1Gpulling manifest [K
pulling 2af3b81862c6:  71% ▕████████████      ▏ 450 MB/637 MB  5.0 MB/s     37s[K[?25h[?2026l[?2026h[?25l[A[1Gpulling manifest [K
pulling 2af3b81862c6:  71% ▕████████████      ▏ 450 MB/637 MB  5.0 MB/s     37s[K[?25h[?2026l[?2026h[?25l[A[1Gpulling manifest [K
pulling 2af3b81862c6:  71% ▕████████████      ▏ 451 MB/637 MB  5.0 MB/s     37s[K[?25h[?2026l[?2026h[?25l[A[1Gpulling manifest [K
pulling 2af3b81862c6:  71% ▕████████████      ▏ 451 MB/637 MB  5.0 MB/s     37s[K[?25h[?2026l[?2026h[?25l[A[1Gpulling manifest [K
pulling 2af3b81862c6:  71% ▕████████████      ▏ 451 MB/637 MB  5.0 MB/s     37s[K[?25h[?2026l[?2026h[?25l[A[1Gpulling manifest [K
pulling 2af3b81862c6:  71% ▕████████████      ▏ 452 MB/637 MB  5.0 MB/s     37s[K[?25h[?2026l[?2026h[?25l[A[1Gpulling manifest [K
pulling 2af3b81862c6:  71% ▕████████████      ▏ 453 MB/637 MB  5.0 MB/s     37s[K[?25h[?2026l[?2026h[?25l[A[1Gpulling manifest [K
pulling 2af3b81862c6:  71% ▕████████████      ▏ 453 MB/637 MB  5.0 MB/s     37s[K[?25h[?2026l[?2026h[?25l[A[1Gpulling manifest [K
pulling 2af3b81862c6:  71% ▕████████████      ▏ 453 MB/637 MB  5.0 MB/s     37s[K[?25h[?2026l[?2026h[?25l[A[1Gpulling manifest [K
pulling 2af3b81862c6:  71% ▕████████████      ▏ 454 MB/637 MB  4.9 MB/s     37s[K[?25h[?2026l[?2026h[?25l[A[1Gpulling manifest [K
pulling 2af3b81862c6:  71% ▕████████████      ▏ 454 MB/637 MB  4.9 MB/s     37s[K[?25h[?2026l[?2026h[?25l[A[1Gpulling manifest [K
pulling 2af3b81862c6:  71% ▕████████████      ▏ 455 MB/637 MB  4.9 MB/s     37s[K[?25h[?2026l[?2026h[?25l[A[1Gpulling manifest [K
pulling 2af3b81862c6:  71% ▕████████████      ▏ 455 MB/637 MB  4.9 MB/s     37s[K[?25h[?2026l[?2026h[?25l[A[1Gpulling manifest [K
pulling 2af3b81862c6:  72% ▕████████████      ▏ 456 MB/637 MB  4.9 MB/s     36s[K[?25h[?2026l[?2026h[?25l[A[1Gpulling manifest [K
pulling 2af3b81862c6:  72% ▕████████████      ▏ 456 MB/637 MB  4.9 MB/s     36s[K[?25h[?2026l[?2026h[?25l[A[1Gpulling manifest [K
pulling 2af3b81862c6:  72% ▕████████████      ▏ 457 MB/637 MB  4.9 MB/s     36s[K[?25h[?2026l[?2026h[?25l[A[1Gpulling manifest [K
pulling 2af3b81862c6:  72% ▕████████████      ▏ 457 MB/637 MB  4.9 MB/s     36s[K[?25h[?2026l[?2026h[?25l[A[1Gpulling manifest [K
pulling 2af3b81862c6:  72% ▕████████████      ▏ 458 MB/637 MB  4.9 MB/s     36s[K[?25h[?2026l[?2026h[?25l[A[1Gpulling manifest [K
pulling 2af3b81862c6:  72% ▕████████████      ▏ 458 MB/637 MB  4.9 MB/s     36s[K[?25h[?2026l[?2026h[?25l[A[1Gpulling manifest [K
pulling 2af3b81862c6:  72% ▕████████████      ▏ 459 MB/637 MB  4.9 MB/s     36s[K[?25h[?2026l[?2026h[?25l[A[1Gpulling manifest [K
pulling 2af3b81862c6:  72% ▕████████████      ▏ 459 MB/637 MB  4.9 MB/s     36s[K[?25h[?2026l[?2026h[?25l[A[1Gpulling manifest [K
pulling 2af3b81862c6:  72% ▕████████████      ▏ 460 MB/637 MB  4.9 MB/s     35s[K[?25h[?2026l[?2026h[?25l[A[1Gpulling manifest [K
pulling 2af3b81862c6:  72% ▕█████████████     ▏ 460 MB/637 MB  4.9 MB/s     35s[K[?25h[?2026l[?2026h[?25l[A[1Gpulling manifest [K
pulling 2af3b81862c6:  72% ▕█████████████     ▏ 461 MB/637 MB  4.9 MB/s     35s[K[?25h[?2026l[?2026h[?25l[A[1Gpulling manifest [K
pulling 2af3b81862c6:  72% ▕█████████████     ▏ 461 MB/637 MB  4.9 MB/s     35s[K[?25h[?2026l[?2026h[?25l[A[1Gpulling manifest [K
pulling 2af3b81862c6:  72% ▕█████████████     ▏ 462 MB/637 MB  4.9 MB/s     35s[K[?25h[?2026l[?2026h[?25l[A[1Gpulling manifest [K
pulling 2af3b81862c6:  73% ▕█████████████     ▏ 462 MB/637 MB  4.9 MB/s     35s[K[?25h[?2026l[?2026h[?25l[A[1Gpulling manifest [K
pulling 2af3b81862c6:  73% ▕█████████████     ▏ 463 MB/637 MB  4.9 MB/s     35s[K[?25h[?2026l[?2026h[?25l[A[1Gpulling manifest [K
pulling 2af3b81862c6:  73% ▕█████████████     ▏ 463 MB/637 MB  4.9 MB/s     35s[K[?25h[?2026l[?2026h[?25l[A[1Gpulling manifest [K
pulling 2af3b81862c6:  73% ▕█████████████     ▏ 464 MB/637 MB  4.9 MB/s     35s[K[?25h[?2026l[?2026h[?25l[A[1Gpulling manifest [K
pulling 2af3b81862c6:  73% ▕█████████████     ▏ 464 MB/637 MB  4.9 MB/s     35s[K[?25h[?2026l[?2026h[?25l[A[1Gpulling manifest [K
pulling 2af3b81862c6:  73% ▕█████████████     ▏ 465 MB/637 MB  4.9 MB/s     35s[K[?25h[?2026l[?2026h[?25l[A[1Gpulling manifest [K
pulling 2af3b81862c6:  73% ▕█████████████     ▏ 465 MB/637 MB  4.9 MB/s     34s[K[?25h[?2026l[?2026h[?25l[A[1Gpulling manifest [K
pulling 2af3b81862c6:  73% ▕█████████████     ▏ 466 MB/637 MB  4.9 MB/s     34s[K[?25h[?2026l[?2026h[?25l[A[1Gpulling manifest [K
pulling 2af3b81862c6:  73% ▕█████████████     ▏ 466 MB/637 MB  4.9 MB/s     34s[K[?25h[?2026l[?2026h[?25l[A[1Gpulling manifest [K
pulling 2af3b81862c6:  73% ▕█████████████     ▏ 466 MB/637 MB  4.9 MB/s     34s[K[?25h[?2026l[?2026h[?25l[A[1Gpulling manifest [K
pulling 2af3b81862c6:  73% ▕█████████████     ▏ 467 MB/637 MB  4.9 MB/s     34s[K[?25h[?2026l[?2026h[?25l[A[1Gpulling manifest [K
pulling 2af3b81862c6:  73% ▕█████████████     ▏ 467 MB/637 MB  4.9 MB/s     34s[K[?25h[?2026l[?2026h[?25l[A[1Gpulling manifest [K
pulling 2af3b81862c6:  73% ▕█████████████     ▏ 468 MB/637 MB  4.9 MB/s     34s[K[?25h[?2026l[?2026h[?25l[A[1Gpulling manifest [K
pulling 2af3b81862c6:  74% ▕█████████████     ▏ 468 MB/637 MB  4.9 MB/s     34s[K[?25h[?2026l[?2026h[?25l[A[1Gpulling manifest [K
pulling 2af3b81862c6:  74% ▕█████████████     ▏ 469 MB/637 MB  4.9 MB/s     34s[K[?25h[?2026l[?2026h[?25l[A[1Gpulling manifest [K
pulling 2af3b81862c6:  74% ▕█████████████     ▏ 469 MB/637 MB  4.9 MB/s     34s[K[?25h[?2026l[?2026h[?25l[A[1Gpulling manifest [K
pulling 2af3b81862c6:  74% ▕█████████████     ▏ 470 MB/637 MB  4.9 MB/s     34s[K[?25h[?2026l[?2026h[?25l[A[1Gpulling manifest [K
pulling 2af3b81862c6:  74% ▕█████████████     ▏ 470 MB/637 MB  4.9 MB/s     33s[K[?25h[?2026l[?2026h[?25l[A[1Gpulling manifest [K
pulling 2af3b81862c6:  74% ▕█████████████     ▏ 471 MB/637 MB  4.9 MB/s     33s[K[?25h[?2026l[?2026h[?25l[A[1Gpulling manifest [K
pulling 2af3b81862c6:  74% ▕█████████████     ▏ 472 MB/637 MB  4.9 MB/s     33s[K[?25h[?2026l[?2026h[?25l[A[1Gpulling manifest [K
pulling 2af3b81862c6:  74% ▕█████████████     ▏ 472 MB/637 MB  4.9 MB/s     33s[K[?25h[?2026l[?2026h[?25l[A[1Gpulling manifest [K
pulling 2af3b81862c6:  74% ▕█████████████     ▏ 472 MB/637 MB  4.9 MB/s     33s[K[?25h[?2026l[?2026h[?25l[A[1Gpulling manifest [K
pulling 2af3b81862c6:  74% ▕█████████████     ▏ 473 MB/637 MB  4.9 MB/s     33s[K[?25h[?2026l[?2026h[?25l[A[1Gpulling manifest [K
pulling 2af3b81862c6:  74% ▕█████████████     ▏ 473 MB/637 MB  4.9 MB/s     33s[K[?25h[?2026l[?2026h[?25l[A[1Gpulling manifest [K
pulling 2af3b81862c6:  74% ▕█████████████     ▏ 474 MB/637 MB  4.9 MB/s     33s[K[?25h[?2026l[?2026h[?25l[A[1Gpulling manifest [K
pulling 2af3b81862c6:  74% ▕█████████████     ▏ 474 MB/637 MB  4.9 MB/s     32s[K[?25h[?2026l[?2026h[?25l[A[1Gpulling manifest [K
pulling 2af3b81862c6:  75% ▕█████████████     ▏ 475 MB/637 MB  4.9 MB/s     32s[K[?25h[?2026l[?2026h[?25l[A[1Gpulling manifest [K
pulling 2af3b81862c6:  75% ▕█████████████     ▏ 475 MB/637 MB  4.9 MB/s     32s[K[?25h[?2026l[?2026h[?25l[A[1Gpulling manifest [K
pulling 2af3b81862c6:  75% ▕█████████████     ▏ 476 MB/637 MB  4.9 MB/s     32s[K[?25h[?2026l[?2026h[?25l[A[1Gpulling manifest [K
pulling 2af3b81862c6:  75% ▕█████████████     ▏ 476 MB/637 MB  4.9 MB/s     32s[K[?25h[?2026l[?2026h[?25l[A[1Gpulling manifest [K
pulling 2af3b81862c6:  75% ▕█████████████     ▏ 477 MB/637 MB  4.9 MB/s     32s[K[?25h[?2026l[?2026h[?25l[A[1Gpulling manifest [K
pulling 2af3b81862c6:  75% ▕█████████████     ▏ 477 MB/637 MB  4.9 MB/s     32s[K[?25h[?2026l[?2026h[?25l[A[1Gpulling manifest [K
pulling 2af3b81862c6:  75% ▕█████████████     ▏ 477 MB/637 MB  4.9 MB/s     32s[K[?25h[?2026l[?2026h[?25l[A[1Gpulling manifest [K
pulling 2af3b81862c6:  75% ▕█████████████     ▏ 478 MB/637 MB  4.9 MB/s     32s[K[?25h[?2026l[?2026h[?25l[A[1Gpulling manifest [K
pulling 2af3b81862c6:  75% ▕█████████████     ▏ 478 MB/637 MB  4.9 MB/s     32s[K[?25h[?2026l[?2026h[?25l[A[1Gpulling manifest [K
pulling 2af3b81862c6:  75% ▕█████████████     ▏ 479 MB/637 MB  4.9 MB/s     32s[K[?25h[?2026l[?2026h[?25l[A[1Gpulling manifest [K
pulling 2af3b81862c6:  75% ▕█████████████     ▏ 479 MB/637 MB  4.9 MB/s     32s[K[?25h[?2026l[?2026h[?25l[A[1Gpulling manifest [K
pulling 2af3b81862c6:  75% ▕█████████████     ▏ 480 MB/637 MB  4.9 MB/s     32s[K[?25h[?2026l[?2026h[?25l[A[1Gpulling manifest [K
pulling 2af3b81862c6:  75% ▕█████████████     ▏ 480 MB/637 MB  4.9 MB/s     32s[K[?25h[?2026l[?2026h[?25l[A[1Gpulling manifest [K
pulling 2af3b81862c6:  75% ▕█████████████     ▏ 481 MB/637 MB  4.9 MB/s     31s[K[?25h[?2026l[?2026h[?25l[A[1Gpulling manifest [K
pulling 2af3b81862c6:  76% ▕█████████████     ▏ 481 MB/637 MB  4.9 MB/s     31s[K[?25h[?2026l[?2026h[?25l[A[1Gpulling manifest [K
pulling 2af3b81862c6:  76% ▕█████████████     ▏ 482 MB/637 MB  4.9 MB/s     31s[K[?25h[?2026l[?2026h[?25l[A[1Gpulling manifest [K
pulling 2af3b81862c6:  76% ▕█████████████     ▏ 482 MB/637 MB  4.9 MB/s     31s[K[?25h[?2026l[?2026h[?25l[A[1Gpulling manifest [K
pulling 2af3b81862c6:  76% ▕█████████████     ▏ 483 MB/637 MB  4.9 MB/s     31s[K[?25h[?2026l[?2026h[?25l[A[1Gpulling manifest [K
pulling 2af3b81862c6:  76% ▕█████████████     ▏ 483 MB/637 MB  4.9 MB/s     31s[K[?25h[?2026l[?2026h[?25l[A[1Gpulling manifest [K
pulling 2af3b81862c6:  76% ▕█████████████     ▏ 484 MB/637 MB  4.9 MB/s     31s[K[?25h[?2026l[?2026h[?25l[A[1Gpulling manifest [K
pulling 2af3b81862c6:  76% ▕█████████████     ▏ 484 MB/637 MB  4.9 MB/s     31s[K[?25h[?2026l[?2026h[?25l[A[1Gpulling manifest [K
pulling 2af3b81862c6:  76% ▕█████████████     ▏ 485 MB/637 MB  4.9 MB/s     30s[K[?25h[?2026l[?2026h[?25l[A[1Gpulling manifest [K
pulling 2af3b81862c6:  76% ▕█████████████     ▏ 485 MB/637 MB  4.9 MB/s     30s[K[?25h[?2026l[?2026h[?25l[A[1Gpulling manifest [K
pulling 2af3b81862c6:  76% ▕█████████████     ▏ 486 MB/637 MB  4.9 MB/s     30s[K[?25h[?2026l[?2026h[?25l[A[1Gpulling manifest [K
pulling 2af3b81862c6:  76% ▕█████████████     ▏ 486 MB/637 MB  4.9 MB/s     30s[K[?25h[?2026l[?2026h[?25l[A[1Gpulling manifest [K
pulling 2af3b81862c6:  76% ▕█████████████     ▏ 486 MB/637 MB  4.9 MB/s     30s[K[?25h[?2026l[?2026h[?25l[A[1Gpulling manifest [K
pulling 2af3b81862c6:  76% ▕█████████████     ▏ 487 MB/637 MB  4.9 MB/s     30s[K[?25h[?2026l[?2026h[?25l[A[1Gpulling manifest [K
pulling 2af3b81862c6:  77% ▕█████████████     ▏ 488 MB/637 MB  4.9 MB/s     30s[K[?25h[?2026l[?2026h[?25l[A[1Gpulling manifest [K
pulling 2af3b81862c6:  77% ▕█████████████     ▏ 488 MB/637 MB  4.9 MB/s     30s[K[?25h[?2026l[?2026h[?25l[A[1Gpulling manifest [K
pulling 2af3b81862c6:  77% ▕█████████████     ▏ 489 MB/637 MB  4.9 MB/s     30s[K[?25h[?2026l[?2026h[?25l[A[1Gpulling manifest [K
pulling 2af3b81862c6:  77% ▕█████████████     ▏ 489 MB/637 MB  4.9 MB/s     30s[K[?25h[?2026l[?2026h[?25l[A[1Gpulling manifest [K
pulling 2af3b81862c6:  77% ▕█████████████     ▏ 489 MB/637 MB  4.9 MB/s     30s[K[?25h[?2026l[?2026h[?25l[A[1Gpulling manifest [K
pulling 2af3b81862c6:  77% ▕█████████████     ▏ 490 MB/637 MB  4.9 MB/s     29s[K[?25h[?2026l[?2026h[?25l[A[1Gpulling manifest [K
pulling 2af3b81862c6:  77% ▕█████████████     ▏ 490 MB/637 MB  4.9 MB/s     29s[K[?25h[?2026l[?2026h[?25l[A[1Gpulling manifest [K
pulling 2af3b81862c6:  77% ▕█████████████     ▏ 491 MB/637 MB  4.9 MB/s     29s[K[?25h[?2026l[?2026h[?25l[A[1Gpulling manifest [K
pulling 2af3b81862c6:  77% ▕█████████████     ▏ 492 MB/637 MB  4.9 MB/s     29s[K[?25h[?2026l[?2026h[?25l[A[1Gpulling manifest [K
pulling 2af3b81862c6:  77% ▕█████████████     ▏ 492 MB/637 MB  4.9 MB/s     29s[K[?25h[?2026l[?2026h[?25l[A[1Gpulling manifest [K
pulling 2af3b81862c6:  77% ▕█████████████     ▏ 492 MB/637 MB  4.9 MB/s     29s[K[?25h[?2026l[?2026h[?25l[A[1Gpulling manifest [K
pulling 2af3b81862c6:  77% ▕█████████████     ▏ 493 MB/637 MB  4.9 MB/s     29s[K[?25h[?2026l[?2026h[?25l[A[1Gpulling manifest [K
pulling 2af3b81862c6:  77% ▕█████████████     ▏ 493 MB/637 MB  4.9 MB/s     29s[K[?25h[?2026l[?2026h[?25l[A[1Gpulling manifest [K
pulling 2af3b81862c6:  78% ▕█████████████     ▏ 494 MB/637 MB  4.9 MB/s     29s[K[?25h[?2026l[?2026h[?25l[A[1Gpulling manifest [K
pulling 2af3b81862c6:  78% ▕█████████████     ▏ 494 MB/637 MB  4.9 MB/s     29s[K[?25h[?2026l[?2026h[?25l[A[1Gpulling manifest [K
pulling 2af3b81862c6:  78% ▕█████████████     ▏ 495 MB/637 MB  4.9 MB/s     29s[K[?25h[?2026l[?2026h[?25l[A[1Gpulling manifest [K
pulling 2af3b81862c6:  78% ▕█████████████     ▏ 495 MB/637 MB  4.9 MB/s     29s[K[?25h[?2026l[?2026h[?25l[A[1Gpulling manifest [K
pulling 2af3b81862c6:  78% ▕██████████████    ▏ 496 MB/637 MB  4.9 MB/s     28s[K[?25h[?2026l[?2026h[?25l[A[1Gpulling manifest [K
pulling 2af3b81862c6:  78% ▕██████████████    ▏ 496 MB/637 MB  4.9 MB/s     28s[K[?25h[?2026l[?2026h[?25l[A[1Gpulling manifest [K
pulling 2af3b81862c6:  78% ▕██████████████    ▏ 497 MB/637 MB  4.9 MB/s     28s[K[?25h[?2026l[?2026h[?25l[A[1Gpulling manifest [K
pulling 2af3b81862c6:  78% ▕██████████████    ▏ 497 MB/637 MB  4.9 MB/s     28s[K[?25h[?2026l[?2026h[?25l[A[1Gpulling manifest [K
pulling 2af3b81862c6:  78% ▕██████████████    ▏ 498 MB/637 MB  4.9 MB/s     28s[K[?25h[?2026l[?2026h[?25l[A[1Gpulling manifest [K
pulling 2af3b81862c6:  78% ▕██████████████    ▏ 498 MB/637 MB  4.9 MB/s     28s[K[?25h[?2026l[?2026h[?25l[A[1Gpulling manifest [K
pulling 2af3b81862c6:  78% ▕██████████████    ▏ 499 MB/637 MB  4.9 MB/s     28s[K[?25h[?2026l[?2026h[?25l[A[1Gpulling manifest [K
pulling 2af3b81862c6:  78% ▕██████████████    ▏ 499 MB/637 MB  4.9 MB/s     28s[K[?25h[?2026l[?2026h[?25l[A[1Gpulling manifest [K
pulling 2af3b81862c6:  78% ▕██████████████    ▏ 500 MB/637 MB  4.9 MB/s     28s[K[?25h[?2026l[?2026h[?25l[A[1Gpulling manifest [K
pulling 2af3b81862c6:  79% ▕██████████████    ▏ 500 MB/637 MB  4.9 MB/s     27s[K[?25h[?2026l[?2026h[?25l[A[1Gpulling manifest [K
pulling 2af3b81862c6:  79% ▕██████████████    ▏ 501 MB/637 MB  4.9 MB/s     27s[K[?25h[?2026l[?2026h[?25l[A[1Gpulling manifest [K
pulling 2af3b81862c6:  79% ▕██████████████    ▏ 501 MB/637 MB  4.9 MB/s     27s[K[?25h[?2026l[?2026h[?25l[A[1Gpulling manifest [K
pulling 2af3b81862c6:  79% ▕██████████████    ▏ 502 MB/637 MB  4.9 MB/s     27s[K[?25h[?2026l[?2026h[?25l[A[1Gpulling manifest [K
pulling 2af3b81862c6:  79% ▕██████████████    ▏ 502 MB/637 MB  4.9 MB/s     27s[K[?25h[?2026l[?2026h[?25l[A[1Gpulling manifest [K
pulling 2af3b81862c6:  79% ▕██████████████    ▏ 503 MB/637 MB  4.9 MB/s     27s[K[?25h[?2026l[?2026h[?25l[A[1Gpulling manifest [K
pulling 2af3b81862c6:  79% ▕██████████████    ▏ 503 MB/637 MB  4.9 MB/s     27s[K[?25h[?2026l[?2026h[?25l[A[1Gpulling manifest [K
pulling 2af3b81862c6:  79% ▕██████████████    ▏ 504 MB/637 MB  4.9 MB/s     27s[K[?25h[?2026l[?2026h[?25l[A[1Gpulling manifest [K
pulling 2af3b81862c6:  79% ▕██████████████    ▏ 504 MB/637 MB  4.9 MB/s     27s[K[?25h[?2026l[?2026h[?25l[A[1Gpulling manifest [K
pulling 2af3b81862c6:  79% ▕██████████████    ▏ 505 MB/637 MB  4.9 MB/s     26s[K[?25h[?2026l[?2026h[?25l[A[1Gpulling manifest [K
pulling 2af3b81862c6:  79% ▕██████████████    ▏ 505 MB/637 MB  4.9 MB/s     26s[K[?25h[?2026l[?2026h[?25l[A[1Gpulling manifest [K
pulling 2af3b81862c6:  79% ▕██████████████    ▏ 505 MB/637 MB  4.9 MB/s     26s[K[?25h[?2026l[?2026h[?25l[A[1Gpulling manifest [K
pulling 2af3b81862c6:  79% ▕██████████████    ▏ 506 MB/637 MB  4.9 MB/s     26s[K[?25h[?2026l[?2026h[?25l[A[1Gpulling manifest [K
pulling 2af3b81862c6:  79% ▕██████████████    ▏ 506 MB/637 MB  4.9 MB/s     26s[K[?25h[?2026l[?2026h[?25l[A[1Gpulling manifest [K
pulling 2af3b81862c6:  80% ▕██████████████    ▏ 507 MB/637 MB  4.9 MB/s     26s[K[?25h[?2026l[?2026h[?25l[A[1Gpulling manifest [K
pulling 2af3b81862c6:  80% ▕██████████████    ▏ 507 MB/637 MB  4.9 MB/s     26s[K[?25h[?2026l[?2026h[?25l[1Gpulling manifest ⠋ [K[?25h[?2026l[?2026h[?25l[1Gpulling manifest ⠙ [K[?25h[?2026l[?2026h[?25l[1Gpulling manifest ⠹ [K[?25h[?2026l[?2026h[?25l[1Gpulling manifest ⠸ [K[?25h[?2026l[?2026h[?25l[1Gpulling manifest ⠼ [K[?25h[?2026l[?2026h[?25l[1Gpulling manifest ⠴ [K[?25h[?2026l[?2026h[?25l[1Gpulling manifest ⠦ [K[?25h[?2026l[?2026h[?25l[1Gpulling manifest ⠧ [K[?25h[?2026l[?2026h[?25l[1Gpulling manifest ⠇ [K[?25h[?2026l[?2026h[?25l[1Gpulling manifest ⠏ [K[?25h[?2026l[?2026h[?25l[1Gpulling manifest ⠋ [K[?25h[?2026l[?2026h[?25l[1Gpulling manifest ⠙ [K[?25h[?2026l[?2026h[?25l[1Gpulling manifest [K
pulling 2af3b81862c6:  98% ▕█████████████████ ▏ 622 MB/637 MB                  [K[?25h[?2026l[?2026h[?25l[A[1Gpulling manifest [K
pulling 2af3b81862c6:  98% ▕█████████████████ ▏ 622 MB/637 MB                  [K[?25h[?2026l[?2026h[?25l[A[1Gpulling manifest [K
pulling 2af3b81862c6:  98% ▕█████████████████ ▏ 622 MB/637 MB                  [K[?25h[?2026l[?2026h[?25l[A[1Gpulling manifest [K
pulling 2af3b81862c6:  98% ▕█████████████████ ▏ 622 MB/637 MB                  [K[?25h[?2026l[?2026h[?25l[A[1Gpulling manifest [K
pulling 2af3b81862c6:  98% ▕█████████████████ ▏ 622 MB/637 MB                  [K[?25h[?2026l[?2026h[?25l[A[1Gpulling manifest [K
pulling 2af3b81862c6:  98% ▕█████████████████ ▏ 622 MB/637 MB                  [K[?25h[?2026l[?2026h[?25l[A[1Gpulling manifest [K
pulling 2af3b81862c6:  98% ▕█████████████████ ▏ 622 MB/637 MB                  [K[?25h[?2026l[?2026h[?25l[A[1Gpulling manifest [K
pulling 2af3b81862c6:  98% ▕█████████████████ ▏ 622 MB/637 MB                  [K[?25h[?2026l[?2026h[?25l[A[1Gpulling manifest [K
pulling 2af3b81862c6:  98% ▕█████████████████ ▏ 622 MB/637 MB                  [K[?25h[?2026l[?2026h[?25l[A[1Gpulling manifest [K
pulling 2af3b81862c6:  98% ▕█████████████████ ▏ 623 MB/637 MB                  [K[?25h[?2026l[?2026h[?25l[A[1Gpulling manifest [K
pulling 2af3b81862c6:  98% ▕█████████████████ ▏ 623 MB/637 MB  596 KB/s     24s[K[?25h[?2026l[?2026h[?25l[A[1Gpulling manifest [K
pulling 2af3b81862c6:  98% ▕█████████████████ ▏ 623 MB/637 MB  596 KB/s     24s[K[?25h[?2026l[?2026h[?25l[A[1Gpulling manifest [K
pulling 2af3b81862c6:  98% ▕█████████████████ ▏ 623 MB/637 MB  596 KB/s     23s[K[?25h[?2026l[?2026h[?25l[A[1Gpulling manifest [K
pulling 2af3b81862c6:  98% ▕█████████████████ ▏ 623 MB/637 MB  596 KB/s     23s[K[?25h[?2026l[?2026h[?25l[A[1Gpulling manifest [K
pulling 2af3b81862c6:  98% ▕█████████████████ ▏ 623 MB/637 MB  596 KB/s     23s[K[?25h[?2026l[?2026h[?25l[A[1Gpulling manifest [K
pulling 2af3b81862c6:  98% ▕█████████████████ ▏ 624 MB/637 MB  596 KB/s     22s[K[?25h[?2026l[?2026h[?25l[A[1Gpulling manifest [K
pulling 2af3b81862c6:  98% ▕█████████████████ ▏ 624 MB/637 MB  596 KB/s     22s[K[?25h[?2026l[?2026h[?25l[A[1Gpulling manifest [K
pulling 2af3b81862c6:  98% ▕█████████████████ ▏ 624 MB/637 MB  596 KB/s     22s[K[?25h[?2026l[?2026h[?25l[A[1Gpulling manifest [K
pulling 2af3b81862c6:  98% ▕█████████████████ ▏ 624 MB/637 MB  596 KB/s     21s[K[?25h[?2026l[?2026h[?25l[A[1Gpulling manifest [K
pulling 2af3b81862c6:  98% ▕█████████████████ ▏ 625 MB/637 MB  596 KB/s     21s[K[?25h[?2026l[?2026h[?25l[A[1Gpulling manifest [K
pulling 2af3b81862c6:  98% ▕█████████████████ ▏ 625 MB/637 MB  1.3 MB/s      9s[K[?25h[?2026l[?2026h[?25l[A[1Gpulling manifest [K
pulling 2af3b81862c6:  98% ▕█████████████████ ▏ 625 MB/637 MB  1.3 MB/s      9s[K[?25h[?2026l[?2026h[?25l[A[1Gpulling manifest [K
pulling 2af3b81862c6:  98% ▕█████████████████ ▏ 625 MB/637 MB  1.3 MB/s      8s[K[?25h[?2026l[?2026h[?25l[A[1Gpulling manifest [K
pulling 2af3b81862c6:  98% ▕█████████████████ ▏ 625 MB/637 MB  1.3 MB/s      8s[K[?25h[?2026l[?2026h[?25l[A[1Gpulling manifest [K
pulling 2af3b81862c6:  98% ▕█████████████████ ▏ 626 MB/637 MB  1.3 MB/s      8s[K[?25h[?2026l[?2026h[?25l[A[1Gpulling manifest [K
pulling 2af3b81862c6:  98% ▕█████████████████ ▏ 626 MB/637 MB  1.3 MB/s      8s[K[?25h[?2026l[?2026h[?25l[A[1Gpulling manifest [K
pulling 2af3b81862c6:  98% ▕█████████████████ ▏ 626 MB/637 MB  1.3 MB/s      8s[K[?25h[?2026l[?2026h[?25l[A[1Gpulling manifest [K
pulling 2af3b81862c6:  98% ▕█████████████████ ▏ 626 MB/637 MB  1.3 MB/s      8s[K[?25h[?2026l[?2026h[?25l[A[1Gpulling manifest [K
pulling 2af3b81862c6:  98% ▕█████████████████ ▏ 627 MB/637 MB  1.3 MB/s      7s[K[?25h[?2026l[?2026h[?25l[A[1Gpulling manifest [K
pulling 2af3b81862c6:  98% ▕█████████████████ ▏ 627 MB/637 MB  1.3 MB/s      7s[K[?25h[?2026l[?2026h[?25l[A[1Gpulling manifest [K
pulling 2af3b81862c6:  98% ▕█████████████████ ▏ 627 MB/637 MB  1.7 MB/s      5s[K[?25h[?2026l[?2026h[?25l[A[1Gpulling manifest [K
pulling 2af3b81862c6:  98% ▕█████████████████ ▏ 627 MB/637 MB  1.7 MB/s      5s[K[?25h[?2026l[?2026h[?25l[A[1Gpulling manifest [K
pulling 2af3b81862c6:  99% ▕█████████████████ ▏ 628 MB/637 MB  1.7 MB/s      5s[K[?25h[?2026l[?2026h[?25l[A[1Gpulling manifest [K
pulling 2af3b81862c6:  99% ▕█████████████████ ▏ 628 MB/637 MB  1.7 MB/s      5s[K[?25h[?2026l[?2026h[?25l[A[1Gpulling manifest [K
pulling 2af3b81862c6:  99% ▕█████████████████ ▏ 628 MB/637 MB  1.7 MB/s      5s[K[?25h[?2026l[?2026h[?25l[A[1Gpulling manifest [K
pulling 2af3b81862c6:  99% ▕█████████████████ ▏ 629 MB/637 MB  1.7 MB/s      5s[K[?25h[?2026l[?2026h[?25l[A[1Gpulling manifest [K
pulling 2af3b81862c6:  99% ▕█████████████████ ▏ 629 MB/637 MB  1.7 MB/s      4s[K[?25h[?2026l[?2026h[?25l[A[1Gpulling manifest [K
pulling 2af3b81862c6:  99% ▕█████████████████ ▏ 629 MB/637 MB  1.7 MB/s      4s[K[?25h[?2026l[?2026h[?25l[A[1Gpulling manifest [K
pulling 2af3b81862c6:  99% ▕█████████████████ ▏ 629 MB/637 MB  1.7 MB/s      4s[K[?25h[?2026l[?2026h[?25l[A[1Gpulling manifest [K
pulling 2af3b81862c6:  99% ▕█████████████████ ▏ 630 MB/637 MB  1.7 MB/s      4s[K[?25h[?2026l[?2026h[?25l[A[1Gpulling manifest [K
pulling 2af3b81862c6:  99% ▕█████████████████ ▏ 630 MB/637 MB  2.1 MB/s      3s[K[?25h[?2026l[?2026h[?25l[A[1Gpulling manifest [K
pulling 2af3b81862c6:  99% ▕█████████████████ ▏ 631 MB/637 MB  2.1 MB/s      3s[K[?25h[?2026l[?2026h[?25l[A[1Gpulling manifest [K
pulling 2af3b81862c6:  99% ▕█████████████████ ▏ 631 MB/637 MB  2.1 MB/s      2s[K[?25h[?2026l[?2026h[?25l[A[1Gpulling manifest [K
pulling 2af3b81862c6:  99% ▕█████████████████ ▏ 631 MB/637 MB  2.1 MB/s      2s[K[?25h[?2026l[?2026h[?25l[A[1Gpulling manifest [K
pulling 2af3b81862c6:  99% ▕█████████████████ ▏ 632 MB/637 MB  2.1 MB/s      2s[K[?25h[?2026l[?2026h[?25l[A[1Gpulling manifest [K
pulling 2af3b81862c6:  99% ▕█████████████████ ▏ 632 MB/637 MB  2.1 MB/s      2s[K[?25h[?2026l[?2026h[?25l[A[1Gpulling manifest [K
pulling 2af3b81862c6:  99% ▕█████████████████ ▏ 632 MB/637 MB  2.1 MB/s      2s[K[?25h[?2026l[?2026h[?25l[A[1Gpulling manifest [K
pulling 2af3b81862c6:  99% ▕█████████████████ ▏ 632 MB/637 MB  2.1 MB/s      2s[K[?25h[?2026l[?2026h[?25l[A[1Gpulling manifest [K
pulling 2af3b81862c6:  99% ▕█████████████████ ▏ 633 MB/637 MB  2.1 MB/s      2s[K[?25h[?2026l[?2026h[?25l[A[1Gpulling manifest [K
pulling 2af3b81862c6:  99% ▕█████████████████ ▏ 633 MB/637 MB  2.1 MB/s      1s[K[?25h[?2026l[?2026h[?25l[A[1Gpulling manifest [K
pulling 2af3b81862c6:  99% ▕█████████████████ ▏ 633 MB/637 MB  2.1 MB/s      1s[K[?25h[?2026l[?2026h[?25l[A[1Gpulling manifest [K
pulling 2af3b81862c6:  99% ▕█████████████████ ▏ 633 MB/637 MB  2.3 MB/s      1s[K[?25h[?2026l[?2026h[?25l[A[1Gpulling manifest [K
pulling 2af3b81862c6:  99% ▕█████████████████ ▏ 634 MB/637 MB  2.3 MB/s      1s[K[?25h[?2026l[?2026h[?25l[A[1Gpulling manifest [K
pulling 2af3b81862c6:  99% ▕█████████████████ ▏ 634 MB/637 MB  2.3 MB/s      1s[K[?25h[?2026l[?2026h[?25l[A[1Gpulling manifest [K
pulling 2af3b81862c6:  99% ▕█████████████████ ▏ 634 MB/637 MB  2.3 MB/s      1s[K[?25h[?2026l[?2026h[?25l[A[1Gpulling manifest [K
pulling 2af3b81862c6: 100% ▕█████████████████ ▏ 635 MB/637 MB  2.3 MB/s      0s[K[?25h[?2026l[?2026h[?25l[A[1Gpulling manifest [K
pulling 2af3b81862c6: 100% ▕█████████████████ ▏ 636 MB/637 MB  2.3 MB/s      0s[K[?25h[?2026l[?2026h[?25l[A[1Gpulling manifest [K
pulling 2af3b81862c6: 100% ▕█████████████████ ▏ 636 MB/637 MB  2.3 MB/s      0s[K[?25h[?2026l[?2026h[?25l[A[1Gpulling manifest [K
pulling 2af3b81862c6: 100% ▕██████████████████▏ 637 MB                         [K[?25h[?2026l[?2026h[?25l[A[1Gpulling manifest [K
pulling 2af3b81862c6: 100% ▕██████████████████▏ 637 MB                         [K[?25h[?2026l[?2026h[?25l[A[1Gpulling manifest [K
pulling 2af3b81862c6: 100% ▕██████████████████▏ 637 MB                         [K[?25h[?2026l[?2026h[?25l[A[1Gpulling manifest [K
pulling 2af3b81862c6: 100% ▕██████████████████▏ 637 MB                         [K[?25h[?2026l[?2026h[?25l[A[1Gpulling manifest [K
pulling 2af3b81862c6: 100% ▕██████████████████▏ 637 MB                         [K[?25h[?2026l[?2026h[?25l[A[1Gpulling manifest [K
pulling 2af3b81862c6: 100% ▕██████████████████▏ 637 MB                         [K[?25h[?2026l[?2026h[?25l[A[1Gpulling manifest [K
pulling 2af3b81862c6: 100% ▕██████████████████▏ 637 MB                         [K[?25h[?2026l[?2026h[?25l[A[1Gpulling manifest [K
pulling 2af3b81862c6: 100% ▕██████████████████▏ 637 MB                         [K[?25h[?2026l[?2026h[?25l[A[1Gpulling manifest [K
pulling 2af3b81862c6: 100% ▕██████████████████▏ 637 MB                         [K[?25h[?2026l[?2026h[?25l[A[1Gpulling manifest [K
pulling 2af3b81862c6: 100% ▕██████████████████▏ 637 MB                         [K[?25h[?2026l[?2026h[?25l[A[1Gpulling manifest [K
pulling 2af3b81862c6: 100% ▕██████████████████▏ 637 MB                         [K[?25h[?2026l[?2026h[?25l[A[1Gpulling manifest [K
pulling 2af3b81862c6: 100% ▕██████████████████▏ 637 MB                         [K[?25h[?2026l[?2026h[?25l[A[1Gpulling manifest [K
pulling 2af3b81862c6: 100% ▕██████████████████▏ 637 MB                         [K[?25h[?2026l[?2026h[?25l[A[1Gpulling manifest [K
pulling 2af3b81862c6: 100% ▕██████████████████▏ 637 MB                         [K[?25h[?2026l[?2026h[?25l[A[1Gpulling manifest [K
pulling 2af3b81862c6: 100% ▕██████████████████▏ 637 MB                         [K[?25h[?2026l[?2026h[?25l[A[1Gpulling manifest [K
pulling 2af3b81862c6: 100% ▕██████████████████▏ 637 MB                         [K[?25h[?2026l[?2026h[?25l[A[1Gpulling manifest [K
pulling 2af3b81862c6: 100% ▕██████████████████▏ 637 MB                         [K
pulling af0ddbdaaa26: 100% ▕██████████████████▏   70 B                         [K[?25h[?2026l[?2026h[?25l[A[A[1Gpulling manifest [K
pulling 2af3b81862c6: 100% ▕██████████████████▏ 637 MB                         [K
pulling af0ddbdaaa26: 100% ▕██████████████████▏   70 B                         [K[?25h[?2026l[?2026h[?25l[A[A[1Gpulling manifest [K
pulling 2af3b81862c6: 100% ▕██████████████████▏ 637 MB                         [K
pulling af0ddbdaaa26: 100% ▕██████████████████▏   70 B                         [K[?25h[?2026l[?2026h[?25l[A[A[1Gpulling manifest [K
pulling 2af3b81862c6: 100% ▕██████████████████▏ 637 MB                         [K
pulling af0ddbdaaa26: 100% ▕██████████████████▏   70 B                         [K[?25h[?2026l[?2026h[?25l[A[A[1Gpulling manifest [K
pulling 2af3b81862c6: 100% ▕██████████████████▏ 637 MB                         [K
pulling af0ddbdaaa26: 100% ▕██████████████████▏   70 B                         [K[?25h[?2026l[?2026h[?25l[A[A[1Gpulling manifest [K
pulling 2af3b81862c6: 100% ▕██████████████████▏ 637 MB                         [K
pulling af0ddbdaaa26: 100% ▕██████████████████▏   70 B                         [K[?25h[?2026l[?2026h[?25l[A[A[1Gpulling manifest [K
pulling 2af3b81862c6: 100% ▕██████████████████▏ 637 MB                         [K
pulling af0ddbdaaa26: 100% ▕██████████████████▏   70 B                         [K[?25h[?2026l[?2026h[?25l[A[A[1Gpulling manifest [K
pulling 2af3b81862c6: 100% ▕██████████████████▏ 637 MB                         [K
pulling af0ddbdaaa26: 100% ▕██████████████████▏   70 B                         [K[?25h[?2026l[?2026h[?25l[A[A[1Gpulling manifest [K
pulling 2af3b81862c6: 100% ▕██████████████████▏ 637 MB                         [K
pulling af0ddbdaaa26: 100% ▕██████████████████▏   70 B                         [K[?25h[?2026l[?2026h[?25l[A[A[1Gpulling manifest [K
pulling 2af3b81862c6: 100% ▕██████████████████▏ 637 MB                         [K
pulling af0ddbdaaa26: 100% ▕██████████████████▏   70 B                         [K[?25h[?2026l[?2026h[?25l[A[A[1Gpulling manifest [K
pulling 2af3b81862c6: 100% ▕██████████████████▏ 637 MB                         [K
pulling af0ddbdaaa26: 100% ▕██████████████████▏   70 B                         [K[?25h[?2026l[?2026h[?25l[A[A[1Gpulling manifest [K
pulling 2af3b81862c6: 100% ▕██████████████████▏ 637 MB                         [K
pulling af0ddbdaaa26: 100% ▕██████████████████▏   70 B                         [K[?25h[?2026l[?2026h[?25l[A[A[1Gpulling manifest [K
pulling 2af3b81862c6: 100% ▕██████████████████▏ 637 MB                         [K
pulling af0ddbdaaa26: 100% ▕██████████████████▏   70 B                         [K[?25h[?2026l[?2026h[?25l[A[A[1Gpulling manifest [K
pulling 2af3b81862c6: 100% ▕██████████████████▏ 637 MB                         [K
pulling af0ddbdaaa26: 100% ▕██████████████████▏   70 B                         [K[?25h[?2026l[?2026h[?25l[A[A[1Gpulling manifest [K
pulling 2af3b81862c6: 100% ▕██████████████████▏ 637 MB                         [K
pulling af0ddbdaaa26: 100% ▕██████████████████▏   70 B                         [K[?25h[?2026l[?2026h[?25l[A[A[1Gpulling manifest [K
pulling 2af3b81862c6: 100% ▕██████████████████▏ 637 MB                         [K
pulling af0ddbdaaa26: 100% ▕██████████████████▏   70 B                         [K[?25h[?2026l[?2026h[?25l[A[A[1Gpulling manifest [K
pulling 2af3b81862c6: 100% ▕██████████████████▏ 637 MB                         [K
pulling af0ddbdaaa26: 100% ▕██████████████████▏   70 B                         [K[?25h[?2026l[?2026h[?25l[A[A[1Gpulling manifest [K
pulling 2af3b81862c6: 100% ▕██████████████████▏ 637 MB                         [K
pulling af0ddbdaaa26: 100% ▕██████████████████▏   70 B                         [K[?25h[?2026l[?2026h[?25l[A[A[1Gpulling manifest [K
pulling 2af3b81862c6: 100% ▕██████████████████▏ 637 MB                         [K
pulling af0ddbdaaa26: 100% ▕██████████████████▏   70 B                         [K[?25h[?2026l[?2026h[?25l[A[A[1Gpulling manifest [K
pulling 2af3b81862c6: 100% ▕██████████████████▏ 637 MB                         [K
pulling af0ddbdaaa26: 100% ▕██████████████████▏   70 B                         [K
pulling c8472cd9daed: 100% ▕██████████████████▏   31 B                         [K[?25h[?2026l[?2026h[?25l[A[A[A[1Gpulling manifest [K
pulling 2af3b81862c6: 100% ▕██████████████████▏ 637 MB                         [K
pulling af0ddbdaaa26: 100% ▕██████████████████▏   70 B                         [K
pulling c8472cd9daed: 100% ▕██████████████████▏   31 B                         [K[?25h[?2026l[?2026h[?25l[A[A[A[1Gpulling manifest [K
pulling 2af3b81862c6: 100% ▕██████████████████▏ 637 MB                         [K
pulling af0ddbdaaa26: 100% ▕██████████████████▏   70 B                         [K
pulling c8472cd9daed: 100% ▕██████████████████▏   31 B                         [K[?25h[?2026l[?2026h[?25l[A[A[A[1Gpulling manifest [K
pulling 2af3b81862c6: 100% ▕██████████████████▏ 637 MB                         [K
pulling af0ddbdaaa26: 100% ▕██████████████████▏   70 B                         [K
pulling c8472cd9daed: 100% ▕██████████████████▏   31 B                         [K[?25h[?2026l[?2026h[?25l[A[A[A[1Gpulling manifest [K
pulling 2af3b81862c6: 100% ▕██████████████████▏ 637 MB                         [K
pulling af0ddbdaaa26: 100% ▕██████████████████▏   70 B                         [K
pulling c8472cd9daed: 100% ▕██████████████████▏   31 B                         [K[?25h[?2026l[?2026h[?25l[A[A[A[1Gpulling manifest [K
pulling 2af3b81862c6: 100% ▕██████████████████▏ 637 MB                         [K
pulling af0ddbdaaa26: 100% ▕██████████████████▏   70 B                         [K
pulling c8472cd9daed: 100% ▕██████████████████▏   31 B                         [K[?25h[?2026l[?2026h[?25l[A[A[A[1Gpulling manifest [K
pulling 2af3b81862c6: 100% ▕██████████████████▏ 637 MB                         [K
pulling af0ddbdaaa26: 100% ▕██████████████████▏   70 B                         [K
pulling c8472cd9daed: 100% ▕██████████████████▏   31 B                         [K[?25h[?2026l[?2026h[?25l[A[A[A[1Gpulling manifest [K
pulling 2af3b81862c6: 100% ▕██████████████████▏ 637 MB                         [K
pulling af0ddbdaaa26: 100% ▕██████████████████▏   70 B                         [K
pulling c8472cd9daed: 100% ▕██████████████████▏   31 B                         [K[?25h[?2026l[?2026h[?25l[A[A[A[1Gpulling manifest [K
pulling 2af3b81862c6: 100% ▕██████████████████▏ 637 MB                         [K
pulling af0ddbdaaa26: 100% ▕██████████████████▏   70 B                         [K
pulling c8472cd9daed: 100% ▕██████████████████▏   31 B                         [K[?25h[?2026l[?2026h[?25l[A[A[A[1Gpulling manifest [K
pulling 2af3b81862c6: 100% ▕██████████████████▏ 637 MB                         [K
pulling af0ddbdaaa26: 100% ▕██████████████████▏   70 B                         [K
pulling c8472cd9daed: 100% ▕██████████████████▏   31 B                         [K[?25h[?2026l[?2026h[?25l[A[A[A[1Gpulling manifest [K
pulling 2af3b81862c6: 100% ▕██████████████████▏ 637 MB                         [K
pulling af0ddbdaaa26: 100% ▕██████████████████▏   70 B                         [K
pulling c8472cd9daed: 100% ▕██████████████████▏   31 B                         [K[?25h[?2026l[?2026h[?25l[A[A[A[1Gpulling manifest [K
pulling 2af3b81862c6: 100% ▕██████████████████▏ 637 MB                         [K
pulling af0ddbdaaa26: 100% ▕██████████████████▏   70 B                         [K
pulling c8472cd9daed: 100% ▕██████████████████▏   31 B                         [K[?25h[?2026l[?2026h[?25l[A[A[A[1Gpulling manifest [K
pulling 2af3b81862c6: 100% ▕██████████████████▏ 637 MB                         [K
pulling af0ddbdaaa26: 100% ▕██████████████████▏   70 B                         [K
pulling c8472cd9daed: 100% ▕██████████████████▏   31 B                         [K[?25h[?2026l[?2026h[?25l[A[A[A[1Gpulling manifest [K
pulling 2af3b81862c6: 100% ▕██████████████████▏ 637 MB                         [K
pulling af0ddbdaaa26: 100% ▕██████████████████▏   70 B                         [K
pulling c8472cd9daed: 100% ▕██████████████████▏   31 B                         [K[?25h[?2026l[?2026h[?25l[A[A[A[1Gpulling manifest [K
pulling 2af3b81862c6: 100% ▕██████████████████▏ 637 MB                         [K
pulling af0ddbdaaa26: 100% ▕██████████████████▏   70 B                         [K
pulling c8472cd9daed: 100% ▕██████████████████▏   31 B                         [K[?25h[?2026l[?2026h[?25l[A[A[A[1Gpulling manifest [K
pulling 2af3b81862c6: 100% ▕██████████████████▏ 637 MB                         [K
pulling af0ddbdaaa26: 100% ▕██████████████████▏   70 B                         [K
pulling c8472cd9daed: 100% ▕██████████████████▏   31 B                         [K[?25h[?2026l[?2026h[?25l[A[A[A[1Gpulling manifest [K
pulling 2af3b81862c6: 100% ▕██████████████████▏ 637 MB                         [K
pulling af0ddbdaaa26: 100% ▕██████████████████▏   70 B                         [K
pulling c8472cd9daed: 100% ▕██████████████████▏   31 B                         [K[?25h[?2026l[?2026h[?25l[A[A[A[1Gpulling manifest [K
pulling 2af3b81862c6: 100% ▕██████████████████▏ 637 MB                         [K
pulling af0ddbdaaa26: 100% ▕██████████████████▏   70 B                         [K
pulling c8472cd9daed: 100% ▕██████████████████▏   31 B                         [K
pulling fa956ab37b8c: 100% ▕██████████████████▏   98 B                         [K[?25h[?2026l[?2026h[?25l[A[A[A[A[1Gpulling manifest [K
pulling 2af3b81862c6: 100% ▕██████████████████▏ 637 MB                         [K
pulling af0ddbdaaa26: 100% ▕██████████████████▏   70 B                         [K
pulling c8472cd9daed: 100% ▕██████████████████▏   31 B                         [K
pulling fa956ab37b8c: 100% ▕██████████████████▏   98 B                         [K[?25h[?2026l[?2026h[?25l[A[A[A[A[1Gpulling manifest [K
pulling 2af3b81862c6: 100% ▕██████████████████▏ 637 MB                         [K
pulling af0ddbdaaa26: 100% ▕██████████████████▏   70 B                         [K
pulling c8472cd9daed: 100% ▕██████████████████▏   31 B                         [K
pulling fa956ab37b8c: 100% ▕██████████████████▏   98 B                         [K[?25h[?2026l[?2026h[?25l[A[A[A[A[1Gpulling manifest [K
pulling 2af3b81862c6: 100% ▕██████████████████▏ 637 MB                         [K
pulling af0ddbdaaa26: 100% ▕██████████████████▏   70 B                         [K
pulling c8472cd9daed: 100% ▕██████████████████▏   31 B                         [K
pulling fa956ab37b8c: 100% ▕██████████████████▏   98 B                         [K[?25h[?2026l[?2026h[?25l[A[A[A[A[1Gpulling manifest [K
pulling 2af3b81862c6: 100% ▕██████████████████▏ 637 MB                         [K
pulling af0ddbdaaa26: 100% ▕██████████████████▏   70 B                         [K
pulling c8472cd9daed: 100% ▕██████████████████▏   31 B                         [K
pulling fa956ab37b8c: 100% ▕██████████████████▏   98 B                         [K[?25h[?2026l[?2026h[?25l[A[A[A[A[1Gpulling manifest [K
pulling 2af3b81862c6: 100% ▕██████████████████▏ 637 MB                         [K
pulling af0ddbdaaa26: 100% ▕██████████████████▏   70 B                         [K
pulling c8472cd9daed: 100% ▕██████████████████▏   31 B                         [K
pulling fa956ab37b8c: 100% ▕██████████████████▏   98 B                         [K[?25h[?2026l[?2026h[?25l[A[A[A[A[1Gpulling manifest [K
pulling 2af3b81862c6: 100% ▕██████████████████▏ 637 MB                         [K
pulling af0ddbdaaa26: 100% ▕██████████████████▏   70 B                         [K
pulling c8472cd9daed: 100% ▕██████████████████▏   31 B                         [K
pulling fa956ab37b8c: 100% ▕██████████████████▏   98 B                         [K[?25h[?2026l[?2026h[?25l[A[A[A[A[1Gpulling manifest [K
pulling 2af3b81862c6: 100% ▕██████████████████▏ 637 MB                         [K
pulling af0ddbdaaa26: 100% ▕██████████████████▏   70 B                         [K
pulling c8472cd9daed: 100% ▕██████████████████▏   31 B                         [K
pulling fa956ab37b8c: 100% ▕██████████████████▏   98 B                         [K[?25h[?2026l[?2026h[?25l[A[A[A[A[1Gpulling manifest [K
pulling 2af3b81862c6: 100% ▕██████████████████▏ 637 MB                         [K
pulling af0ddbdaaa26: 100% ▕██████████████████▏   70 B                         [K
pulling c8472cd9daed: 100% ▕██████████████████▏   31 B                         [K
pulling fa956ab37b8c: 100% ▕██████████████████▏   98 B                         [K[?25h[?2026l[?2026h[?25l[A[A[A[A[1Gpulling manifest [K
pulling 2af3b81862c6: 100% ▕██████████████████▏ 637 MB                         [K
pulling af0ddbdaaa26: 100% ▕██████████████████▏   70 B                         [K
pulling c8472cd9daed: 100% ▕██████████████████▏   31 B                         [K
pulling fa956ab37b8c: 100% ▕██████████████████▏   98 B                         [K[?25h[?2026l[?2026h[?25l[A[A[A[A[1Gpulling manifest [K
pulling 2af3b81862c6: 100% ▕██████████████████▏ 637 MB                         [K
pulling af0ddbdaaa26: 100% ▕██████████████████▏   70 B                         [K
pulling c8472cd9daed: 100% ▕██████████████████▏   31 B                         [K
pulling fa956ab37b8c: 100% ▕██████████████████▏   98 B                         [K[?25h[?2026l[?2026h[?25l[A[A[A[A[1Gpulling manifest [K
pulling 2af3b81862c6: 100% ▕██████████████████▏ 637 MB                         [K
pulling af0ddbdaaa26: 100% ▕██████████████████▏   70 B                         [K
pulling c8472cd9daed: 100% ▕██████████████████▏   31 B                         [K
pulling fa956ab37b8c: 100% ▕██████████████████▏   98 B                         [K[?25h[?2026l[?2026h[?25l[A[A[A[A[1Gpulling manifest [K
pulling 2af3b81862c6: 100% ▕██████████████████▏ 637 MB                         [K
pulling af0ddbdaaa26: 100% ▕██████████████████▏   70 B                         [K
pulling c8472cd9daed: 100% ▕██████████████████▏   31 B                         [K
pulling fa956ab37b8c: 100% ▕██████████████████▏   98 B                         [K[?25h[?2026l[?2026h[?25l[A[A[A[A[1Gpulling manifest [K
pulling 2af3b81862c6: 100% ▕██████████████████▏ 637 MB                         [K
pulling af0ddbdaaa26: 100% ▕██████████████████▏   70 B                         [K
pulling c8472cd9daed: 100% ▕██████████████████▏   31 B                         [K
pulling fa956ab37b8c: 100% ▕██████████████████▏   98 B                         [K[?25h[?2026l[?2026h[?25l[A[A[A[A[1Gpulling manifest [K
pulling 2af3b81862c6: 100% ▕██████████████████▏ 637 MB                         [K
pulling af0ddbdaaa26: 100% ▕██████████████████▏   70 B                         [K
pulling c8472cd9daed: 100% ▕██████████████████▏   31 B                         [K
pulling fa956ab37b8c: 100% ▕██████████████████▏   98 B                         [K[?25h[?2026l[?2026h[?25l[A[A[A[A[1Gpulling manifest [K
pulling 2af3b81862c6: 100% ▕██████████████████▏ 637 MB                         [K
pulling af0ddbdaaa26: 100% ▕██████████████████▏   70 B                         [K
pulling c8472cd9daed: 100% ▕██████████████████▏   31 B                         [K
pulling fa956ab37b8c: 100% ▕██████████████████▏   98 B                         [K[?25h[?2026l[?2026h[?25l[A[A[A[A[1Gpulling manifest [K
pulling 2af3b81862c6: 100% ▕██████████████████▏ 637 MB                         [K
pulling af0ddbdaaa26: 100% ▕██████████████████▏   70 B                         [K
pulling c8472cd9daed: 100% ▕██████████████████▏   31 B                         [K
pulling fa956ab37b8c: 100% ▕██████████████████▏   98 B                         [K[?25h[?2026l[?2026h[?25l[A[A[A[A[1Gpulling manifest [K
pulling 2af3b81862c6: 100% ▕██████████████████▏ 637 MB                         [K
pulling af0ddbdaaa26: 100% ▕██████████████████▏   70 B                         [K
pulling c8472cd9daed: 100% ▕██████████████████▏   31 B                         [K
pulling fa956ab37b8c: 100% ▕██████████████████▏   98 B                         [K[?25h[?2026l[?2026h[?25l[A[A[A[A[1Gpulling manifest [K
pulling 2af3b81862c6: 100% ▕██████████████████▏ 637 MB                         [K
pulling af0ddbdaaa26: 100% ▕██████████████████▏   70 B                         [K
pulling c8472cd9daed: 100% ▕██████████████████▏   31 B                         [K
pulling fa956ab37b8c: 100% ▕██████████████████▏   98 B                         [K[?25h[?2026l[?2026h[?25l[A[A[A[A[1Gpulling manifest [K
pulling 2af3b81862c6: 100% ▕██████████████████▏ 637 MB                         [K
pulling af0ddbdaaa26: 100% ▕██████████████████▏   70 B                         [K
pulling c8472cd9daed: 100% ▕██████████████████▏   31 B                         [K
pulling fa956ab37b8c: 100% ▕██████████████████▏   98 B                         [K
pulling 6331358be52a: 100% ▕██████████████████▏  483 B                         [K[?25h[?2026l[?2026h[?25l[A[A[A[A[A[1Gpulling manifest [K
pulling 2af3b81862c6: 100% ▕██████████████████▏ 637 MB                         [K
pulling af0ddbdaaa26: 100% ▕██████████████████▏   70 B                         [K
pulling c8472cd9daed: 100% ▕██████████████████▏   31 B                         [K
pulling fa956ab37b8c: 100% ▕██████████████████▏   98 B                         [K
pulling 6331358be52a: 100% ▕██████████████████▏  483 B                         [K[?25h[?2026l[?2026h[?25l[A[A[A[A[A[1Gpulling manifest [K
pulling 2af3b81862c6: 100% ▕██████████████████▏ 637 MB                         [K
pulling af0ddbdaaa26: 100% ▕██████████████████▏   70 B                         [K
pulling c8472cd9daed: 100% ▕██████████████████▏   31 B                         [K
pulling fa956ab37b8c: 100% ▕██████████████████▏   98 B                         [K
pulling 6331358be52a: 100% ▕██████████████████▏  483 B                         [K[?25h[?2026l[?2026h[?25l[A[A[A[A[A[1Gpulling manifest [K
pulling 2af3b81862c6: 100% ▕██████████████████▏ 637 MB                         [K
pulling af0ddbdaaa26: 100% ▕██████████████████▏   70 B                         [K
pulling c8472cd9daed: 100% ▕██████████████████▏   31 B                         [K
pulling fa956ab37b8c: 100% ▕██████████████████▏   98 B                         [K
pulling 6331358be52a: 100% ▕██████████████████▏  483 B                         [K[?25h[?2026l[?2026h[?25l[A[A[A[A[A[1Gpulling manifest [K
pulling 2af3b81862c6: 100% ▕██████████████████▏ 637 MB                         [K
pulling af0ddbdaaa26: 100% ▕██████████████████▏   70 B                         [K
pulling c8472cd9daed: 100% ▕██████████████████▏   31 B                         [K
pulling fa956ab37b8c: 100% ▕██████████████████▏   98 B                         [K
pulling 6331358be52a: 100% ▕██████████████████▏  483 B                         [K[?25h[?2026l[?2026h[?25l[A[A[A[A[A[1Gpulling manifest [K
pulling 2af3b81862c6: 100% ▕██████████████████▏ 637 MB                         [K
pulling af0ddbdaaa26: 100% ▕██████████████████▏   70 B                         [K
pulling c8472cd9daed: 100% ▕██████████████████▏   31 B                         [K
pulling fa956ab37b8c: 100% ▕██████████████████▏   98 B                         [K
pulling 6331358be52a: 100% ▕██████████████████▏  483 B                         [K[?25h[?2026l[?2026h[?25l[A[A[A[A[A[1Gpulling manifest [K
pulling 2af3b81862c6: 100% ▕██████████████████▏ 637 MB                         [K
pulling af0ddbdaaa26: 100% ▕██████████████████▏   70 B                         [K
pulling c8472cd9daed: 100% ▕██████████████████▏   31 B                         [K
pulling fa956ab37b8c: 100% ▕██████████████████▏   98 B                         [K
pulling 6331358be52a: 100% ▕██████████████████▏  483 B                         [K
verifying sha256 digest ⠋ [K[?25h[?2026l[?2026h[?25l[A[A[A[A[A[A[1Gpulling manifest [K
pulling 2af3b81862c6: 100% ▕██████████████████▏ 637 MB                         [K
pulling af0ddbdaaa26: 100% ▕██████████████████▏   70 B                         [K
pulling c8472cd9daed: 100% ▕██████████████████▏   31 B                         [K
pulling fa956ab37b8c: 100% ▕██████████████████▏   98 B                         [K
pulling 6331358be52a: 100% ▕██████████████████▏  483 B                         [K
verifying sha256 digest ⠙ [K[?25h[?2026l[?2026h[?25l[A[A[A[A[A[A[1Gpulling manifest [K
pulling 2af3b81862c6: 100% ▕██████████████████▏ 637 MB                         [K
pulling af0ddbdaaa26: 100% ▕██████████████████▏   70 B                         [K
pulling c8472cd9daed: 100% ▕██████████████████▏   31 B                         [K
pulling fa956ab37b8c: 100% ▕██████████████████▏   98 B                         [K
pulling 6331358be52a: 100% ▕██████████████████▏  483 B                         [K
verifying sha256 digest ⠹ [K[?25h[?2026l[?2026h[?25l[A[A[A[A[A[A[1Gpulling manifest [K
pulling 2af3b81862c6: 100% ▕██████████████████▏ 637 MB                         [K
pulling af0ddbdaaa26: 100% ▕██████████████████▏   70 B                         [K
pulling c8472cd9daed: 100% ▕██████████████████▏   31 B                         [K
pulling fa956ab37b8c: 100% ▕██████████████████▏   98 B                         [K
pulling 6331358be52a: 100% ▕██████████████████▏  483 B                         [K
verifying sha256 digest ⠸ [K[?25h[?2026l[?2026h[?25l[A[A[A[A[A[A[1Gpulling manifest [K
pulling 2af3b81862c6: 100% ▕██████████████████▏ 637 MB                         [K
pulling af0ddbdaaa26: 100% ▕██████████████████▏   70 B                         [K
pulling c8472cd9daed: 100% ▕██████████████████▏   31 B                         [K
pulling fa956ab37b8c: 100% ▕██████████████████▏   98 B                         [K
pulling 6331358be52a: 100% ▕██████████████████▏  483 B                         [K
verifying sha256 digest ⠼ [K[?25h[?2026l[?2026h[?25l[A[A[A[A[A[A[1Gpulling manifest [K
pulling 2af3b81862c6: 100% ▕██████████████████▏ 637 MB                         [K
pulling af0ddbdaaa26: 100% ▕██████████████████▏   70 B                         [K
pulling c8472cd9daed: 100% ▕██████████████████▏   31 B                         [K
pulling fa956ab37b8c: 100% ▕██████████████████▏   98 B                         [K
pulling 6331358be52a: 100% ▕██████████████████▏  483 B                         [K
verifying sha256 digest ⠴ [K[?25h[?2026l[?2026h[?25l[A[A[A[A[A[A[1Gpulling manifest [K
pulling 2af3b81862c6: 100% ▕██████████████████▏ 637 MB                         [K
pulling af0ddbdaaa26: 100% ▕██████████████████▏   70 B                         [K
pulling c8472cd9daed: 100% ▕██████████████████▏   31 B                         [K
pulling fa956ab37b8c: 100% ▕██████████████████▏   98 B                         [K
pulling 6331358be52a: 100% ▕██████████████████▏  483 B                         [K
verifying sha256 digest ⠦ [K[?25h[?2026l[?2026h[?25l[A[A[A[A[A[A[1Gpulling manifest [K
pulling 2af3b81862c6: 100% ▕██████████████████▏ 637 MB                         [K
pulling af0ddbdaaa26: 100% ▕██████████████████▏   70 B                         [K
pulling c8472cd9daed: 100% ▕██████████████████▏   31 B                         [K
pulling fa956ab37b8c: 100% ▕██████████████████▏   98 B                         [K
pulling 6331358be52a: 100% ▕██████████████████▏  483 B                         [K
verifying sha256 digest ⠧ [K[?25h[?2026l[?2026h[?25l[A[A[A[A[A[A[1Gpulling manifest [K
pulling 2af3b81862c6: 100% ▕██████████████████▏ 637 MB                         [K
pulling af0ddbdaaa26: 100% ▕██████████████████▏   70 B                         [K
pulling c8472cd9daed: 100% ▕██████████████████▏   31 B                         [K
pulling fa956ab37b8c: 100% ▕██████████████████▏   98 B                         [K
pulling 6331358be52a: 100% ▕██████████████████▏  483 B                         [K
verifying sha256 digest ⠇ [K[?25h[?2026l[?2026h[?25l[A[A[A[A[A[A[1Gpulling manifest [K
pulling 2af3b81862c6: 100% ▕██████████████████▏ 637 MB                         [K
pulling af0ddbdaaa26: 100% ▕██████████████████▏   70 B                         [K
pulling c8472cd9daed: 100% ▕██████████████████▏   31 B                         [K
pulling fa956ab37b8c: 100% ▕██████████████████▏   98 B                         [K
pulling 6331358be52a: 100% ▕██████████████████▏  483 B                         [K
verifying sha256 digest ⠏ [K[?25h[?2026l[?2026h[?25l[A[A[A[A[A[A[1Gpulling manifest [K
pulling 2af3b81862c6: 100% ▕██████████████████▏ 637 MB                         [K
pulling af0ddbdaaa26: 100% ▕██████████████████▏   70 B                         [K
pulling c8472cd9daed: 100% ▕██████████████████▏   31 B                         [K
pulling fa956ab37b8c: 100% ▕██████████████████▏   98 B                         [K
pulling 6331358be52a: 100% ▕██████████████████▏  483 B                         [K
verifying sha256 digest [K
writing manifest [K
success [K[?25h[?2026l
[?2026h[?25l[1G⠙ [K[?25h[?2026l[?2026h[?25l[1G⠙ [K[?25h[?2026l[?2026h[?25l[1G⠸ [K[?25h[?2026l[?2026h[?25l[1G⠼ [K[?25h[?2026l[?2026h[?25l[1G⠼ [K[?25h[?2026l[?2026h[?25l[1G⠦ [K[?25h[?2026l[?2026h[?25l[1G⠦ [K[?25h[?2026l[?25l[?2026h[?25l[1G[K[?25h[?2026l[2K[1G[?25hHi[?25l[?25h there[?25l[?25h![?25l[?25h I[?25l[?25h hope[?25l[?25h you[?25l[?25h'[?25l[?25hre[?25l[?25h having[?25l[?25h a[?25l[?25h great[?25l[?25h day[?25l[?25h.[?25l[?25h How[?25l[?25h can[?25l[?25h I[?25l[?25h be[?25l[?25h of[?25l[?25h help[?25l[?25h to[?25l[?25h you[?25l[?25h tod[3D[K
today[?25l[?25h?[?25l[?25h Please[?25l[?25h let[?25l[?25h me[?25l[?25h know[?25l[?25h if[?25l[?25h there[?25l[?25h'[?25l[?25hs[?25l[?25h anything[?25l[?25h specific[?25l[?25h you[?25l[?25h'[?25l[?25hd[?25l[?25h like[?25l[?25h me[?25l[?25h to[?25l[?25h ass[3D[K
assist[?25l[?25h you[?25l[?25h with[?25l[?25h or[?25l[?25h any[?25l[?25h particular[?25l[?25h areas[?25l[?25h of[?25l[?25h your[?25l[?25h life[?25l[?25h that[?25l[?25h you[?25l[?25h feel[?25l[?25h need[?25l[?25h a[?25l[?25h l[1D[K
little[?25l[?25h attention[?25l[?25h.[?25l[?25h My[?25l[?25h goal[?25l[?25h is[?25l[?25h to[?25l[?25h provide[?25l[?25h you[?25l[?25h with[?25l[?25h the[?25l[?25h best[?25l[?25h possible[?25l[?25h support[?25l[?25h [K
and[?25l[?25h guidance[?25l[?25h,[?25l[?25h so[?25l[?25h please[?25l[?25h don[?25l[?25h'[?25l[?25ht[?25l[?25h hes[?25l[?25hitate[?25l[?25h to[?25l[?25h share[?25l[?25h your[?25l[?25h thoughts[?25l[?25h and[?25l[?25h ideas[?25l[?25h wit[3D[K
with[?25l[?25h me[?25l[?25h.[?25l[?25h Let[?25l[?25h'[?25l[?25hs[?25l[?25h get[?25l[?25h started[?25l[?25h![?25l[?25h

[?25l[?25h[?25l[?2026h[?25l[1G[K[?25h[?2026l[2K[1G[?25hHi[?25l[?25h![?25l[?25h My[?25l[?25h name[?25l[?25h is[?25l[?25h Sarah[?25l[?25h,[?25l[?25h and[?25l[?25h I[?25l[?25h'[?25l[?25hm[?25l[?25h glad[?25l[?25h to[?25l[?25h hear[?25l[?25h that[?25l[?25h you[?25l[?25h enjoyed[?25l[?25h my[?25l[?25h post[?25l[?25h.[?25l[?25h If[?25l[?25h you[?25l[?25h[3D[K
you have[?25l[?25h any[?25l[?25h feedback[?25l[?25h or[?25l[?25h suggestions[?25l[?25h for[?25l[?25h future[?25l[?25h articles[?25l[?25h,[?25l[?25h please[?25l[?25h feel[?25l[?25h free[?25l[?25h [K
to[?25l[?25h let[?25l[?25h me[?25l[?25h know[?25l[?25h.[?25l[?25h Additionally[?25l[?25h,[?25l[?25h if[?25l[?25h you[?25l[?25h have[?25l[?25h any[?25l[?25h questions[?25l[?25h or[?25l[?25h needs[?25l[?25h,[?25l[?25h please[?25l[?25h do[2D[K
don[?25l[?25h'[?25l[?25ht[?25l[?25h hes[?25l[?25hitate[?25l[?25h to[?25l[?25h ask[?25l[?25h.[?25l[?25h Thank[?25l[?25h you[?25l[?25h again[?25l[?25h for[?25l[?25h your[?25l[?25h support[?25l[?25h,[?25l[?25h and[?25l[?25h keep[?25l[?25h reading[?25l[?25h![?25l[?25h [K
Best[?25l[?25h regards[?25l[?25h,[?25l[?25h
[?25l[?25hS[?25l[?25har[?25l[?25hah[?25l[?25h

[?25l[?25h[?25l[?2026h[?25l[1G[K[?25h[?2026l[2K[1G[?25hHi[?25l[?25h there[?25l[?25h![?25l[?25h I[?25l[?25h'[?25l[?25hm[?25l[?25h glad[?25l[?25h to[?25l[?25h hear[?25l[?25h that[?25l[?25h you[?25l[?25h liked[?25l[?25h my[?25l[?25h first[?25l[?25h piece[?25l[?25h of[?25l[?25h content[?25l[?25h for[?25l[?25h you[3D[K
your[?25l[?25h news[?25l[?25hletter[?25l[?25h.[?25l[?25h Here[?25l[?25h'[?25l[?25hs[?25l[?25h another[?25l[?25h one[?25l[?25h,[?25l[?25h just[?25l[?25h for[?25l[?25h fun[?25l[?25h:[?25l[?25h
[?25l[?25h
[?25l[?25hare[?25l[?25h you[?25l[?25h an[?25l[?25h av[?25l[?25hid[?25l[?25h coffee[?25l[?25h drink[?25l[?25her[?25l[?25h?[?25l[?25h do[?25l[?25h you[?25l[?25h love[?25l[?25h the[?25l[?25h c[?25l[?25haff[?25l[?25he[?25l[?25hine[?25l[?25h r[?25l[?25hush[?25l[?25h it[?25l[?25h provides[?25l[?25h,[?25l[?25h [K
but[?25l[?25h find[?25l[?25h yourself[?25l[?25h constantly[?25l[?25h t[?25l[?25happing[?25l[?25h your[?25l[?25h fingers[?25l[?25h on[?25l[?25h a[?25l[?25h keyboard[?25l[?25h at[?25l[?25h the[?25l[?25h same[?25l[?25h[4D[K
same time[?25l[?25h?[?25l[?25h if[?25l[?25h so[?25l[?25h,[?25l[?25h maybe[?25l[?25h you[?25l[?25h could[?25l[?25h be[?25l[?25h the[?25l[?25h next[?25l[?25h expert[?25l[?25h bre[?25l[?25hwer[?25l[?25h of[?25l[?25h coffee[?25l[?25h at[?25l[?25h ou[2D[K
our[?25l[?25h local[?25l[?25h coffee[?25l[?25h shop[?25l[?25h.[?25l[?25h
[?25l[?25h
[?25l[?25hour[?25l[?25h coffee[?25l[?25h shop[?25l[?25h is[?25l[?25h always[?25l[?25h in[?25l[?25h need[?25l[?25h of[?25l[?25h experienced[?25l[?25h bar[?25l[?25histas[?25l[?25h to[?25l[?25h help[?25l[?25h ensure[?25l[?25h th[2D[K
that[?25l[?25h their[?25l[?25h customers[?25l[?25h'[?25l[?25h cup[?25l[?25h o[?25l[?25h'[?25l[?25h jo[?25l[?25he[?25l[?25h gets[?25l[?25h bre[?25l[?25hwed[?25l[?25h perfectly[?25l[?25h every[?25l[?25h time[?25l[?25h.[?25l[?25h not[?25l[?25h only[?25l[?25h[4D[K
only do[?25l[?25h we[?25l[?25h offer[?25l[?25h del[?25l[?25hicious[?25l[?25h coffee[?25l[?25h options[?25l[?25h,[?25l[?25h but[?25l[?25h we[?25l[?25h also[?25l[?25h provide[?25l[?25h great[?25l[?25h custom[6D[K
customer[?25l[?25h service[?25l[?25h and[?25l[?25h friendly[?25l[?25h interactions[?25l[?25h with[?25l[?25h everyone[?25l[?25h who[?25l[?25h wal[?25l[?25hks[?25l[?25h through[?25l[?25h [K
the[?25l[?25h door[?25l[?25h.[?25l[?25h
[?25l[?25h
[?25l[?25hif[?25l[?25h you[?25l[?25h'[?25l[?25hre[?25l[?25h interested[?25l[?25h in[?25l[?25h becoming[?25l[?25h a[?25l[?25h part[?25l[?25h of[?25l[?25h our[?25l[?25h team[?25l[?25h,[?25l[?25h here[?25l[?25h are[?25l[?25h some[?25l[?25h qual[?25l[?25hitie[8D[K
qualities[?25l[?25h and[?25l[?25h skills[?25l[?25h that[?25l[?25h we[?25l[?25h value[?25l[?25h:[?25l[?25h
[?25l[?25h
[?25l[?25h1[?25l[?25h.[?25l[?25h Exception[?25l[?25hal[?25l[?25h communication[?25l[?25h skills[?25l[?25h:[?25l[?25h we[?25l[?25h need[?25l[?25h someone[?25l[?25h who[?25l[?25h can[?25l[?25h communicate[?25l[?25h cl[2D[K
clearly[?25l[?25h and[?25l[?25h effectively[?25l[?25h with[?25l[?25h customers[?25l[?25h,[?25l[?25h staff[?25l[?25h,[?25l[?25h and[?25l[?25h other[?25l[?25h employees[?25l[?25h.[?25l[?25h
[?25l[?25h
[?25l[?25h2[?25l[?25h.[?25l[?25h Exper[?25l[?25hience[?25l[?25h with[?25l[?25h high[?25l[?25h-[?25l[?25hvolume[?25l[?25h bre[?25l[?25hwing[?25l[?25h systems[?25l[?25h:[?25l[?25h while[?25l[?25h coffee[?25l[?25h machines[?25l[?25h can[?25l[?25h b[1D[K
be[?25l[?25h fun[?25l[?25h to[?25l[?25h use[?25l[?25h,[?25l[?25h they[?25l[?25h'[?25l[?25hre[?25l[?25h certainly[?25l[?25h not[?25l[?25h for[?25l[?25h everyone[?25l[?25h,[?25l[?25h and[?25l[?25h if[?25l[?25h you[?25l[?25h'[?25l[?25hre[?25l[?25h looking[?25l[?25h fo[2D[K
for[?25l[?25h a[?25l[?25h challeng[?25l[?25hing[?25l[?25h and[?25l[?25h reward[?25l[?25hing[?25l[?25h job[?25l[?25h,[?25l[?25h this[?25l[?25h could[?25l[?25h be[?25l[?25h the[?25l[?25h right[?25l[?25h place[?25l[?25h for[?25l[?25h you[?25l[?25h.[?25l[?25h[4D[K
you.
[?25l[?25h
[?25l[?25h3[?25l[?25h.[?25l[?25h A[?25l[?25h passion[?25l[?25h for[?25l[?25h coffee[?25l[?25h:[?25l[?25h whether[?25l[?25h it[?25l[?25h'[?25l[?25hs[?25l[?25h learning[?25l[?25h about[?25l[?25h different[?25l[?25h coffee[?25l[?25h bre[?25l[?25hw[?25l[?25h [K
methods[?25l[?25h or[?25l[?25h how[?25l[?25h to[?25l[?25h choose[?25l[?25h the[?25l[?25h perfect[?25l[?25h cup[?25l[?25h of[?25l[?25h coffee[?25l[?25h,[?25l[?25h we[?25l[?25h think[?25l[?25h you[?25l[?25h'[?25l[?25hll[?25l[?25h love[?25l[?25h th[2D[K
the[?25l[?25h opportunity[?25l[?25h to[?25l[?25h work[?25l[?25h with[?25l[?25h such[?25l[?25h a[?25l[?25h del[?25l[?25hicious[?25l[?25h drink[?25l[?25h.[?25l[?25h
[?25l[?25h
[?25l[?25h4[?25l[?25h.[?25l[?25h A[?25l[?25h positive[?25l[?25h attitude[?25l[?25h and[?25l[?25h willing[?25l[?25hness[?25l[?25h to[?25l[?25h learn[?25l[?25h new[?25l[?25h things[?25l[?25h:[?25l[?25h we[?25l[?25h'[?25l[?25hre[?25l[?25h a[?25l[?25h friendl[7D[K
friendly[?25l[?25h and[?25l[?25h wel[?25l[?25hcoming[?25l[?25h team[?25l[?25h,[?25l[?25h so[?25l[?25h if[?25l[?25h you[?25l[?25h'[?25l[?25hre[?25l[?25h looking[?25l[?25h for[?25l[?25h a[?25l[?25h job[?25l[?25h where[?25l[?25h you[?25l[?25h can[?25l[?25h m[1D[K
make[?25l[?25h friends[?25l[?25h while[?25l[?25h helping[?25l[?25h them[?25l[?25h enjoy[?25l[?25h something[?25l[?25h great[?25l[?25h,[?25l[?25h we[?25l[?25h'[?25l[?25hd[?25l[?25h love[?25l[?25h to[?25l[?25h have[?25l[?25h yo[2D[K
you[?25l[?25h on[?25l[?25h board[?25l[?25h![?25l[?25h
[?25l[?25h
[?25l[?25hif[?25l[?25h you[?25l[?25h think[?25l[?25h that[?25l[?25h coffee[?25l[?25h shop[?25l[?25h work[?25l[?25h could[?25l[?25h be[?25l[?25h the[?25l[?25h perfect[?25l[?25h place[?25l[?25h for[?25l[?25h you[?25l[?25h,[?25l[?25h we[?25l[?25h e[1D[K
encou[?25l[?25hrage[?25l[?25h you[?25l[?25h to[?25l[?25h keep[?25l[?25h reading[?25l[?25h.[?25l[?25h We[?25l[?25h will[?25l[?25h be[?25l[?25h in[?25l[?25h touch[?25l[?25h soon[?25l[?25h and[?25l[?25h can[?25l[?25h provide[?25l[?25h mor[3D[K
more[?25l[?25h information[?25l[?25h about[?25l[?25h our[?25l[?25h coffee[?25l[?25h shop[?25l[?25h and[?25l[?25h team[?25l[?25h.[?25l[?25h
[?25l[?25h
[?25l[?25hwe[?25l[?25h hope[?25l[?25h to[?25l[?25h hear[?25l[?25h from[?25l[?25h you[?25l[?25h soon[?25l[?25h and[?25l[?25h see[?25l[?25h you[?25l[?25h at[?25l[?25h your[?25l[?25h next[?25l[?25h visit[?25l[?25h to[?25l[?25h our[?25l[?25h bel[?25l[?25hoved[?25l[?25h[7D[K
beloved local[?25l[?25h coffee[?25l[?25h shop[?25l[?25h![?25l[?25h
[?25l[?25h
[?25l[?25hth[?25l[?25hank[?25l[?25h you[?25l[?25h so[?25l[?25h much[?25l[?25h for[?25l[?25h your[?25l[?25h time[?25l[?25h and[?25l[?25h consideration[?25l[?25h.[?25l[?25h
[?25l[?25h
[?25l[?25hthe[?25l[?25h coffee[?25l[?25h exper[?25l[?25hts[?25l[?25h here[?25l[?25h at[?25l[?25h [[?25l[?25hinsert[?25l[?25h name[?25l[?25h of[?25l[?25h coffee[?25l[?25h shop[?25l[?25h].[?25l[?25h

[?25l[?25h[?25l[?2026h[?25l[1G[K[?25h[?2026l[2K[1G[?25hSubject[?25l[?25h:[?25l[?25h A[?25l[?25hI[?25l[?25h Ass[?25l[?25histant[?25l[?25h:[?25l[?25h What[?25l[?25h'[?25l[?25hs[?25l[?25h Up[?25l[?25h?[?25l[?25h
[?25l[?25h
[?25l[?25hH[?25l[?25hey[?25l[?25h,[?25l[?25h how[?25l[?25h have[?25l[?25h you[?25l[?25h been[?25l[?25h?[?25l[?25h I[?25l[?25h hope[?25l[?25h you[?25l[?25h had[?25l[?25h a[?25l[?25h great[?25l[?25h week[?25l[?25hend[?25l[?25h and[?25l[?25h that[?25l[?25h things[?25l[?25h are[?25l[?25h going[?25l[?25h well[?25l[?25h for[?25l[?25h you[?25l[?25h.[?25l[?25h Is[?25l[?25h there[?25l[?25h anything[?25l[?25h in[?25l[?25h particular[?25l[?25h that[?25l[?25h you[?25l[?25h would[?25l[?25h like[?25l[?25h to[?25l[?25h ask[?25l[?25h about[?25l[?25h?[?25l[?25h You[?25l[?25h can[?25l[?25h share[?25l[?25h your[?25l[?25h thoughts[?25l[?25h and[?25l[?25h feelings[?25l[?25h freely[?25l[?25h with[?25l[?25h me[?25l[?25h.[?25l[?25h [?25l[?25h😊[?25l[?25h Don[?25l[?25h'[?25l[?25ht[?25l[?25h be[?25l[?25h sh[?25l[?25hy[?25l[?25h![?25l[?25h
[?25l[?25h
[?25l[?25hHave[?25l[?25h you[?25l[?25h been[?25l[?25h feeling[?25l[?25h str[?25l[?25hessed[?25l[?25h l[?25l[?25hately[?25l[?25h?[?25l[?25h Do[?25l[?25h you[?25l[?25h feel[?25l[?25h like[?25l[?25h the[?25l[?25h world[?25l[?25h is[?25l[?25h always[?25l[?25h in[?25l[?25h a[?25l[?25h state[?25l[?25h of[?25l[?25h cha[?25l[?25hos[?25l[?25h or[?25l[?25h over[?25l[?25hload[?25l[?25h?[?25l[?25h Well[?25l[?25h,[?25l[?25h I[?25l[?25h have[?25l[?25h good[?25l[?25h news[?25l[?25h for[?25l[?25h you[?25l[?25h.[?25l[?25h A[?25l[?25hI[?25l[?25h has[?25l[?25h developed[?25l[?25h an[?25l[?25h innov[?25l[?25hative[?25l[?25h new[?25l[?25h tool[?25l[?25h that[?25l[?25h can[?25l[?25h help[?25l[?25h you[?25l[?25h find[?25l[?25h peace[?25l[?25h and[?25l[?25h tran[?25l[?25hqu[?25l[?25hility[?25l[?25h amid[?25l[?25hst[?25l[?25h all[?25l[?25h the[?25l[?25h cha[?25l[?25hos[?25l[?25h.[?25l[?25h [?25l[?25h🌸[?25l[?25h
[?25l[?25h
[?25l[?25hThis[?25l[?25h A[?25l[?25hI[?25l[?25h assistant[?25l[?25h is[?25l[?25h designed[?25l[?25h to[?25l[?25h analyze[?25l[?25h your[?25l[?25h m[?25l[?25hood[?25l[?25h,[?25l[?25h patterns[?25l[?25h of[?25l[?25h thought[?25l[?25h,[?25l[?25h and[?25l[?25h daily[?25l[?25h hab[?25l[?25hits[?25l[?25h.[?25l[?25h It[?25l[?25h will[?25l[?25h provide[?25l[?25h a[?25l[?25h personal[?25l[?25hized[?25l[?25h plan[?25l[?25h that[?25l[?25h will[?25l[?25h help[?25l[?25h you[?25l[?25h achieve[?25l[?25h calm[?25l[?25hness[?25l[?25h,[?25l[?25h relax[?25l[?25hation[?25l[?25h,[?25l[?25h and[?25l[?25h mind[?25l[?25hful[?25l[?25hness[?25l[?25h.[?25l[?25h You[?25l[?25h'[?25l[?25hll[?25l[?25h be[?25l[?25h able[?25l[?25h to[?25l[?25h listen[?25l[?25h to[?25l[?25h music[?25l[?25h,[?25l[?25h watch[?25l[?25h so[?25l[?25hothing[?25l[?25h videos[?25l[?25h,[?25l[?25h or[?25l[?25h eng[?25l[?25hage[?25l[?25h in[?25l[?25h med[?25l[?25hitation[?25l[?25h sessions[?25l[?25h with[?25l[?25h the[?25l[?25h A[?25l[?25hI[?25l[?25h.[?25l[?25h [?25l[?25h💁[?25l[?25h‍[?25l[?25h♀[?25l[?25h️[?25l[?25h
[?25l[?25h
[?25l[?25hBut[?25l[?25h what[?25l[?25h if[?25l[?25h you[?25l[?25h prefer[?25l[?25h a[?25l[?25h more[?25l[?25h int[?25l[?25hensive[?25l[?25h approach[?25l[?25h?[?25l[?25h Maybe[?25l[?25h you[?25l[?25h'[?25l[?25hre[?25l[?25h ready[?25l[?25h for[?25l[?25h some[?25l[?25h serious[?25l[?25h self[?25l[?25h-[?25l[?25him[?25l[?25hprov[?25l[?25hement[?25l[?25h and[?25l[?25h want[?25l[?25h someone[?25l[?25h to[?25l[?25h push[?25l[?25h you[?25l[?25h towards[?25l[?25h excell[?25l[?25hence[?25l[?25h?[?25l[?25h Well[?25l[?25h,[?25l[?25h that[?25l[?25h'[?25l[?25hs[?25l[?25h where[?25l[?25h this[?25l[?25h A[?25l[?25hI[?25l[?25h assistant[?25l[?25h sh[?25l[?25hines[?25l[?25h.[?25l[?25h It[?25l[?25h provides[?25l[?25h personal[?25l[?25hized[?25l[?25h co[?25l[?25haching[?25l[?25h sessions[?25l[?25h on[?25l[?25h the[?25l[?25h most[?25l[?25h effective[?25l[?25h ways[?25l[?25h to[?25l[?25h achieve[?25l[?25h your[?25l[?25h goals[?25l[?25h.[?25l[?25h [?25l[?25h🌲[?25l[?25h
[?25l[?25h
[?25l[?25hIf[?25l[?25h you[?25l[?25h'[?25l[?25hd[?25l[?25h like[?25l[?25h to[?25l[?25h know[?25l[?25h more[?25l[?25h about[?25l[?25h how[?25l[?25h this[?25l[?25h A[?25l[?25hI[?25l[?25h assistant[?25l[?25h can[?25l[?25h help[?25l[?25h you[?25l[?25h,[?25l[?25h simply[?25l[?25h schedule[?25l[?25h a[?25l[?25h free[?25l[?25h consult[?25l[?25hation[?25l[?25h with[?25l[?25h me[?25l[?25h today[?25l[?25h.[?25l[?25h We[?25l[?25h will[?25l[?25h discuss[?25l[?25h your[?25l[?25h needs[?25l[?25h and[?25l[?25h create[?25l[?25h a[?25l[?25h tail[?25l[?25hored[?25l[?25h plan[?25l[?25h to[?25l[?25h achieve[?25l[?25h your[?25l[?25h desired[?25l[?25h results[?25l[?25h.[?25l[?25h [?25l[?25h✨[?25l[?25h
[?25l[?25h
[?25l[?25hI[?25l[?25h believe[?25l[?25h that[?25l[?25h technology[?25l[?25h is[?25l[?25h the[?25l[?25h key[?25l[?25h to[?25l[?25h un[?25l[?25hlock[?25l[?25hing[?25l[?25h our[?25l[?25h full[?25l[?25h potential[?25l[?25h.[?25l[?25h Let[?25l[?25h'[?25l[?25hs[?25l[?25h connect[?25l[?25h and[?25l[?25h learn[?25l[?25h from[?25l[?25h one[?25l[?25h another[?25l[?25h![?25l[?25h [?25l[?25h🤓[?25l[?25h

[?25l[?25h[?25l[?2026h[?25l[1G[K[?25h[?2026l[2K[1G[?25hH[?25l[?25hey[?25l[?25h![?25l[?25h You[?25l[?25h'[?25l[?25hre[?25l[?25h very[?25l[?25h welcome[?25l[?25h,[?25l[?25h glad[?25l[?25h to[?25l[?25h hear[?25l[?25h you[?25l[?25h like[?25l[?25h my[?25l[?25h article[?25l[?25h on[?25l[?25h the[?25l[?25h latest[?25l[?25h A[?25l[?25hI[?25l[?25h news[?25l[?25h.[?25l[?25h Thank[?25l[?25h you[?25l[?25h for[?25l[?25h your[?25l[?25h feedback[?25l[?25h and[?25l[?25h suggestion[?25l[?25h.[?25l[?25h
[?25l[?25h
[?25l[?25hIf[?25l[?25h you[?25l[?25h have[?25l[?25h any[?25l[?25h additional[?25l[?25h questions[?25l[?25h or[?25l[?25h comments[?25l[?25h,[?25l[?25h feel[?25l[?25h free[?25l[?25h to[?25l[?25h let[?25l[?25h me[?25l[?25h know[?25l[?25h.[?25l[?25h I[?25l[?25h'[?25l[?25hd[?25l[?25h love[?25l[?25h to[?25l[?25h hear[?25l[?25h from[?25l[?25h you[?25l[?25h![?25l[?25h

[?25l[?25h